Date,AMDewptCalPl,CompPlFcst,PlainsFcst,SynForcng,AMInstabMt,AreaMoDryAir,CldShadeOth,AMInsWliScen,CurPropConv,MidLLapse,LatestCIN,ScenRelAMIns,N0_7muVerMo,MountainFcst,SatContMoist,MorningCIN,WindAloft,VISCloudCov,AMCINInScen,MvmtFeatures,CombMoisture,ScenRel3_4,N34StarFcst,QGVertMotion,RHRatio,OutflowFrMt,CldShadeConv,IRCloudCover,CapInScen,CombClouds,CapChange,MeanRH,WndHodograph,InsChange,InsInMt,LLIW,ScenRelAMCIN,LoLevMoistAd,LowLLapse,AreaMeso_ALS,RaoContMoist,LIfr12ZDENSd,CombVerMo,WindFieldMt,InsSclInScen,R5Fcst,MorningBound,WindFieldPln,ScnRelPlFcst,TempDis,Dewpoints,Boundaries,SubjVertMo,Scenario,SfcWndShfDis
Jun15_Jul1,Neutral,LittleChange,XNIL,PosToNeg,Weak,Neutral,PC,Average,Slight,Steep,PartInhibit,ABI,WeakUp,XNIL,Wet,PartInhibit,NWQuad,PC,LessThanAve,NoMajor,Wet,B,XNIL,Neutral,DryMMoistL,Weak,Some,PC,LessThanAve,PC,LittleChange,Average,DCVZFavor,Decreasing,Strong,Weak,AB,WeakPos,ModerateOrLe,Neutral,Wet,N1GtLIGt_4,Neutral,LVorOther,Average,XNIL,Weak,LV,B,None,HighEvrywher,Strong,Neutral,B,DenvCyclone
Jun15_Jul1,Instability,DecCapIncIns,SIG,PosToNeg,Weak,VeryWet,Cloudy,LessUnstable,None,Steep,PartInhibit,ABI,WeakUp,SIG,Wet,PartInhibit,NWQuad,PC,LessThanAve,NoMajor,Wet,B,SIG,WeakUp,DryMMoistL,None,None,PC,LessThanAve,Cloudy,Decreasing,Average,StrongWest,LittleChange,Weak,Weak,AB,WeakPos,Stable,WeakUp,Wet,N1GtLIGt_4,WeakUp,LVorOther,LessUnstable,SIG,Weak,LV,B,None,HighEvrywher,Strong,WeakUp,B,MovingFtorOt
Jun15_Jul1,Neutral,IncCapDecIns,XNIL,PosToNeg,None,VeryWet,PC,LessUnstable,None,Steep,PartInhibit,ABI,StrongUp,XNIL,Wet,PartInhibit,LV,PC,LessThanAve,OtherRapid,Wet,B,XNIL,Neutral,DryMMoistL,None,None,PC,MoreThanAve,PC,Increasing,Average,StrongWest,Increasing,None,Weak,AB,WeakPos,ModerateOrLe,WeakUp,Wet,N1GtLIGt_4,WeakUp,LVorOther,MoreUnstable,XNIL,Weak,LV,B,None,HighEvrywher,Weak,WeakUp,B,DenvCyclone
Jun15_Jul1,Instability,LittleChange,XNIL,NegToPos,Weak,VeryWet,Cloudy,Average,Moderate,Steep,None,ABI,WeakUp,XNIL,Wet,PartInhibit,AllElse,PC,LessThanAve,NoMajor,Wet,B,XNIL,WeakUp,DryMMoistL,None,None,PC,LessThanAve,Cloudy,LittleChange,Average,StrongWest,Decreasing,Weak,Weak,AB,WeakPos,ModerateOrLe,WeakUp,Wet,N1GtLIGt_4,WeakUp,LVorOther,LessUnstable,XNIL,Weak,SEQuad,B,None,HighEvrywher,Weak,WeakUp,B,DenvCyclone
Jun15_Jul1,Neutral,DecCapIncIns,XNIL,NegToPos,Weak,VeryWet,PC,LessUnstable,Slight,Steep,PartInhibit,ABI,WeakUp,XNIL,Wet,PartInhibit,AllElse,PC,LessThanAve,NoMajor,Wet,B,XNIL,Neutral,DryMMoistL,Strong,Marked,PC,LessThanAve,PC,Decreasing,Average,StrongWest,LittleChange,Strong,Weak,AB,WeakPos,ModerateOrLe,WeakUp,Wet,N1GtLIGt_4,WeakUp,LVorOther,LessUnstable,XNIL,Weak,DenvCyclone,B,None,LowSHighN,Strong,WeakUp,B,DenvCyclone
May15_Jun14,Instability,LittleChange,XNIL,LittleChange,Weak,VeryWet,Cloudy,MoreUnstable,None,CloseToDryAd,PartInhibit,G,WeakUp,SIG,Wet,PartInhibit,SWQuad,PC,Average,NoMajor,Wet,GJ,XNIL,StrongUp,MoistMDryL,None,Some,PC,Average,Cloudy,LittleChange,Dry,DCVZFavor,LittleChange,Weak,Weak,CThruK,WeakPos,CloseToDryAd,WeakUp,Wet,N1GtLIGt_4,WeakUp,LVorOther,MoreUnstable,SIG,Weak,WidespdDnsl,G,Other,LowEvrywhere,Weak,WeakUp,G,None
Jun15_Jul1,Instability,LittleChange,SVR,PosToNeg,None,Wet,Cloudy,Average,Moderate,Steep,None,ABI,WeakUp,XNIL,Wet,PartInhibit,LV,PC,Average,NoMajor,VeryWet,B,SVR,WeakUp,DryMMoistL,None,None,PC,Average,Cloudy,LittleChange,Average,StrongWest,Decreasing,None,Weak,AB,WeakPos,Stable,WeakUp,VeryWet,N1GtLIGt_4,WeakUp,LVorOther,Average,SVR,Weak,DenvCyclone,B,None,HighEvrywher,Weak,Neutral,B,DenvCyclone
May15_Jun14,Instability,LittleChange,SVR,SigPositive,Weak,VeryWet,Cloudy,MoreUnstable,Slight,CloseToDryAd,PartInhibit,G,WeakUp,SIG,Wet,PartInhibit,NWQuad,PC,Average,NoMajor,Wet,GJ,SVR,WeakUp,MoistMDryL,None,None,PC,Average,Cloudy,LittleChange,Dry,StrongWest,LittleChange,Weak,Weak,CThruK,WeakPos,CloseToDryAd,WeakUp,Wet,N1GtLIGt_4,WeakUp,Westerly,MoreUnstable,SVR,Weak,WidespdDnsl,G,None,LowEvrywhere,Weak,StronUp,G,None
May15_Jun14,Neutral,LittleChange,XNIL,LittleChange,Weak,VeryWet,Cloudy,Average,Slight,CloseToDryAd,PartInhibit,G,WeakUp,SIG,Wet,PartInhibit,NWQuad,PC,LessThanAve,NoMajor,Wet,GJ,XNIL,Neutral,MoistMDryL,None,None,PC,LessThanAve,Cloudy,LittleChange,Dry,StrongWest,LittleChange,Weak,Weak,CThruK,WeakPos,CloseToDryAd,WeakUp,Wet,N1GtLIGt_4,WeakUp,Westerly,Average,SIG,Weak,WidespdDnsl,G,None,LowAtStation,Weak,WeakUp,G,None
May15_Jun14,Neutral,LittleChange,XNIL,LittleChange,Weak,VeryWet,Cloudy,Average,Slight,CloseToDryAd,PartInhibit,G,StrongUp,XNIL,Wet,PartInhibit,NWQuad,PC,Average,NoMajor,Wet,GJ,XNIL,WeakUp,MoistMDryL,Strong,None,PC,Average,Cloudy,LittleChange,Dry,StrongWest,Decreasing,Weak,Weak,CThruK,WeakPos,CloseToDryAd,StrongUp,Wet,N1GtLIGt_4,StrongUp,Westerly,Average,XNIL,None,WidespdDnsl,G,Other,LowEvrywhere,Weak,WeakUp,G,None
Jun15_Jul1,Neutral,LittleChange,XNIL,NegToPos,Weak,VeryWet,Cloudy,LessUnstable,None,Steep,PartInhibit,ABI,WeakUp,XNIL,Wet,PartInhibit,NWQuad,PC,LessThanAve,OtherRapid,Wet,B,XNIL,StrongUp,DryMMoistL,None,None,PC,LessThanAve,PC,LittleChange,Average,StrongWest,LittleChange,Weak,Weak,AB,WeakPos,ModerateOrLe,StrongUp,Wet,N1GtLIGt_4,StrongUp,LVorOther,LessUnstable,XNIL,None,SEQuad,B,None,HighEvrywher,None,StronUp,B,DenvCyclone
Jun15_Jul1,Neutral,LittleChange,SVR,LittleChange,Weak,Wet,Cloudy,MoreUnstable,Slight,CloseToDryAd,PartInhibit,CDEJ,WeakUp,XNIL,Neutral,PartInhibit,NWQuad,PC,Average,MarkedUpper,Neutral,ACEFK,SVR,Neutral,Other,None,None,PC,Average,Cloudy,LittleChange,Dry,DCVZFavor,Decreasing,Weak,Weak,CThruK,WeakPos,ModerateOrLe,WeakUp,Wet,N1GtLIGt_4,WeakUp,Westerly,Average,SVR,Weak,LongAnticyc,C,Other,LowEvrywhere,Weak,WeakUp,C,E_W_N
May15_Jun14,Neutral,LittleChange,SVR,NegToPos,Weak,Wet,Cloudy,Average,Slight,Steep,PartInhibit,ABI,WeakUp,XNIL,Wet,PartInhibit,AllElse,PC,LessThanAve,NoMajor,Neutral,B,SVR,WeakUp,DryMMoistL,None,None,PC,LessThanAve,Cloudy,LittleChange,Average,StrongWest,LittleChange,Weak,Weak,AB,WeakPos,ModerateOrLe,WeakUp,Neutral,N1GtLIGt_4,WeakUp,Westerly,Average,SVR,Weak,LV,B,Other,HighEvrywher,Weak,Neutral,B,DenvCyclone
May15_Jun14,Neutral,LittleChange,XNIL,PosToNeg,Weak,VeryWet,PC,Average,None,Steep,PartInhibit,ABI,WeakUp,SVR,Wet,PartInhibit,LV,PC,LessThanAve,NoMajor,Wet,B,XNIL,WeakUp,DryMMoistL,Strong,Some,PC,LessThanAve,PC,LittleChange,Average,StrongWest,LittleChange,Strong,Weak,AB,WeakPos,ModerateOrLe,WeakUp,Wet,N1GtLIGt_4,WeakUp,LVorOther,Average,SVR,Weak,LV,B,QStationary,HighEvrywher,Strong,WeakUp,B,DenvCyclone
May15_Jun14,Instability,IncCapDecIns,SVR,NegToPos,Weak,Wet,Cloudy,Average,Slight,Steep,PartInhibit,ABI,StrongUp,XNIL,Wet,PartInhibit,NWQuad,PC,LessThanAve,NoMajor,Wet,B,SVR,Neutral,DryMMoistL,None,None,PC,MoreThanAve,Cloudy,Increasing,Average,StrongWest,LittleChange,Weak,Weak,AB,WeakPos,ModerateOrLe,WeakUp,Wet,N1GtLIGt_4,WeakUp,LVorOther,Average,SVR,Weak,DenvCyclone,B,QStationary,HighEvrywher,Weak,WeakUp,B,DenvCyclone
Jun15_Jul1,Neutral,DecCapIncIns,SIG,NegToPos,Strong,VeryWet,Cloudy,LessUnstable,None,Steep,PartInhibit,ABI,StrongUp,SVR,Wet,PartInhibit,NWQuad,PC,LessThanAve,NoMajor,VeryWet,B,SIG,WeakUp,DryMMoistL,Weak,Some,PC,LessThanAve,PC,Decreasing,Average,DCVZFavor,LittleChange,Strong,Weak,AB,WeakPos,ModerateOrLe,StrongUp,VeryWet,N1GtLIGt_4,StrongUp,LVorOther,LessUnstable,SVR,Weak,DenvCyclone,B,None,HighEvrywher,Strong,WeakUp,B,DenvCyclone
May15_Jun14,Neutral,DecCapIncIns,XNIL,SigPositive,None,VeryWet,PC,Average,Moderate,CloseToDryAd,None,G,WeakUp,XNIL,Wet,PartInhibit,SWQuad,PC,Average,NoMajor,Wet,GJ,XNIL,WeakUp,MoistMDryL,None,None,PC,LessThanAve,PC,Decreasing,Dry,StrongWest,LittleChange,None,Weak,CThruK,WeakPos,CloseToDryAd,WeakUp,Wet,N1GtLIGt_4,WeakUp,LVorOther,Average,XNIL,Weak,WidespdDnsl,G,Other,LowEvrywhere,Weak,WeakUp,G,None
May15_Jun14,Neutral,LittleChange,XNIL,SigPositive,Weak,VeryWet,Cloudy,Average,Slight,CloseToDryAd,PartInhibit,G,StrongUp,XNIL,Wet,PartInhibit,SWQuad,PC,Average,NoMajor,Wet,GJ,XNIL,WeakUp,MoistMDryL,None,None,PC,Average,PC,LittleChange,Dry,StrongWest,LittleChange,Weak,Weak,CThruK,WeakPos,CloseToDryAd,StrongUp,Wet,N1GtLIGt_4,StrongUp,Westerly,Average,XNIL,Weak,WidespdDnsl,G,Other,LowEvrywhere,Weak,WeakUp,G,None
Jun15_Jul1,Neutral,IncCapDecIns,SVR,PosToNeg,None,Neutral,Cloudy,Average,None,Steep,PartInhibit,ABI,WeakUp,XNIL,Neutral,PartInhibit,NWQuad,PC,LessThanAve,NoMajor,Neutral,B,SVR,Neutral,DryMMoistL,None,None,PC,MoreThanAve,Cloudy,Increasing,Average,StrongWest,Increasing,None,Moderate,AB,WeakPos,ModerateOrLe,WeakUp,Wet,N1GtLIGt_4,WeakUp,LVorOther,MoreUnstable,SVR,None,DenvCyclone,B,None,HighEvrywher,Weak,WeakUp,B,DenvCyclone
Jun15_Jul1,Neutral,LittleChange,XNIL,PosToNeg,Weak,Wet,Cloudy,Average,None,Steep,PartInhibit,ABI,WeakUp,XNIL,Wet,PartInhibit,AllElse,PC,LessThanAve,OtherRapid,Neutral,B,XNIL,WeakUp,DryMMoistL,None,None,PC,LessThanAve,Cloudy,LittleChange,Average,StrongWest,Decreasing,Weak,Weak,AB,WeakPos,ModerateOrLe,WeakUp,Neutral,N1GtLIGt_4,WeakUp,Westerly,Average,XNIL,Weak,SEQuad,B,None,HighEvrywher,Weak,WeakUp,B,DenvCyclone
May15_Jun14,Neutral,LittleChange,SIG,PosToNeg,Weak,Wet,Cloudy,LessUnstable,None,Steep,PartInhibit,ABI,WeakUp,XNIL,Wet,PartInhibit,AllElse,PC,LessThanAve,NoMajor,Neutral,B,SIG,WeakUp,DryMMoistL,Weak,Some,PC,LessThanAve,Cloudy,LittleChange,Average,StrongWest,LittleChange,Weak,Weak,AB,WeakPos,ModerateOrLe,WeakUp,Neutral,N1GtLIGt_4,WeakUp,LVorOther,LessUnstable,SIG,Weak,DenvCyclone,B,None,LowSHighN,Weak,Neutral,B,MovingFtorOt
Jun15_Jul1,Instability,DecCapIncIns,SVR,NegToPos,Weak,Wet,PC,Average,Slight,Steep,PartInhibit,ABI,WeakUp,SVR,VeryWet,PartInhibit,AllElse,PC,LessThanAve,OtherRapid,Neutral,B,SVR,WeakUp,DryMMoistL,Weak,Some,PC,LessThanAve,PC,Decreasing,Average,DCVZFavor,LittleChange,Strong,Weak,AB,WeakPos,Stable,WeakUp,Wet,N1GtLIGt_4,WeakUp,LVorOther,Average,SVR,None,DenvCyclone,B,None,HighEvrywher,Weak,WeakUp,B,E_W_N
Jun15_Jul1,Neutral,IncCapDecIns,SIG,LittleChange,Weak,VeryWet,PC,MoreUnstable,Moderate,Steep,None,CDEJ,WeakUp,SVR,Wet,PartInhibit,NWQuad,PC,LessThanAve,NoMajor,Wet,ACEFK,SIG,WeakUp,MoistMDryL,Strong,Marked,PC,MoreThanAve,PC,Increasing,Average,StrongWest,LittleChange,Strong,Weak,CThruK,WeakPos,CloseToDryAd,WeakUp,Wet,N1GtLIGt_4,WeakUp,Westerly,MoreUnstable,SVR,Weak,LongAnticyc,C,None,LowEvrywhere,Strong,WeakUp,C,E_W_N
May15_Jun14,Instability,IncCapDecIns,XNIL,SigPositive,Weak,VeryWet,PC,MoreUnstable,Slight,CloseToDryAd,PartInhibit,G,WeakUp,SVR,Wet,PartInhibit,SWQuad,PC,LessThanAve,NoMajor,Wet,GJ,XNIL,WeakUp,MoistMDryL,Strong,Marked,Clear,MoreThanAve,Clear,Increasing,Dry,StrongWest,Increasing,Strong,Weak,CThruK,WeakPos,CloseToDryAd,WeakUp,Wet,N1GtLIGt_4,WeakUp,Westerly,MoreUnstable,SVR,Weak,WidespdDnsl,G,Other,LowEvrywhere,Strong,WeakUp,G,None
May15_Jun14,Neutral,LittleChange,SIG,LittleChange,Weak,VeryWet,Cloudy,Average,Moderate,CloseToDryAd,None,G,StrongUp,SIG,Wet,PartInhibit,SWQuad,PC,Average,NoMajor,Wet,GJ,SIG,WeakUp,MoistMDryL,None,None,PC,Average,Cloudy,LittleChange,Dry,DCVZFavor,LittleChange,Weak,Weak,CThruK,WeakPos,CloseToDryAd,StrongUp,Wet,N1GtLIGt_4,StrongUp,Westerly,Average,SIG,Weak,WidespdDnsl,G,Other,LowAtStation,Weak,WeakUp,G,None
May15_Jun14,Neutral,IncCapDecIns,XNIL,SigPositive,None,VeryWet,Cloudy,Average,None,CloseToDryAd,PartInhibit,G,WeakUp,XNIL,Wet,PartInhibit,NWQuad,PC,Average,NoMajor,Wet,GJ,XNIL,Neutral,MoistMDryL,None,None,PC,Average,Cloudy,Increasing,Dry,StrongWest,LittleChange,None,Weak,CThruK,WeakPos,CloseToDryAd,WeakUp,Wet,N1GtLIGt_4,WeakUp,Westerly,Average,XNIL,None,WidespdDnsl,G,Other,LowEvrywhere,Weak,WeakUp,G,None
Jun15_Jul1,Neutral,IncCapDecIns,SVR,PosToNeg,Weak,VeryWet,Cloudy,LessUnstable,Moderate,Steep,None,ABI,StrongUp,XNIL,Wet,PartInhibit,NWQuad,PC,LessThanAve,NoMajor,Wet,B,SVR,WeakUp,DryMMoistL,None,None,PC,MoreThanAve,Cloudy,Increasing,Average,StrongWest,Increasing,Weak,Weak,AB,WeakPos,ModerateOrLe,StrongUp,Wet,N1GtLIGt_4,StrongUp,Westerly,MoreUnstable,SVR,Weak,DenvCyclone,B,Other,HighEvrywher,Weak,StronUp,B,DenvCyclone
May15_Jun14,Neutral,LittleChange,XNIL,NegToPos,Weak,VeryWet,Cloudy,LessUnstable,None,Steep,PartInhibit,ABI,StrongUp,SIG,Wet,None,AllElse,PC,LessThanAve,NoMajor,Wet,B,XNIL,Neutral,DryMMoistL,None,Some,PC,LessThanAve,Cloudy,LittleChange,Average,DCVZFavor,LittleChange,Weak,Weak,AB,WeakPos,ModerateOrLe,WeakUp,Wet,N1GtLIGt_4,WeakUp,LVorOther,LessUnstable,SIG,Weak,DenvCyclone,B,None,HighEvrywher,Weak,WeakUp,B,MovingFtorOt
May15_Jun14,Stability,IncCapDecIns,XNIL,LittleChange,Weak,VeryWet,Cloudy,Average,Slight,CloseToDryAd,PartInhibit,G,WeakUp,XNIL,Wet,PartInhibit,NWQuad,PC,Average,MarkedUpper,Wet,GJ,XNIL,WeakUp,MoistMDryL,None,None,PC,Average,Cloudy,Increasing,Dry,StrongWest,LittleChange,Weak,Weak,CThruK,WeakPos,CloseToDryAd,WeakUp,Wet,N1GtLIGt_4,WeakUp,Westerly,Average,XNIL,None,WidespdDnsl,G,Other,LowEvrywhere,None,Neutral,G,None
Jun15_Jul1,Stability,IncCapDecIns,XNIL,LittleChange,Weak,Wet,Cloudy,MoreUnstable,None,Steep,PartInhibit,CDEJ,WeakUp,SIG,Wet,PartInhibit,NWQuad,PC,Average,MarkedUpper,Wet,ACEFK,XNIL,WeakUp,Other,None,Some,PC,MoreThanAve,Cloudy,Increasing,Dry,StrongWest,LittleChange,Weak,Weak,CThruK,WeakPos,CloseToDryAd,WeakUp,Wet,N1GtLIGt_4,WeakUp,Westerly,MoreUnstable,SIG,Weak,LongAnticyc,C,Other,LowEvrywhere,None,WeakUp,C,E_W_N
Jun15_Jul1,Neutral,LittleChange,XNIL,PosToNeg,Weak,Wet,Cloudy,LessUnstable,None,Steep,PartInhibit,ABI,StrongUp,XNIL,Wet,PartInhibit,NWQuad,PC,LessThanAve,NoMajor,VeryWet,B,XNIL,Neutral,DryMMoistL,None,Some,PC,LessThanAve,Cloudy,LittleChange,Average,DCVZFavor,LittleChange,Weak,Weak,AB,WeakPos,ModerateOrLe,WeakUp,VeryWet,N1GtLIGt_4,WeakUp,LVorOther,LessUnstable,XNIL,Weak,SEQuad,B,None,HighEvrywher,Weak,WeakUp,B,DenvCyclone
Jun15_Jul1,Neutral,LittleChange,SVR,PosToNeg,Weak,VeryWet,Cloudy,Average,Slight,Steep,PartInhibit,ABI,WeakUp,XNIL,Wet,PartInhibit,NWQuad,PC,LessThanAve,OtherRapid,Wet,B,SVR,Neutral,DryMMoistL,None,None,PC,LessThanAve,Cloudy,LittleChange,Average,StrongWest,LittleChange,Weak,Weak,AB,WeakPos,ModerateOrLe,WeakUp,Wet,N1GtLIGt_4,WeakUp,LVorOther,Average,SVR,None,DenvCyclone,B,None,HighEvrywher,None,WeakUp,B,DenvCyclone
Jun15_Jul1,Stability,LittleChange,XNIL,LittleChange,Weak,VeryWet,Cloudy,Average,None,CloseToDryAd,PartInhibit,CDEJ,WeakUp,XNIL,Wet,PartInhibit,NWQuad,PC,Average,NoMajor,Wet,ACEFK,XNIL,WeakUp,Other,None,None,PC,Average,Cloudy,LittleChange,Dry,StrongWest,LittleChange,Weak,Weak,CThruK,WeakPos,CloseToDryAd,WeakUp,Wet,N1GtLIGt_4,WeakUp,Westerly,Average,XNIL,Weak,LongAnticyc,C,Other,LowAtStation,None,WeakUp,C,E_W_N
Jun15_Jul1,Neutral,IncCapDecIns,XNIL,PosToNeg,Weak,VeryWet,PC,LessUnstable,None,Steep,PartInhibit,ABI,WeakUp,SVR,Wet,PartInhibit,NWQuad,PC,LessThanAve,NoMajor,Wet,B,XNIL,WeakUp,DryMMoistL,Strong,Marked,PC,MoreThanAve,PC,Increasing,Average,StrongWest,Increasing,Strong,Weak,AB,WeakPos,Stable,WeakUp,Wet,N1GtLIGt_4,WeakUp,LVorOther,Average,SVR,None,SEQuad,B,Other,HighEvrywher,Weak,WeakUp,B,DenvCyclone
Jun15_Jul1,Instability,LittleChange,XNIL,PosToNeg,Weak,VeryWet,Cloudy,Average,None,Steep,PartInhibit,ABI,WeakUp,XNIL,Wet,PartInhibit,AllElse,PC,LessThanAve,NoMajor,Wet,B,XNIL,Neutral,DryMMoistL,Strong,None,PC,LessThanAve,Cloudy,LittleChange,VeryMoist,DCVZFavor,LittleChange,Weak,Weak,AB,WeakPos,ModerateOrLe,WeakUp,Wet,N1GtLIGt_4,WeakUp,LVorOther,Average,XNIL,Weak,LV,B,None,HighEvrywher,Strong,WeakUp,B,DenvCyclone
Jun15_Jul1,Neutral,IncCapDecIns,XNIL,PosToNeg,Weak,VeryWet,PC,LessUnstable,None,Steep,PartInhibit,ABI,WeakUp,SIG,Wet,PartInhibit,NWQuad,PC,LessThanAve,NoMajor,Wet,B,XNIL,WeakUp,DryMMoistL,Strong,Marked,PC,MoreThanAve,PC,Increasing,Average,StrongWest,LittleChange,Strong,Weak,AB,WeakPos,Stable,WeakUp,Wet,N1GtLIGt_4,WeakUp,LVorOther,LessUnstable,SIG,Weak,SEQuad,B,None,HighEvrywher,Strong,Neutral,B,E_W_N
May15_Jun14,Neutral,IncCapDecIns,XNIL,SigPositive,Weak,VeryWet,Cloudy,Average,Moderate,CloseToDryAd,None,G,WeakUp,XNIL,Wet,PartInhibit,LV,PC,Average,NoMajor,Wet,GJ,XNIL,Neutral,MoistMDryL,None,None,PC,Average,Cloudy,Increasing,Dry,StrongWest,LittleChange,Weak,Moderate,CThruK,WeakPos,CloseToDryAd,WeakUp,Wet,N1GtLIGt_4,WeakUp,Westerly,Average,XNIL,Weak,WidespdDnsl,G,Other,LowEvrywhere,Weak,WeakUp,G,None
May15_Jun14,Instability,IncCapDecIns,SIG,LittleChange,Weak,VeryWet,Cloudy,MoreUnstable,Moderate,CloseToDryAd,None,G,WeakUp,XNIL,Wet,PartInhibit,SWQuad,PC,Average,NoMajor,Wet,GJ,SIG,WeakUp,MoistMDryL,Strong,None,PC,MoreThanAve,Cloudy,Increasing,Dry,DCVZFavor,Increasing,Weak,Weak,CThruK,WeakPos,CloseToDryAd,WeakUp,Wet,N1GtLIGt_4,WeakUp,LVorOther,MoreUnstable,SIG,Weak,WidespdDnsl,G,Other,LowAtStation,Strong,WeakUp,G,None
Jun15_Jul1,Neutral,DecCapIncIns,SIG,LittleChange,Weak,Wet,PC,MoreUnstable,Slight,CloseToDryAd,PartInhibit,CDEJ,WeakUp,SVR,Wet,PartInhibit,NWQuad,PC,LessThanAve,NoMajor,Neutral,ACEFK,SIG,Neutral,Other,Strong,Marked,PC,LessThanAve,PC,Decreasing,Dry,DCVZFavor,LittleChange,Strong,Weak,CThruK,WeakPos,ModerateOrLe,WeakUp,Neutral,N1GtLIGt_4,WeakUp,Westerly,MoreUnstable,SVR,Weak,LongAnticyc,C,Other,LowEvrywhere,Strong,WeakUp,C,E_W_N
May15_Jun14,Neutral,LittleChange,XNIL,NegToPos,Weak,VeryWet,Cloudy,Average,Moderate,Steep,None,ABI,WeakUp,XNIL,Wet,PartInhibit,NWQuad,PC,LessThanAve,NoMajor,Wet,B,XNIL,WeakUp,DryMMoistL,None,None,PC,LessThanAve,Cloudy,LittleChange,Average,StrongWest,LittleChange,Weak,Weak,AB,WeakPos,ModerateOrLe,WeakUp,Wet,N1GtLIGt_4,WeakUp,LVorOther,Average,XNIL,Weak,SEQuad,B,None,Other,Weak,WeakUp,B,DenvCyclone
May15_Jun14,Neutral,LittleChange,XNIL,LittleChange,Weak,VeryWet,PC,Average,Slight,CloseToDryAd,PartInhibit,G,WeakUp,SVR,Wet,PartInhibit,SWQuad,PC,Average,NoMajor,Wet,GJ,XNIL,Neutral,MoistMDryL,Strong,Some,PC,Average,PC,LittleChange,Dry,StrongWest,LittleChange,Strong,Weak,CThruK,WeakPos,CloseToDryAd,WeakUp,Wet,N1GtLIGt_4,WeakUp,LVorOther,Average,SVR,Weak,WidespdDnsl,G,Other,LowEvrywhere,Strong,WeakUp,G,None
Jun15_Jul1,Neutral,IncCapDecIns,XNIL,NegToPos,Weak,VeryWet,Cloudy,LessUnstable,Slight,Steep,PartInhibit,ABI,WeakUp,SIG,Wet,PartInhibit,NWQuad,PC,LessThanAve,NoMajor,Wet,B,XNIL,Neutral,DryMMoistL,None,None,PC,MoreThanAve,Cloudy,Increasing,Average,StrongWest,Increasing,Weak,Weak,AB,WeakPos,Stable,WeakUp,Wet,N1GtLIGt_4,WeakUp,LVorOther,LessUnstable,SIG,None,SEQuad,B,Other,HighEvrywher,Weak,WeakUp,B,DenvCyclone
Jun15_Jul1,Stability,LittleChange,XNIL,PosToNeg,Weak,VeryWet,Cloudy,LessUnstable,None,Steep,PartInhibit,ABI,WeakUp,XNIL,Wet,PartInhibit,NWQuad,PC,Average,NoMajor,Wet,B,XNIL,WeakUp,DryMMoistL,None,None,PC,Average,Cloudy,LittleChange,Average,StrongWest,LittleChange,Weak,Weak,AB,WeakPos,ModerateOrLe,WeakUp,Wet,N1GtLIGt_4,WeakUp,LVorOther,LessUnstable,XNIL,None,DenvCyclone,B,None,LowSHighN,Weak,WeakUp,B,DenvCyclone
Jun15_Jul1,Neutral,LittleChange,XNIL,PosToNeg,Weak,Wet,Cloudy,LessUnstable,Slight,Steep,PartInhibit,ABI,WeakUp,XNIL,Neutral,PartInhibit,NWQuad,PC,LessThanAve,OtherRapid,Neutral,B,XNIL,Neutral,DryMMoistL,None,Some,PC,LessThanAve,Cloudy,LittleChange,Average,StrongWest,LittleChange,Weak,Weak,AB,WeakPos,Stable,WeakUp,Wet,N1GtLIGt_4,WeakUp,LVorOther,LessUnstable,XNIL,Weak,LV,B,None,HighEvrywher,Weak,WeakUp,B,DenvCyclone
May15_Jun14,Instability,LittleChange,XNIL,PosToNeg,None,Neutral,PC,Average,None,Steep,PartInhibit,ABI,WeakUp,SIG,Neutral,PartInhibit,NWQuad,PC,LessThanAve,NoMajor,Neutral,B,XNIL,Neutral,DryMMoistL,None,Some,PC,LessThanAve,PC,LittleChange,Average,StrongWest,Decreasing,Weak,Weak,AB,WeakPos,Stable,Neutral,Wet,N1GtLIGt_4,Neutral,LVorOther,Average,SIG,None,LV,B,QStationary,HighEvrywher,None,Neutral,B,MovingFtorOt
May15_Jun14,Instability,IncCapDecIns,SVR,SigPositive,Weak,Neutral,Cloudy,MoreUnstable,None,CloseToDryAd,PartInhibit,G,WeakUp,XNIL,Neutral,PartInhibit,SWQuad,PC,Average,NoMajor,Neutral,GJ,SVR,Neutral,Other,None,None,PC,Average,Cloudy,Increasing,Dry,StrongWest,LittleChange,Weak,Weak,CThruK,WeakPos,CloseToDryAd,Neutral,Wet,N1GtLIGt_4,Neutral,LVorOther,MoreUnstable,SVR,Weak,WidespdDnsl,G,Other,LowAtStation,Weak,Neutral,G,None
May15_Jun14,Neutral,DecCapIncIns,XNIL,PosToNeg,None,VeryWet,PC,LessUnstable,Slight,Steep,PartInhibit,ABI,WeakUp,XNIL,Wet,PartInhibit,NWQuad,PC,LessThanAve,NoMajor,Wet,B,XNIL,Neutral,DryMMoistL,None,None,PC,LessThanAve,PC,Decreasing,Average,StrongWest,LittleChange,Weak,Weak,AB,WeakPos,ModerateOrLe,WeakUp,Wet,N1GtLIGt_4,WeakUp,LVorOther,LessUnstable,XNIL,Weak,DenvCyclone,B,Other,HighEvrywher,Weak,Neutral,B,DenvCyclone
May15_Jun14,Neutral,IncCapDecIns,XNIL,SigPositive,Weak,VeryWet,PC,Average,None,CloseToDryAd,PartInhibit,G,StrongUp,XNIL,Wet,PartInhibit,SWQuad,PC,LessThanAve,NoMajor,Wet,GJ,XNIL,WeakUp,MoistMDryL,None,None,PC,MoreThanAve,PC,Increasing,Dry,StrongWest,Increasing,Weak,Weak,CThruK,WeakPos,CloseToDryAd,WeakUp,Wet,N1GtLIGt_4,WeakUp,Westerly,MoreUnstable,XNIL,Weak,WidespdDnsl,G,Other,LowAtStation,Weak,WeakUp,G,None
Jun15_Jul1,Neutral,LittleChange,SIG,PosToNeg,Weak,VeryWet,Cloudy,LessUnstable,None,Steep,PartInhibit,ABI,WeakUp,XNIL,VeryWet,PartInhibit,NWQuad,PC,LessThanAve,OtherRapid,VeryWet,B,SIG,WeakUp,DryMMoistL,None,None,PC,LessThanAve,Cloudy,LittleChange,Average,StrongWest,LittleChange,Weak,Weak,AB,WeakPos,ModerateOrLe,WeakUp,Wet,N1GtLIGt_4,WeakUp,LVorOther,LessUnstable,SIG,None,SEQuad,B,None,HighEvrywher,Weak,WeakUp,B,DenvCyclone
Jun15_Jul1,Neutral,LittleChange,XNIL,SigPositive,None,Wet,PC,MoreUnstable,None,CloseToDryAd,PartInhibit,CDEJ,WeakUp,XNIL,Wet,PartInhibit,NWQuad,Clear,Average,MarkedUpper,Neutral,ACEFK,XNIL,WeakUp,MoistMDryL,None,None,PC,Average,Clear,LittleChange,Average,StrongWest,LittleChange,Weak,Weak,CThruK,WeakPos,CloseToDryAd,WeakUp,Neutral,N1GtLIGt_4,WeakUp,Westerly,MoreUnstable,XNIL,Weak,LV,C,Other,LowEvrywhere,Weak,WeakUp,C,E_W_N
May15_Jun14,Neutral,DecCapIncIns,XNIL,PosToNeg,Weak,VeryWet,PC,LessUnstable,Moderate,Steep,None,ABI,StrongUp,SVR,Wet,PartInhibit,NWQuad,PC,LessThanAve,NoMajor,Wet,B,XNIL,Neutral,DryMMoistL,Weak,Marked,PC,LessThanAve,PC,Decreasing,Average,DCVZFavor,LittleChange,Strong,Weak,AB,WeakPos,ModerateOrLe,WeakUp,Wet,N1GtLIGt_4,WeakUp,LVorOther,LessUnstable,SVR,Weak,DenvCyclone,B,None,LowSHighN,None,WeakUp,B,DenvCyclone
May15_Jun14,Neutral,DecCapIncIns,XNIL,LittleChange,Weak,VeryWet,PC,Average,Slight,CloseToDryAd,PartInhibit,G,WeakUp,SVR,Wet,PartInhibit,NWQuad,PC,LessThanAve,NoMajor,Wet,GJ,XNIL,WeakUp,MoistMDryL,Strong,Some,PC,LessThanAve,PC,Decreasing,Dry,StrongWest,LittleChange,Strong,Weak,CThruK,WeakPos,Steep,WeakUp,Wet,N1GtLIGt_4,WeakUp,Westerly,Average,SVR,None,WidespdDnsl,G,Other,LowEvrywhere,Weak,WeakUp,G,None
May15_Jun14,Instability,LittleChange,XNIL,SigNegative,Weak,VeryWet,Cloudy,MoreUnstable,Slight,CloseToDryAd,PartInhibit,G,WeakUp,XNIL,Wet,PartInhibit,SWQuad,PC,Average,NoMajor,Wet,GJ,XNIL,Neutral,MoistMDryL,None,None,PC,Average,Cloudy,LittleChange,Dry,StrongWest,Decreasing,Weak,Weak,CThruK,WeakPos,CloseToDryAd,WeakUp,Wet,N1GtLIGt_4,WeakUp,LVorOther,Average,XNIL,None,LongAnticyc,G,Other,LowEvrywhere,None,WeakUp,G,None
May15_Jun14,Neutral,DecCapIncIns,SVR,PosToNeg,Weak,VeryWet,Cloudy,Average,Moderate,Steep,None,ABI,StrongUp,SIG,Wet,PartInhibit,NWQuad,PC,Average,NoMajor,Wet,B,SVR,WeakUp,DryMMoistL,None,Marked,PC,Average,Cloudy,Decreasing,Average,DCVZFavor,LittleChange,Weak,Weak,AB,WeakPos,ModerateOrLe,StrongUp,Wet,N1GtLIGt_4,StrongUp,Westerly,Average,SVR,None,DenvCyclone,B,None,Other,None,WeakUp,B,DenvCyclone
May15_Jun14,Neutral,DecCapIncIns,SIG,SigPositive,Weak,Wet,PC,Average,None,CloseToDryAd,PartInhibit,G,WeakUp,XNIL,Wet,PartInhibit,SWQuad,PC,Average,NoMajor,Wet,GJ,SIG,WeakUp,MoistMDryL,Strong,Marked,PC,LessThanAve,PC,Decreasing,Dry,StrongWest,LittleChange,Strong,Weak,CThruK,WeakPos,CloseToDryAd,WeakUp,Wet,N1GtLIGt_4,WeakUp,Westerly,Average,SIG,Weak,WidespdDnsl,G,Other,LowEvrywhere,Strong,WeakUp,G,None
Jun15_Jul1,Neutral,DecCapIncIns,XNIL,PosToNeg,Weak,Wet,PC,LessUnstable,Moderate,Steep,None,ABI,WeakUp,SVR,Neutral,PartInhibit,NWQuad,PC,LessThanAve,NoMajor,Neutral,B,XNIL,WeakUp,DryMMoistL,Strong,Marked,PC,LessThanAve,PC,Decreasing,Average,StrongWest,LittleChange,Strong,Weak,AB,WeakPos,ModerateOrLe,WeakUp,Wet,N1GtLIGt_4,WeakUp,LVorOther,LessUnstable,SVR,Weak,LV,B,None,HighEvrywher,Strong,WeakUp,B,DenvCyclone
May15_Jun14,Instability,LittleChange,SVR,PosToNeg,Weak,VeryWet,Cloudy,Average,Slight,Steep,PartInhibit,ABI,WeakUp,XNIL,Wet,PartInhibit,NWQuad,PC,LessThanAve,NoMajor,Wet,B,SVR,WeakUp,DryMMoistL,Weak,None,PC,LessThanAve,Cloudy,LittleChange,Average,StrongWest,LittleChange,Weak,Weak,AB,WeakPos,ModerateOrLe,WeakUp,Wet,N1GtLIGt_4,WeakUp,LVorOther,Average,SVR,Weak,SEQuad,B,None,HighEvrywher,None,WeakUp,B,DenvCyclone
May15_Jun14,Neutral,LittleChange,SVR,PosToNeg,Weak,Wet,Cloudy,LessUnstable,Strong,Steep,None,ABI,WeakUp,SIG,Neutral,PartInhibit,AllElse,PC,Average,NoMajor,Neutral,B,SVR,Neutral,DryMMoistL,Strong,Some,PC,Average,Cloudy,LittleChange,Average,StrongWest,Decreasing,Weak,Moderate,AB,WeakPos,ModerateOrLe,WeakUp,Wet,N1GtLIGt_4,WeakUp,LVorOther,LessUnstable,SVR,None,SEQuad,B,Other,HighEvrywher,Weak,WeakUp,B,DenvCyclone
Jun15_Jul1,Neutral,LittleChange,XNIL,PosToNeg,None,VeryWet,Cloudy,LessUnstable,Slight,Steep,PartInhibit,ABI,WeakUp,XNIL,Wet,PartInhibit,NWQuad,PC,LessThanAve,NoMajor,Wet,B,XNIL,WeakUp,DryMMoistL,None,None,PC,LessThanAve,Cloudy,LittleChange,Average,StrongWest,LittleChange,None,Weak,AB,WeakPos,ModerateOrLe,WeakUp,Wet,N1GtLIGt_4,WeakUp,LVorOther,LessUnstable,XNIL,Weak,SEQuad,B,None,HighEvrywher,Weak,WeakUp,B,DenvCyclone
Jun15_Jul1,Neutral,IncCapDecIns,SVR,NegToPos,Weak,VeryWet,Cloudy,Average,Moderate,Steep,None,ABI,WeakUp,SIG,Wet,PartInhibit,NWQuad,PC,LessThanAve,OtherRapid,Wet,B,SVR,Neutral,DryMMoistL,None,None,PC,MoreThanAve,Cloudy,Increasing,Average,DCVZFavor,Increasing,Weak,Weak,AB,WeakPos,ModerateOrLe,WeakUp,Wet,N1GtLIGt_4,WeakUp,LVorOther,MoreUnstable,SVR,Weak,DenvCyclone,B,None,LowMtsHighPl,Weak,WeakUp,B,DenvCyclone
Jun15_Jul1,Neutral,IncCapDecIns,SVR,PosToNeg,None,VeryWet,PC,LessUnstable,None,Steep,PartInhibit,ABI,WeakUp,XNIL,Wet,PartInhibit,NWQuad,PC,LessThanAve,OtherRapid,Wet,B,SVR,WeakUp,DryMMoistL,None,None,PC,MoreThanAve,PC,Increasing,Average,StrongWest,Increasing,Weak,Weak,AB,WeakPos,ModerateOrLe,WeakUp,Wet,N1GtLIGt_4,WeakUp,LVorOther,MoreUnstable,SVR,None,SEQuad,B,None,HighEvrywher,Weak,WeakUp,B,DenvCyclone
May15_Jun14,Neutral,IncCapDecIns,XNIL,SigPositive,Weak,VeryWet,PC,Average,Slight,CloseToDryAd,PartInhibit,G,WeakUp,SVR,Wet,PartInhibit,SWQuad,PC,LessThanAve,NoMajor,Wet,GJ,XNIL,WeakUp,MoistMDryL,Strong,Marked,PC,MoreThanAve,PC,Increasing,Dry,StrongWest,Increasing,Strong,Weak,CThruK,WeakPos,CloseToDryAd,WeakUp,Wet,N1GtLIGt_4,WeakUp,Westerly,MoreUnstable,SVR,None,WidespdDnsl,G,Other,LowEvrywhere,Weak,WeakUp,G,Other
May15_Jun14,Neutral,LittleChange,XNIL,SigPositive,Weak,Wet,Cloudy,Average,None,CloseToDryAd,PartInhibit,G,WeakUp,XNIL,Wet,PartInhibit,SWQuad,PC,Average,NoMajor,Wet,GJ,XNIL,WeakUp,MoistMDryL,None,None,PC,Average,Cloudy,LittleChange,Dry,StrongWest,LittleChange,Weak,Weak,CThruK,WeakPos,CloseToDryAd,WeakUp,Wet,N1GtLIGt_4,WeakUp,Westerly,Average,XNIL,Weak,LongAnticyc,G,Other,LowEvrywhere,Weak,WeakUp,G,None
Jun15_Jul1,Stability,LittleChange,XNIL,NegToPos,Weak,VeryWet,Cloudy,Average,None,Steep,PartInhibit,ABI,WeakUp,XNIL,Wet,PartInhibit,NWQuad,PC,LessThanAve,OtherRapid,Wet,B,XNIL,StrongUp,DryMMoistL,None,None,PC,LessThanAve,Cloudy,LittleChange,VeryMoist,StrongWest,LittleChange,Weak,Moderate,AB,WeakPos,Stable,StrongUp,Wet,N1GtLIGt_4,StrongUp,LVorOther,Average,XNIL,Weak,LV,B,None,HighEvrywher,None,WeakUp,B,DenvCyclone
May15_Jun14,Neutral,LittleChange,XNIL,PosToNeg,Strong,VeryWet,PC,LessUnstable,Moderate,Steep,None,ABI,WeakUp,SVR,Wet,PartInhibit,NWQuad,PC,LessThanAve,OtherRapid,Wet,B,XNIL,WeakUp,DryMMoistL,Strong,Marked,PC,LessThanAve,PC,LittleChange,Average,StrongWest,LittleChange,Strong,Weak,AB,WeakPos,ModerateOrLe,WeakUp,Wet,N1GtLIGt_4,WeakUp,LVorOther,LessUnstable,SVR,None,SEQuad,B,None,HighEvrywher,Weak,WeakUp,B,DenvCyclone
Jun15_Jul1,Neutral,LittleChange,SVR,PosToNeg,Weak,Wet,Cloudy,LessUnstable,Slight,Steep,PartInhibit,ABI,WeakUp,XNIL,Wet,PartInhibit,AllElse,PC,LessThanAve,NoMajor,Neutral,B,SVR,WeakUp,DryMMoistL,None,None,PC,LessThanAve,Cloudy,LittleChange,Average,DCVZFavor,Increasing,Weak,Weak,AB,WeakPos,ModerateOrLe,WeakUp,VeryWet,N1GtLIGt_4,WeakUp,LVorOther,MoreUnstable,SVR,None,DenvCyclone,B,None,LowSHighN,Weak,WeakUp,B,DenvCyclone
May15_Jun14,Instability,LittleChange,SVR,PosToNeg,None,VeryWet,Cloudy,Average,Slight,Steep,PartInhibit,ABI,StrongUp,XNIL,Wet,PartInhibit,NWQuad,PC,LessThanAve,NoMajor,Wet,B,SVR,WeakUp,DryMMoistL,None,None,PC,LessThanAve,Cloudy,LittleChange,Average,StrongWest,LittleChange,Weak,Weak,AB,WeakPos,ModerateOrLe,StrongUp,Wet,N1GtLIGt_4,StrongUp,LVorOther,Average,SVR,Weak,SEQuad,B,None,HighEvrywher,Weak,WeakUp,B,DenvCyclone
Jun15_Jul1,Neutral,LittleChange,XNIL,PosToNeg,Weak,VeryWet,Cloudy,LessUnstable,Slight,Steep,PartInhibit,ABI,WeakUp,XNIL,Wet,PartInhibit,AllElse,PC,LessThanAve,OtherRapid,Wet,B,XNIL,WeakUp,DryMMoistL,None,None,PC,LessThanAve,Cloudy,LittleChange,Average,DCVZFavor,LittleChange,Weak,Weak,AB,WeakPos,ModerateOrLe,WeakUp,Wet,N1GtLIGt_4,WeakUp,LVorOther,LessUnstable,XNIL,Weak,DenvCyclone,B,Other,HighEvrywher,Weak,Neutral,B,E_W_N
Jun15_Jul1,Instability,LittleChange,XNIL,PosToNeg,None,Wet,Cloudy,Average,Strong,Steep,None,ABI,StrongUp,XNIL,VeryWet,PartInhibit,NWQuad,PC,Average,OtherRapid,Neutral,B,XNIL,WeakUp,DryMMoistL,None,None,PC,Average,Cloudy,LittleChange,Average,DCVZFavor,Decreasing,None,Moderate,AB,WeakPos,ModerateOrLe,StrongUp,Wet,N1GtLIGt_4,StrongUp,LVorOther,Average,XNIL,Weak,LV,B,Other,LowSHighN,Weak,WeakUp,B,DenvCyclone
Jun15_Jul1,Neutral,LittleChange,XNIL,PosToNeg,Weak,Wet,Cloudy,Average,None,Steep,PartInhibit,ABI,StrongUp,SIG,Wet,PartInhibit,LV,PC,Average,OtherRapid,Wet,B,XNIL,Neutral,DryMMoistL,None,None,PC,Average,Cloudy,LittleChange,Average,StrongWest,LittleChange,Weak,Weak,AB,WeakPos,ModerateOrLe,WeakUp,Wet,N1GtLIGt_4,WeakUp,LVorOther,Average,SIG,None,LV,B,Other,HighEvrywher,Weak,WeakUp,B,DenvCyclone
Jun15_Jul1,Neutral,IncCapDecIns,SVR,PosToNeg,Weak,VeryWet,Cloudy,Average,Strong,Steep,None,ABI,WeakUp,XNIL,Wet,PartInhibit,NWQuad,PC,LessThanAve,NoMajor,Wet,B,SVR,WeakUp,DryMMoistL,None,None,PC,MoreThanAve,Cloudy,Increasing,Average,StrongWest,Increasing,Weak,Moderate,AB,WeakPos,ModerateOrLe,WeakUp,Wet,N1GtLIGt_4,WeakUp,Westerly,Average,SVR,Weak,DenvCyclone,B,None,LowSHighN,Strong,WeakUp,B,DenvCyclone
Jun15_Jul1,Neutral,LittleChange,XNIL,NegToPos,Weak,VeryWet,Cloudy,Average,Moderate,Steep,None,ABI,WeakUp,XNIL,Wet,PartInhibit,NWQuad,PC,LessThanAve,NoMajor,Wet,B,XNIL,StrongUp,DryMMoistL,None,None,PC,LessThanAve,Cloudy,LittleChange,Average,DCVZFavor,LittleChange,Weak,Weak,AB,WeakPos,ModerateOrLe,StrongUp,Wet,N1GtLIGt_4,StrongUp,LVorOther,Average,XNIL,Weak,LV,B,None,LowSHighN,Weak,WeakUp,B,DenvCyclone
May15_Jun14,Neutral,IncCapDecIns,XNIL,LittleChange,Weak,Wet,Cloudy,Average,Slight,CloseToDryAd,PartInhibit,G,WeakUp,XNIL,Wet,PartInhibit,NWQuad,PC,Average,NoMajor,Neutral,GJ,XNIL,WeakUp,Other,None,None,PC,Average,Cloudy,Increasing,Average,StrongWest,LittleChange,Weak,Weak,CThruK,Neutral,CloseToDryAd,WeakUp,VeryWet,N1GtLIGt_4,WeakUp,LVorOther,Average,XNIL,Weak,WidespdDnsl,G,None,LowEvrywhere,None,WeakUp,G,None
Jun15_Jul1,Neutral,IncCapDecIns,SVR,LittleChange,Strong,VeryWet,Cloudy,MoreUnstable,Strong,CloseToDryAd,None,CDEJ,WeakUp,SVR,Wet,PartInhibit,NWQuad,PC,Average,MarkedUpper,Wet,ACEFK,SVR,WeakUp,MoistMDryL,Strong,Marked,Cloudy,Average,Cloudy,Increasing,Dry,StrongWest,LittleChange,Strong,Moderate,CThruK,WeakPos,CloseToDryAd,WeakUp,Wet,N1GtLIGt_4,WeakUp,Westerly,MoreUnstable,SVR,Weak,LV,C,Other,LowEvrywhere,Strong,Neutral,C,E_W_N
Jun15_Jul1,Neutral,LittleChange,SVR,PosToNeg,None,Wet,Cloudy,LessUnstable,Slight,Steep,PartInhibit,ABI,StrongUp,XNIL,Wet,PartInhibit,AllElse,PC,LessThanAve,NoMajor,Neutral,B,SVR,WeakUp,DryMMoistL,None,None,PC,LessThanAve,Cloudy,LittleChange,Average,DCVZFavor,Increasing,None,Weak,AB,WeakPos,ModerateOrLe,WeakUp,Neutral,N1GtLIGt_4,WeakUp,LVorOther,MoreUnstable,SVR,None,DenvCyclone,B,Other,HighEvrywher,None,Neutral,B,DenvCyclone
Jun15_Jul1,Instability,IncCapDecIns,SIG,LittleChange,Weak,Wet,Cloudy,Average,Slight,CloseToDryAd,PartInhibit,CDEJ,StrongUp,XNIL,Wet,PartInhibit,NWQuad,PC,Average,MarkedUpper,Neutral,ACEFK,SIG,WeakUp,MoistMDryL,None,None,PC,Average,Cloudy,Increasing,Dry,DCVZFavor,LittleChange,Weak,Weak,CThruK,WeakPos,CloseToDryAd,StrongUp,VeryWet,N1GtLIGt_4,StrongUp,Westerly,Average,SIG,Weak,LongAnticyc,C,None,LowAtStation,Weak,StronUp,C,E_W_N
May15_Jun14,Neutral,IncCapDecIns,XNIL,NegToPos,Weak,VeryWet,PC,LessUnstable,None,Steep,PartInhibit,ABI,WeakUp,XNIL,Wet,PartInhibit,NWQuad,PC,LessThanAve,OtherRapid,Wet,B,XNIL,WeakUp,DryMMoistL,None,None,PC,MoreThanAve,PC,Increasing,Average,StrongWest,Increasing,Weak,Weak,AB,WeakPos,ModerateOrLe,WeakUp,Wet,N1GtLIGt_4,WeakUp,LVorOther,LessUnstable,XNIL,None,DenvCyclone,B,Other,HighEvrywher,Weak,WeakUp,B,MovingFtorOt
Jun15_Jul1,Instability,LittleChange,SIG,PosToNeg,Weak,Wet,Cloudy,Average,Moderate,Steep,None,ABI,WeakUp,XNIL,Wet,PartInhibit,NWQuad,PC,LessThanAve,NoMajor,VeryWet,B,SIG,WeakUp,DryMMoistL,None,None,PC,LessThanAve,Cloudy,LittleChange,Average,StrongWest,Increasing,Weak,Weak,AB,Neutral,Stable,WeakUp,Wet,N1GtLIGt_4,WeakUp,Westerly,MoreUnstable,SIG,Weak,DenvCyclone,B,Other,HighEvrywher,None,StronUp,B,DenvCyclone
Jun15_Jul1,Neutral,LittleChange,SVR,PosToNeg,None,VeryWet,Cloudy,MoreUnstable,None,CloseToDryAd,PartInhibit,CDEJ,WeakUp,XNIL,Wet,PartInhibit,NWQuad,PC,Average,NoMajor,Wet,ACEFK,SVR,WeakUp,Other,None,None,PC,Average,Cloudy,LittleChange,Dry,StrongWest,LittleChange,None,Weak,CThruK,WeakPos,CloseToDryAd,WeakUp,Wet,N1GtLIGt_4,WeakUp,Westerly,MoreUnstable,SVR,Weak,LongAnticyc,C,Other,LowEvrywhere,Weak,WeakUp,C,E_W_N
Jun15_Jul1,Neutral,DecCapIncIns,XNIL,NegToPos,Weak,VeryWet,PC,LessUnstable,Slight,Steep,PartInhibit,ABI,StrongUp,SVR,Wet,PartInhibit,NWQuad,PC,LessThanAve,NoMajor,Wet,B,XNIL,Neutral,DryMMoistL,Strong,Some,PC,LessThanAve,PC,Decreasing,Average,StrongWest,LittleChange,Strong,Weak,AB,WeakPos,ModerateOrLe,WeakUp,Wet,N1GtLIGt_4,WeakUp,LVorOther,LessUnstable,SVR,None,DenvCyclone,B,None,HighEvrywher,Weak,WeakUp,B,DenvCyclone
Jun15_Jul1,Neutral,IncCapDecIns,XNIL,LittleChange,None,VeryWet,Cloudy,Average,None,Steep,PartInhibit,ABI,WeakUp,XNIL,Wet,PartInhibit,NWQuad,PC,LessThanAve,NoMajor,Wet,B,XNIL,WeakUp,DryMMoistL,None,None,PC,LessThanAve,Cloudy,Increasing,Average,StrongWest,LittleChange,None,Weak,AB,WeakPos,ModerateOrLe,WeakUp,VeryWet,N1GtLIGt_4,WeakUp,Westerly,Average,XNIL,Weak,SEQuad,B,None,HighEvrywher,Weak,Neutral,B,DenvCyclone
May15_Jun14,Neutral,DecCapIncIns,XNIL,PosToNeg,None,VeryWet,PC,LessUnstable,None,Steep,PartInhibit,ABI,WeakUp,SIG,Wet,PartInhibit,NWQuad,PC,LessThanAve,NoMajor,Wet,B,XNIL,WeakUp,DryMMoistL,None,None,PC,LessThanAve,PC,Decreasing,Average,StrongWest,LittleChange,Weak,Weak,AB,WeakPos,ModerateOrLe,WeakUp,Wet,N1GtLIGt_4,WeakUp,Westerly,LessUnstable,SIG,None,SEQuad,B,Other,LowSHighN,Weak,WeakUp,B,DenvCyclone
Jun15_Jul1,Neutral,IncCapDecIns,XNIL,LittleChange,Weak,VeryWet,Cloudy,MoreUnstable,Slight,CloseToDryAd,PartInhibit,CDEJ,WeakUp,XNIL,Wet,PartInhibit,NWQuad,PC,Average,MarkedUpper,Wet,ACEFK,XNIL,Neutral,MoistMDryL,None,None,PC,Average,Cloudy,Increasing,Dry,StrongWest,LittleChange,Weak,Weak,CThruK,WeakPos,ModerateOrLe,WeakUp,Wet,N1GtLIGt_4,WeakUp,Westerly,MoreUnstable,XNIL,Weak,LV,C,Other,LowEvrywhere,Weak,WeakUp,C,E_W_N
Jun15_Jul1,Instability,LittleChange,SIG,LittleChange,Weak,VeryWet,Cloudy,Average,Slight,Steep,PartInhibit,CDEJ,WeakUp,SIG,Wet,PartInhibit,NWQuad,PC,Average,MarkedUpper,Wet,ACEFK,SIG,WeakUp,MoistMDryL,None,None,PC,Average,Cloudy,LittleChange,Dry,DCVZFavor,LittleChange,Weak,Weak,CThruK,WeakPos,Steep,WeakUp,Wet,N1GtLIGt_4,WeakUp,Westerly,Average,SIG,Weak,LongAnticyc,C,Other,LowEvrywhere,Weak,WeakUp,C,E_W_N
Jun15_Jul1,Instability,LittleChange,XNIL,LittleChange,Weak,VeryWet,PC,Average,None,Steep,PartInhibit,CDEJ,StrongUp,SVR,Wet,PartInhibit,NWQuad,Clear,Average,MarkedUpper,Wet,ACEFK,XNIL,Neutral,Other,Weak,Some,PC,Average,Clear,LittleChange,Dry,DCVZFavor,LittleChange,Strong,Weak,CThruK,WeakPos,ModerateOrLe,WeakUp,Neutral,N1GtLIGt_4,WeakUp,Westerly,Average,SVR,Weak,LongAnticyc,C,Other,LowEvrywhere,None,WeakUp,C,E_W_N
Jun15_Jul1,Neutral,IncCapDecIns,SVR,PosToNeg,Weak,Neutral,Cloudy,MoreUnstable,None,CloseToDryAd,PartInhibit,CDEJ,WeakUp,XNIL,Wet,PartInhibit,NWQuad,PC,Average,MarkedUpper,Wet,ACEFK,SVR,Neutral,MoistMDryL,None,None,PC,Average,Cloudy,Increasing,Dry,StrongWest,Increasing,Weak,Weak,CThruK,WeakPos,CloseToDryAd,Neutral,Wet,N1GtLIGt_4,Neutral,Westerly,MoreUnstable,SVR,Weak,LongAnticyc,C,None,LowEvrywhere,Strong,Neutral,C,E_W_N
Jun15_Jul1,Instability,DecCapIncIns,XNIL,PosToNeg,Weak,VeryWet,Cloudy,Average,None,Steep,PartInhibit,ABI,WeakUp,XNIL,Wet,PartInhibit,NWQuad,PC,LessThanAve,NoMajor,VeryWet,B,XNIL,StrongUp,DryMMoistL,None,Marked,PC,LessThanAve,PC,Decreasing,Average,DCVZFavor,LittleChange,Weak,Weak,AB,WeakPos,ModerateOrLe,StrongUp,Wet,N1GtLIGt_4,StrongUp,LVorOther,Average,XNIL,Weak,SEQuad,B,None,HighEvrywher,Weak,Neutral,B,DenvCyclone
Jun15_Jul1,Neutral,IncCapDecIns,XNIL,PosToNeg,Weak,VeryWet,Cloudy,LessUnstable,None,Steep,PartInhibit,ABI,StrongUp,XNIL,Wet,PartInhibit,NWQuad,PC,LessThanAve,NoMajor,Wet,B,XNIL,WeakUp,DryMMoistL,None,None,PC,MoreThanAve,Cloudy,Increasing,Average,DCVZFavor,Increasing,Weak,Weak,AB,WeakPos,Stable,StrongUp,Wet,N1GtLIGt_4,StrongUp,LVorOther,MoreUnstable,XNIL,Weak,SEQuad,B,None,LowSHighN,Weak,StronUp,B,DenvCyclone
Jun15_Jul1,Neutral,LittleChange,SVR,PosToNeg,Weak,Wet,Cloudy,LessUnstable,None,Steep,PartInhibit,ABI,StrongUp,XNIL,Wet,PartInhibit,NWQuad,PC,Average,OtherRapid,Wet,B,SVR,WeakUp,DryMMoistL,None,None,PC,Average,Cloudy,LittleChange,Average,StrongWest,Decreasing,Weak,Moderate,AB,WeakPos,ModerateOrLe,WeakUp,Wet,N1GtLIGt_4,WeakUp,LVorOther,LessUnstable,SVR,Weak,DenvCyclone,B,None,HighEvrywher,Weak,Neutral,B,DenvCyclone
Jun15_Jul1,Instability,LittleChange,SVR,NegToPos,None,Wet,Cloudy,MoreUnstable,Slight,Steep,PartInhibit,ABI,WeakUp,XNIL,Neutral,PartInhibit,AllElse,PC,LessThanAve,NoMajor,Neutral,B,SVR,Neutral,DryMMoistL,None,None,PC,LessThanAve,Cloudy,LittleChange,Average,DCVZFavor,LittleChange,None,Weak,AB,WeakPos,ModerateOrLe,WeakUp,Wet,N1GtLIGt_4,WeakUp,LVorOther,MoreUnstable,SVR,Weak,DenvCyclone,B,None,HighEvrywher,Weak,WeakUp,B,DenvCyclone
May15_Jun14,Neutral,IncCapDecIns,XNIL,PosToNeg,Weak,VeryWet,PC,LessUnstable,Moderate,Steep,None,ABI,WeakUp,SVR,Wet,PartInhibit,NWQuad,PC,LessThanAve,NoMajor,Wet,B,XNIL,WeakUp,DryMMoistL,Strong,Marked,Cloudy,LessThanAve,PC,Increasing,Average,StrongWest,LittleChange,Strong,Weak,AB,WeakPos,ModerateOrLe,WeakUp,Neutral,N1GtLIGt_4,WeakUp,LVorOther,LessUnstable,SVR,Weak,SEQuad,B,None,LowSHighN,Strong,WeakUp,B,DenvCyclone
May15_Jun14,Neutral,IncCapDecIns,SIG,PosToNeg,Weak,VeryWet,Cloudy,Average,Slight,Steep,PartInhibit,ABI,WeakUp,XNIL,Wet,PartInhibit,AllElse,PC,LessThanAve,NoMajor,Wet,B,SIG,Neutral,DryMMoistL,Strong,None,PC,MoreThanAve,Cloudy,Increasing,Average,DCVZFavor,Increasing,Weak,Weak,AB,WeakPos,ModerateOrLe,WeakUp,Wet,N1GtLIGt_4,WeakUp,LVorOther,MoreUnstable,SIG,Weak,SEQuad,B,Other,LowSHighN,Strong,WeakUp,B,DenvCyclone
Jun15_Jul1,Neutral,IncCapDecIns,XNIL,PosToNeg,Weak,VeryWet,Cloudy,LessUnstable,Slight,Steep,PartInhibit,ABI,WeakUp,SIG,Wet,PartInhibit,NWQuad,PC,LessThanAve,NoMajor,Wet,B,XNIL,WeakUp,DryMMoistL,None,None,PC,MoreThanAve,Cloudy,Increasing,Average,StrongWest,LittleChange,Weak,Weak,AB,WeakPos,ModerateOrLe,WeakUp,Wet,N1GtLIGt_4,WeakUp,LVorOther,LessUnstable,SIG,Weak,LV,B,None,LowSHighN,Weak,Neutral,B,DenvCyclone
May15_Jun14,Neutral,LittleChange,XNIL,PosToNeg,Weak,VeryWet,Cloudy,LessUnstable,Slight,Steep,PartInhibit,ABI,WeakUp,XNIL,Wet,PartInhibit,NWQuad,PC,LessThanAve,OtherRapid,Wet,B,XNIL,WeakUp,DryMMoistL,None,None,PC,LessThanAve,Cloudy,LittleChange,Average,StrongWest,LittleChange,Weak,Weak,AB,WeakPos,ModerateOrLe,WeakUp,Wet,N1GtLIGt_4,WeakUp,LVorOther,LessUnstable,XNIL,Weak,DenvCyclone,B,None,HighEvrywher,Weak,WeakUp,B,DenvCyclone
May15_Jun14,Neutral,IncCapDecIns,XNIL,PosToNeg,Weak,VeryWet,Cloudy,LessUnstable,None,Steep,PartInhibit,ABI,WeakUp,XNIL,Wet,PartInhibit,LV,PC,LessThanAve,OtherRapid,Wet,B,XNIL,WeakUp,DryMMoistL,None,Some,PC,MoreThanAve,Cloudy,Increasing,Average,StrongWest,LittleChange,Weak,Weak,AB,WeakPos,ModerateOrLe,WeakUp,Wet,N1GtLIGt_4,WeakUp,LVorOther,LessUnstable,XNIL,None,SEQuad,B,Other,HighEvrywher,None,WeakUp,B,DenvCyclone
May15_Jun14,Neutral,LittleChange,SIG,NegToPos,Weak,VeryWet,Cloudy,LessUnstable,None,Steep,PartInhibit,ABI,WeakUp,XNIL,Wet,PartInhibit,NWQuad,PC,LessThanAve,NoMajor,Wet,B,SIG,WeakUp,DryMMoistL,None,None,PC,LessThanAve,Cloudy,LittleChange,Average,StrongWest,LittleChange,Weak,Weak,AB,WeakPos,ModerateOrLe,WeakUp,Wet,N1GtLIGt_4,WeakUp,LVorOther,LessUnstable,SIG,Weak,LV,B,Other,HighEvrywher,None,WeakUp,B,DenvCyclone
Jun15_Jul1,Instability,LittleChange,SIG,NegToPos,None,VeryWet,Cloudy,Average,Slight,Steep,PartInhibit,ABI,StrongUp,XNIL,Wet,PartInhibit,NWQuad,PC,LessThanAve,NoMajor,Wet,B,SIG,Neutral,DryMMoistL,None,None,PC,LessThanAve,Cloudy,LittleChange,Average,StrongWest,LittleChange,None,Weak,AB,WeakPos,ModerateOrLe,WeakUp,Wet,N1GtLIGt_4,WeakUp,LVorOther,Average,SIG,None,DenvCyclone,B,None,HighEvrywher,Weak,WeakUp,B,DenvCyclone
May15_Jun14,Neutral,LittleChange,XNIL,LittleChange,Weak,Wet,PC,Average,None,CloseToDryAd,PartInhibit,G,StrongUp,SVR,Wet,PartInhibit,NWQuad,PC,Average,NoMajor,Wet,GJ,XNIL,WeakUp,MoistMDryL,Strong,Marked,PC,Average,PC,LittleChange,Dry,StrongWest,Decreasing,Strong,Weak,CThruK,WeakPos,Steep,Neutral,Wet,N1GtLIGt_4,Neutral,Westerly,LessUnstable,SVR,Weak,WidespdDnsl,G,Other,LowEvrywhere,Strong,Neutral,G,None
Jun15_Jul1,Neutral,LittleChange,SIG,LittleChange,Weak,VeryWet,Cloudy,MoreUnstable,Slight,Steep,PartInhibit,CDEJ,WeakUp,XNIL,Wet,PartInhibit,NWQuad,PC,Average,NoMajor,Wet,ACEFK,SIG,Neutral,Other,None,None,PC,Average,Cloudy,LittleChange,Dry,StrongWest,Decreasing,Weak,Weak,CThruK,WeakPos,CloseToDryAd,WeakUp,Wet,N1GtLIGt_4,WeakUp,Westerly,Average,SIG,Weak,LongAnticyc,C,Other,LowEvrywhere,Weak,WeakUp,C,E_W_N
May15_Jun14,Neutral,IncCapDecIns,SIG,PosToNeg,Weak,VeryWet,PC,LessUnstable,Slight,Steep,PartInhibit,ABI,WeakUp,SVR,Wet,PartInhibit,NWQuad,Clear,Average,OtherRapid,Wet,B,SIG,WeakUp,DryMMoistL,Weak,Marked,PC,Average,Clear,Increasing,Average,DCVZFavor,Increasing,Strong,Weak,AB,WeakPos,ModerateOrLe,WeakUp,Wet,N1GtLIGt_4,WeakUp,LVorOther,MoreUnstable,SVR,Weak,DenvCyclone,B,None,LowSHighN,Strong,WeakUp,B,DenvCyclone
Jun15_Jul1,Neutral,IncCapDecIns,XNIL,PosToNeg,Weak,VeryWet,Cloudy,Average,Moderate,Steep,None,ABI,StrongUp,XNIL,Wet,PartInhibit,NWQuad,PC,LessThanAve,OtherRapid,Wet,B,XNIL,WeakUp,DryMMoistL,None,None,PC,MoreThanAve,Cloudy,Increasing,Average,StrongWest,LittleChange,Weak,Weak,AB,WeakPos,ModerateOrLe,WeakUp,Wet,N1GtLIGt_4,WeakUp,LVorOther,Average,XNIL,None,DenvCyclone,B,None,LowSHighN,Weak,WeakUp,B,DenvCyclone
May15_Jun14,Neutral,LittleChange,XNIL,PosToNeg,Weak,Wet,Cloudy,LessUnstable,None,Steep,PartInhibit,ABI,WeakUp,XNIL,VeryWet,PartInhibit,NWQuad,PC,LessThanAve,NoMajor,Neutral,B,XNIL,WeakUp,DryMMoistL,None,None,PC,LessThanAve,Cloudy,LittleChange,Average,StrongWest,LittleChange,Weak,Weak,AB,WeakPos,Stable,WeakUp,Wet,N1GtLIGt_4,WeakUp,LVorOther,LessUnstable,XNIL,Weak,LV,B,QStationary,HighEvrywher,Weak,Neutral,B,MovingFtorOt
Jun15_Jul1,Instability,IncCapDecIns,XNIL,PosToNeg,Weak,Wet,Cloudy,Average,None,Steep,PartInhibit,ABI,WeakUp,XNIL,Wet,PartInhibit,LV,PC,LessThanAve,OtherRapid,Wet,B,XNIL,Neutral,DryMMoistL,None,Marked,PC,LessThanAve,Cloudy,Increasing,Average,DCVZFavor,Increasing,Weak,Moderate,AB,WeakPos,ModerateOrLe,WeakUp,Wet,N1GtLIGt_4,WeakUp,LVorOther,MoreUnstable,XNIL,None,DenvCyclone,B,Other,LowSHighN,Weak,WeakUp,B,DenvCyclone
Jun15_Jul1,Neutral,LittleChange,XNIL,NegToPos,Weak,Wet,Cloudy,LessUnstable,None,Steep,PartInhibit,ABI,WeakUp,XNIL,Wet,PartInhibit,NWQuad,PC,LessThanAve,OtherRapid,Neutral,B,XNIL,WeakUp,DryMMoistL,None,None,PC,LessThanAve,Cloudy,LittleChange,Average,StrongWest,LittleChange,Weak,Weak,AB,WeakPos,ModerateOrLe,WeakUp,VeryWet,N1GtLIGt_4,WeakUp,LVorOther,LessUnstable,XNIL,None,LV,B,Other,HighEvrywher,None,WeakUp,B,MovingFtorOt
Jun15_Jul1,Neutral,IncCapDecIns,SIG,PosToNeg,Weak,Wet,Cloudy,MoreUnstable,Slight,CloseToDryAd,PartInhibit,CDEJ,WeakUp,XNIL,Neutral,PartInhibit,NWQuad,PC,Average,NoMajor,Neutral,ACEFK,SIG,WeakUp,Other,Strong,Marked,PC,Average,Cloudy,Increasing,Dry,DCVZFavor,LittleChange,Weak,Weak,CThruK,WeakPos,Steep,WeakUp,Wet,N1GtLIGt_4,WeakUp,Westerly,MoreUnstable,SIG,Weak,LongAnticyc,C,Other,LowEvrywhere,Strong,WeakUp,C,E_W_N
Jun15_Jul1,Instability,IncCapDecIns,XNIL,PosToNeg,Weak,VeryWet,Cloudy,Average,Moderate,Steep,None,ABI,WeakUp,SIG,Wet,PartInhibit,NWQuad,PC,Average,OtherRapid,Wet,B,XNIL,WeakUp,DryMMoistL,Strong,None,PC,Average,Cloudy,Increasing,Average,DCVZFavor,Increasing,Weak,Weak,AB,WeakPos,Stable,WeakUp,Wet,N1GtLIGt_4,WeakUp,LVorOther,Average,SIG,Weak,LV,B,Other,LowSHighN,Strong,WeakUp,B,MovingFtorOt
Jun15_Jul1,Instability,DecCapIncIns,XNIL,PosToNeg,Weak,VeryWet,PC,Average,Moderate,Steep,None,ABI,WeakUp,XNIL,Wet,PartInhibit,NWQuad,PC,LessThanAve,NoMajor,Wet,B,XNIL,WeakUp,DryMMoistL,Weak,Marked,PC,LessThanAve,PC,Decreasing,Average,StrongWest,LittleChange,Strong,Weak,AB,WeakPos,ModerateOrLe,WeakUp,Wet,N1GtLIGt_4,WeakUp,LVorOther,Average,XNIL,None,SEQuad,B,None,HighEvrywher,Strong,WeakUp,B,DenvCyclone
May15_Jun14,Instability,LittleChange,XNIL,SigPositive,Weak,VeryWet,Cloudy,MoreUnstable,Slight,CloseToDryAd,PartInhibit,G,StrongUp,XNIL,Wet,PartInhibit,SWQuad,PC,Average,NoMajor,Wet,GJ,XNIL,Neutral,MoistMDryL,None,None,PC,Average,Cloudy,LittleChange,Dry,StrongWest,LittleChange,Weak,Weak,CThruK,WeakPos,CloseToDryAd,WeakUp,Wet,N1GtLIGt_4,WeakUp,Westerly,MoreUnstable,XNIL,Weak,WidespdDnsl,G,Other,LowAtStation,Weak,WeakUp,G,Other
Jun15_Jul1,Neutral,LittleChange,XNIL,PosToNeg,Weak,VeryWet,Cloudy,LessUnstable,Slight,Steep,PartInhibit,ABI,WeakUp,XNIL,Wet,PartInhibit,AllElse,PC,LessThanAve,NoMajor,Wet,B,XNIL,WeakUp,DryMMoistL,None,None,PC,LessThanAve,Cloudy,LittleChange,Average,StrongWest,LittleChange,Weak,Weak,AB,StrongPos,ModerateOrLe,WeakUp,Wet,N1GtLIGt_4,WeakUp,LVorOther,LessUnstable,XNIL,Weak,LV,B,None,HighEvrywher,Weak,WeakUp,B,MovingFtorOt
May15_Jun14,Neutral,LittleChange,XNIL,SigPositive,Weak,Neutral,Cloudy,Average,None,CloseToDryAd,PartInhibit,G,WeakUp,XNIL,Neutral,PartInhibit,SWQuad,PC,LessThanAve,NoMajor,Dry,GJ,XNIL,WeakUp,MoistMDryL,None,None,PC,LessThanAve,Cloudy,LittleChange,Dry,StrongWest,LittleChange,Weak,Weak,CThruK,WeakPos,Steep,WeakUp,Wet,N1GtLIGt_4,WeakUp,LVorOther,Average,XNIL,None,LongAnticyc,G,None,LowAtStation,Weak,StronUp,G,None
Jun15_Jul1,Neutral,LittleChange,XNIL,NegToPos,Weak,VeryWet,Cloudy,LessUnstable,None,Steep,PartInhibit,ABI,WeakUp,XNIL,Wet,PartInhibit,NWQuad,PC,LessThanAve,OtherRapid,Wet,B,XNIL,WeakUp,DryMMoistL,None,None,PC,LessThanAve,Cloudy,LittleChange,Average,StrongWest,LittleChange,Weak,Weak,AB,WeakPos,ModerateOrLe,WeakUp,Wet,N1GtLIGt_4,WeakUp,LVorOther,LessUnstable,XNIL,Weak,DenvCyclone,B,None,LowSHighN,Weak,WeakUp,B,E_W_N
May15_Jun14,Neutral,LittleChange,XNIL,NegToPos,None,Wet,Cloudy,LessUnstable,None,Steep,PartInhibit,ABI,WeakUp,XNIL,Wet,PartInhibit,LV,PC,LessThanAve,OtherRapid,Wet,B,XNIL,WeakUp,DryMMoistL,None,None,PC,LessThanAve,Cloudy,LittleChange,Average,StrongWest,LittleChange,None,Moderate,AB,WeakPos,ModerateOrLe,WeakUp,Wet,N1GtLIGt_4,WeakUp,LVorOther,LessUnstable,XNIL,Weak,DenvCyclone,B,None,HighEvrywher,Weak,WeakUp,B,MovingFtorOt
May15_Jun14,Instability,IncCapDecIns,SVR,PosToNeg,Weak,VeryWet,Cloudy,Average,Slight,Steep,PartInhibit,ABI,WeakUp,XNIL,Wet,PartInhibit,NWQuad,PC,LessThanAve,OtherRapid,Wet,B,SVR,WeakUp,DryMMoistL,None,None,PC,LessThanAve,Cloudy,Increasing,Average,StrongWest,Increasing,Weak,Weak,AB,WeakPos,Stable,StrongUp,Wet,N1GtLIGt_4,StrongUp,LVorOther,MoreUnstable,SVR,Weak,DenvCyclone,B,None,HighEvrywher,Weak,StronUp,B,DenvCyclone
Jun15_Jul1,Neutral,DecCapIncIns,XNIL,PosToNeg,None,Wet,Clear,LessUnstable,None,Steep,PartInhibit,ABI,WeakUp,XNIL,Wet,PartInhibit,NWQuad,PC,Average,OtherRapid,Wet,B,XNIL,WeakUp,DryMMoistL,None,Some,PC,Average,PC,Decreasing,Average,StrongWest,LittleChange,Weak,Weak,AB,WeakPos,ModerateOrLe,WeakUp,Wet,N1GtLIGt_4,WeakUp,LVorOther,LessUnstable,XNIL,Weak,SEQuad,B,None,LowSHighN,None,StronUp,B,DenvCyclone
Jun15_Jul1,Instability,IncCapDecIns,SIG,PosToNeg,Weak,Neutral,Cloudy,MoreUnstable,Slight,Steep,PartInhibit,ABI,WeakUp,XNIL,Neutral,PartInhibit,AllElse,PC,LessThanAve,NoMajor,Neutral,B,SIG,Neutral,DryMMoistL,None,None,PC,MoreThanAve,Cloudy,Increasing,Average,StrongWest,LittleChange,Weak,Weak,AB,WeakPos,Stable,Neutral,Wet,N1GtLIGt_4,Neutral,LVorOther,MoreUnstable,SIG,None,SEQuad,B,Other,Other,Weak,Neutral,B,DenvCyclone
Jun15_Jul1,Neutral,LittleChange,SIG,PosToNeg,Weak,Wet,Cloudy,LessUnstable,None,Steep,PartInhibit,ABI,WeakUp,XNIL,Neutral,PartInhibit,AllElse,PC,LessThanAve,NoMajor,Neutral,B,SIG,WeakUp,DryMMoistL,None,None,PC,LessThanAve,Cloudy,LittleChange,Average,StrongWest,LittleChange,Weak,Weak,AB,WeakPos,Stable,WeakUp,Wet,N1GtLIGt_4,WeakUp,LVorOther,LessUnstable,SIG,None,LV,B,Other,HighEvrywher,Weak,StronUp,B,DenvCyclone
Jun15_Jul1,Neutral,LittleChange,XNIL,NegToPos,Weak,Wet,Cloudy,LessUnstable,None,Steep,PartInhibit,ABI,WeakUp,XNIL,Wet,PartInhibit,AllElse,PC,Average,NoMajor,Neutral,B,XNIL,WeakUp,DryMMoistL,None,None,PC,Average,Cloudy,LittleChange,Average,DCVZFavor,LittleChange,Weak,Weak,AB,WeakPos,ModerateOrLe,WeakUp,VeryWet,N1GtLIGt_4,WeakUp,LVorOther,LessUnstable,XNIL,None,SEQuad,B,None,HighEvrywher,None,StronUp,B,DenvCyclone
Jun15_Jul1,Neutral,LittleChange,XNIL,PosToNeg,Weak,VeryWet,Cloudy,Average,Moderate,Steep,None,ABI,WeakUp,SIG,Wet,PartInhibit,NWQuad,PC,LessThanAve,OtherRapid,Wet,B,XNIL,StrongUp,DryMMoistL,None,None,PC,LessThanAve,PC,LittleChange,Average,StrongWest,LittleChange,Weak,Weak,AB,WeakPos,ModerateOrLe,StrongUp,Wet,N1GtLIGt_4,StrongUp,Westerly,Average,SIG,None,DenvCyclone,B,None,HighEvrywher,Weak,WeakUp,B,DenvCyclone
May15_Jun14,Instability,DecCapIncIns,SVR,NegToPos,Weak,VeryWet,PC,Average,Slight,Steep,PartInhibit,ABI,WeakUp,SVR,Wet,PartInhibit,NWQuad,PC,LessThanAve,NoMajor,Wet,B,SVR,Neutral,DryMMoistL,Weak,Marked,PC,LessThanAve,PC,Decreasing,Average,DCVZFavor,LittleChange,Strong,Weak,AB,WeakPos,ModerateOrLe,WeakUp,Wet,N1GtLIGt_4,WeakUp,LVorOther,Average,SVR,Weak,SEQuad,B,None,LowMtsHighPl,Strong,WeakUp,B,DenvCyclone
Jun15_Jul1,Neutral,LittleChange,XNIL,NegToPos,Weak,Neutral,PC,LessUnstable,Slight,Steep,PartInhibit,ABI,WeakUp,SVR,Wet,PartInhibit,LV,PC,LessThanAve,NoMajor,Neutral,B,XNIL,Neutral,DryMMoistL,Strong,Some,PC,LessThanAve,PC,LittleChange,Average,StrongWest,LittleChange,Strong,Weak,AB,WeakPos,Stable,WeakUp,VeryWet,N1GtLIGt_4,WeakUp,LVorOther,LessUnstable,SVR,Weak,DenvCyclone,B,None,HighEvrywher,Strong,WeakUp,B,DenvCyclone
May15_Jun14,Neutral,LittleChange,SIG,PosToNeg,Weak,Wet,Cloudy,LessUnstable,None,Steep,PartInhibit,ABI,WeakUp,XNIL,Wet,PartInhibit,NWQuad,PC,LessThanAve,OtherRapid,Neutral,B,SIG,WeakUp,DryMMoistL,None,None,PC,LessThanAve,Cloudy,LittleChange,Average,DCVZFavor,LittleChange,Weak,Weak,AB,WeakPos,ModerateOrLe,WeakUp,VeryWet,N1GtLIGt_4,WeakUp,LVorOther,LessUnstable,SIG,None,SEQuad,B,None,HighEvrywher,None,WeakUp,B,MovingFtorOt
Jun15_Jul1,Stability,LittleChange,XNIL,PosToNeg,Weak,VeryWet,Cloudy,Average,None,Steep,PartInhibit,ABI,WeakUp,XNIL,Wet,PartInhibit,NWQuad,PC,LessThanAve,NoMajor,Wet,B,XNIL,WeakUp,DryMMoistL,None,Some,PC,LessThanAve,Cloudy,LittleChange,Average,StrongWest,LittleChange,Weak,Weak,AB,WeakPos,ModerateOrLe,WeakUp,Wet,N1GtLIGt_4,WeakUp,Westerly,Average,XNIL,Weak,LV,B,None,HighEvrywher,Weak,Neutral,B,DenvCyclone
Jun15_Jul1,Neutral,LittleChange,SVR,PosToNeg,Weak,VeryWet,Cloudy,LessUnstable,Slight,Steep,PartInhibit,ABI,WeakUp,XNIL,Wet,PartInhibit,NWQuad,PC,LessThanAve,NoMajor,Wet,B,SVR,StrongUp,DryMMoistL,None,Some,PC,LessThanAve,Cloudy,LittleChange,Average,DCVZFavor,Increasing,Weak,Weak,AB,Neutral,ModerateOrLe,StrongUp,Neutral,N1GtLIGt_4,StrongUp,LVorOther,MoreUnstable,SVR,None,DenvCyclone,B,QStationary,HighEvrywher,Weak,WeakUp,B,DenvCyclone
May15_Jun14,Neutral,IncCapDecIns,SVR,PosToNeg,Weak,Wet,PC,LessUnstable,None,Steep,PartInhibit,ABI,WeakUp,SVR,Wet,PartInhibit,NWQuad,PC,LessThanAve,NoMajor,Wet,B,SVR,WeakUp,DryMMoistL,Weak,Marked,PC,MoreThanAve,PC,Increasing,Average,DCVZFavor,Increasing,Strong,Weak,AB,WeakPos,ModerateOrLe,WeakUp,Wet,N1GtLIGt_4,WeakUp,LVorOther,MoreUnstable,SVR,None,SEQuad,B,Other,HighEvrywher,Weak,Neutral,B,DenvCyclone
Jun15_Jul1,Neutral,DecCapIncIns,SIG,PosToNeg,None,VeryWet,PC,MoreUnstable,Moderate,CloseToDryAd,None,CDEJ,WeakUp,XNIL,Wet,PartInhibit,NWQuad,PC,Average,NoMajor,Wet,ACEFK,SIG,WeakUp,MoistMDryL,None,Some,PC,LessThanAve,PC,Decreasing,Dry,StrongWest,LittleChange,Weak,Weak,CThruK,WeakPos,CloseToDryAd,WeakUp,Wet,N1GtLIGt_4,WeakUp,Westerly,MoreUnstable,SIG,Weak,LV,C,Other,LowEvrywhere,Weak,WeakUp,C,E_W_N
May15_Jun14,Instability,IncCapDecIns,XNIL,NegToPos,None,VeryWet,Cloudy,Average,None,Steep,PartInhibit,ABI,WeakUp,XNIL,Wet,PartInhibit,NWQuad,PC,LessThanAve,NoMajor,Wet,B,XNIL,WeakUp,DryMMoistL,None,None,PC,MoreThanAve,Cloudy,Increasing,VeryMoist,StrongWest,LittleChange,Weak,Weak,AB,WeakPos,ModerateOrLe,WeakUp,Wet,N1GtLIGt_4,WeakUp,LVorOther,Average,XNIL,None,SEQuad,B,None,HighEvrywher,Weak,StronUp,B,MovingFtorOt
Jun15_Jul1,Instability,LittleChange,XNIL,LittleChange,None,VeryWet,Cloudy,Average,None,CloseToDryAd,PartInhibit,CDEJ,StrongUp,XNIL,Wet,PartInhibit,NWQuad,PC,Average,NoMajor,Wet,ACEFK,XNIL,WeakUp,MoistMDryL,None,None,PC,Average,Cloudy,LittleChange,Dry,DCVZFavor,LittleChange,None,Weak,CThruK,WeakPos,ModerateOrLe,WeakUp,Neutral,N1GtLIGt_4,WeakUp,Westerly,Average,XNIL,Weak,LV,C,Other,LowEvrywhere,Weak,WeakUp,C,E_W_N
Jun15_Jul1,Instability,LittleChange,SIG,PosToNeg,Weak,VeryWet,Cloudy,MoreUnstable,None,Steep,PartInhibit,ABI,StrongUp,XNIL,Wet,PartInhibit,NWQuad,PC,LessThanAve,NoMajor,Wet,B,SIG,WeakUp,DryMMoistL,None,None,PC,LessThanAve,Cloudy,LittleChange,Average,StrongWest,LittleChange,Weak,Weak,AB,WeakPos,ModerateOrLe,StrongUp,Wet,N1GtLIGt_4,StrongUp,LVorOther,MoreUnstable,SIG,None,SEQuad,B,None,HighEvrywher,Weak,WeakUp,B,DenvCyclone
Jun15_Jul1,Neutral,DecCapIncIns,SVR,LittleChange,Weak,VeryWet,PC,MoreUnstable,None,CloseToDryAd,PartInhibit,CDEJ,WeakUp,SVR,Wet,PartInhibit,NWQuad,PC,Average,NoMajor,Wet,ACEFK,SVR,Neutral,Other,Strong,Marked,PC,LessThanAve,PC,Decreasing,Dry,StrongWest,LittleChange,Strong,Moderate,CThruK,WeakPos,CloseToDryAd,WeakUp,Wet,N1GtLIGt_4,WeakUp,Westerly,MoreUnstable,SVR,Weak,LongAnticyc,C,Other,LowEvrywhere,Strong,WeakUp,C,E_W_N
Jun15_Jul1,Neutral,IncCapDecIns,XNIL,SigNegative,None,Wet,PC,MoreUnstable,None,CloseToDryAd,PartInhibit,CDEJ,WeakUp,XNIL,Wet,PartInhibit,NWQuad,PC,Average,MarkedUpper,VeryWet,ACEFK,XNIL,WeakUp,MoistMDryL,Strong,Marked,PC,Average,PC,Increasing,Dry,DCVZFavor,Increasing,Weak,Weak,CThruK,WeakPos,ModerateOrLe,WeakUp,Wet,N1GtLIGt_4,WeakUp,Westerly,MoreUnstable,XNIL,Weak,LongAnticyc,C,Other,LowEvrywhere,Strong,WeakUp,C,E_W_N
May15_Jun14,Neutral,LittleChange,SVR,LittleChange,Weak,VeryWet,Cloudy,Average,Slight,CloseToDryAd,PartInhibit,G,WeakUp,XNIL,Wet,PartInhibit,SWQuad,PC,Average,NoMajor,Wet,GJ,SVR,WeakUp,MoistMDryL,None,None,PC,Average,Cloudy,LittleChange,Dry,StrongWest,LittleChange,Weak,Weak,CThruK,WeakPos,CloseToDryAd,WeakUp,Wet,N1GtLIGt_4,WeakUp,Westerly,MoreUnstable,SVR,None,WidespdDnsl,G,Other,LowEvrywhere,None,WeakUp,G,None
Jun15_Jul1,Neutral,LittleChange,XNIL,LittleChange,Weak,Wet,Cloudy,MoreUnstable,Slight,CloseToDryAd,PartInhibit,CDEJ,WeakUp,SIG,Wet,PartInhibit,NWQuad,PC,Average,NoMajor,Wet,ACEFK,XNIL,WeakUp,Other,None,None,PC,Average,Cloudy,LittleChange,Dry,StrongWest,LittleChange,Weak,Weak,CThruK,WeakPos,CloseToDryAd,WeakUp,Wet,N1GtLIGt_4,WeakUp,Westerly,MoreUnstable,SIG,None,LV,C,None,LowEvrywhere,Weak,WeakUp,C,E_W_N
May15_Jun14,Instability,IncCapDecIns,SVR,SigPositive,None,VeryWet,Cloudy,MoreUnstable,Slight,CloseToDryAd,PartInhibit,G,StrongUp,XNIL,Wet,PartInhibit,SWQuad,PC,Average,NoMajor,Wet,GJ,SVR,WeakUp,MoistMDryL,None,None,Clear,Average,PC,Increasing,Dry,DCVZFavor,Increasing,None,Weak,CThruK,WeakPos,CloseToDryAd,StrongUp,Wet,N1GtLIGt_4,StrongUp,Westerly,MoreUnstable,SVR,Weak,WidespdDnsl,G,Other,LowAtStation,Weak,WeakUp,G,None
Jun15_Jul1,Neutral,LittleChange,XNIL,PosToNeg,None,Wet,Cloudy,LessUnstable,Slight,Steep,PartInhibit,ABI,Down,XNIL,Wet,PartInhibit,AllElse,PC,LessThanAve,NoMajor,Neutral,B,XNIL,WeakUp,DryMMoistL,None,None,PC,LessThanAve,Cloudy,LittleChange,Average,DCVZFavor,LittleChange,None,Weak,AB,WeakPos,ModerateOrLe,WeakUp,Neutral,N1GtLIGt_4,WeakUp,LVorOther,LessUnstable,XNIL,None,SEQuad,B,Other,LowSHighN,Weak,Neutral,B,MovingFtorOt
Jun15_Jul1,Neutral,LittleChange,XNIL,SigPositive,Weak,Neutral,Clear,MoreUnstable,None,Steep,PartInhibit,CDEJ,WeakUp,XNIL,Wet,PartInhibit,NWQuad,PC,Average,NoMajor,Neutral,ACEFK,XNIL,Neutral,Other,None,None,PC,Average,PC,LittleChange,Dry,StrongWest,Decreasing,Weak,Weak,CThruK,WeakPos,CloseToDryAd,Neutral,VeryWet,N1GtLIGt_4,Neutral,Westerly,Average,XNIL,None,LongAnticyc,C,Moving,LowEvrywhere,Weak,Neutral,C,E_W_N
Jun15_Jul1,Instability,IncCapDecIns,XNIL,LittleChange,Weak,VeryWet,Cloudy,Average,None,Steep,PartInhibit,CDEJ,WeakUp,XNIL,Wet,PartInhibit,NWQuad,PC,Average,MarkedUpper,Wet,ACEFK,XNIL,WeakUp,MoistMDryL,Strong,None,PC,Average,Cloudy,Increasing,Dry,DCVZFavor,LittleChange,Weak,Weak,CThruK,WeakPos,CloseToDryAd,WeakUp,Wet,N1GtLIGt_4,WeakUp,Westerly,Average,XNIL,None,LongAnticyc,C,Moving,LowEvrywhere,Strong,WeakUp,C,E_W_N
Jun15_Jul1,Neutral,DecCapIncIns,XNIL,PosToNeg,Weak,VeryWet,PC,LessUnstable,Slight,Steep,PartInhibit,ABI,WeakUp,SVR,Wet,PartInhibit,NWQuad,PC,LessThanAve,NoMajor,Wet,B,XNIL,WeakUp,DryMMoistL,Weak,Marked,PC,LessThanAve,PC,Decreasing,Average,DCVZFavor,LittleChange,Strong,Weak,AB,WeakPos,ModerateOrLe,WeakUp,Wet,N1GtLIGt_4,WeakUp,Westerly,LessUnstable,SVR,Weak,DenvCyclone,B,Other,HighEvrywher,Strong,WeakUp,B,DenvCyclone
May15_Jun14,Instability,IncCapDecIns,SVR,SigPositive,None,Neutral,PC,MoreUnstable,Slight,CloseToDryAd,PartInhibit,G,WeakUp,SIG,Neutral,PartInhibit,SWQuad,PC,Average,NoMajor,Neutral,GJ,SVR,WeakUp,MoistMDryL,Weak,None,PC,Average,PC,Increasing,Dry,DCVZFavor,Increasing,Weak,Weak,CThruK,WeakPos,CloseToDryAd,WeakUp,Wet,N1GtLIGt_4,WeakUp,Westerly,MoreUnstable,SVR,None,WidespdDnsl,G,Other,LowEvrywhere,Weak,WeakUp,G,None
Jun15_Jul1,Neutral,DecCapIncIns,XNIL,SigNegative,Weak,Wet,Cloudy,MoreUnstable,None,CloseToDryAd,PartInhibit,CDEJ,WeakUp,XNIL,Neutral,PartInhibit,NWQuad,PC,Average,NoMajor,Neutral,ACEFK,XNIL,StrongUp,MoistMDryL,None,None,PC,LessThanAve,Cloudy,Decreasing,Dry,StrongWest,LittleChange,Weak,Weak,CThruK,WeakPos,CloseToDryAd,StrongUp,Wet,N1GtLIGt_4,StrongUp,Westerly,MoreUnstable,XNIL,Weak,LongAnticyc,C,Other,LowEvrywhere,Strong,WeakUp,C,E_W_N
Jun15_Jul1,Neutral,IncCapDecIns,SIG,PosToNeg,Weak,Wet,PC,LessUnstable,Slight,Steep,PartInhibit,ABI,WeakUp,SVR,Wet,PartInhibit,NWQuad,PC,LessThanAve,OtherRapid,Wet,B,SIG,WeakUp,DryMMoistL,Strong,Marked,PC,MoreThanAve,PC,Increasing,Average,StrongWest,Increasing,Strong,Weak,AB,WeakPos,ModerateOrLe,WeakUp,Wet,N1GtLIGt_4,WeakUp,LVorOther,MoreUnstable,SVR,None,SEQuad,B,None,HighEvrywher,Weak,Neutral,B,MovingFtorOt
Jun15_Jul1,Instability,LittleChange,SIG,SigNegative,Weak,VeryWet,Cloudy,MoreUnstable,Slight,CloseToDryAd,PartInhibit,CDEJ,StrongUp,XNIL,Wet,PartInhibit,NWQuad,PC,Average,NoMajor,Wet,ACEFK,SIG,WeakUp,MoistMDryL,None,None,PC,Average,Cloudy,LittleChange,Dry,StrongWest,LittleChange,Weak,Weak,CThruK,WeakPos,CloseToDryAd,StrongUp,Wet,N1GtLIGt_4,StrongUp,Westerly,MoreUnstable,SIG,None,LongAnticyc,C,Other,LowEvrywhere,None,StronUp,C,E_W_N
Jun15_Jul1,Neutral,LittleChange,XNIL,PosToNeg,Weak,VeryWet,Cloudy,LessUnstable,Moderate,Steep,None,ABI,WeakUp,XNIL,Wet,PartInhibit,NWQuad,PC,Average,StrongFront,Wet,HI,XNIL,WeakUp,Other,None,None,PC,Average,Cloudy,LittleChange,Average,StrongWest,LittleChange,Weak,Weak,CThruK,WeakPos,ModerateOrLe,WeakUp,Wet,N1GtLIGt_4,WeakUp,Westerly,LessUnstable,XNIL,Weak,LV,I,QStationary,LowSHighN,Weak,WeakUp,I,MovingFtorOt
Jun15_Jul1,Neutral,IncCapDecIns,XNIL,LittleChange,Weak,Neutral,PC,MoreUnstable,None,CloseToDryAd,PartInhibit,CDEJ,WeakUp,SVR,Neutral,PartInhibit,NWQuad,PC,Average,NoMajor,Dry,ACEFK,XNIL,WeakUp,MoistMDryL,Strong,Marked,PC,Average,PC,Increasing,Dry,StrongWest,Increasing,Strong,Weak,CThruK,WeakPos,CloseToDryAd,WeakUp,VeryWet,N1GtLIGt_4,WeakUp,Westerly,MoreUnstable,SVR,None,LongAnticyc,C,Other,LowEvrywhere,Weak,WeakUp,C,E_W_N
Jun15_Jul1,Neutral,IncCapDecIns,XNIL,NegToPos,Weak,VeryWet,PC,LessUnstable,Slight,Steep,PartInhibit,ABI,WeakUp,XNIL,Wet,PartInhibit,NWQuad,PC,LessThanAve,NoMajor,Wet,B,XNIL,WeakUp,DryMMoistL,Strong,Marked,PC,LessThanAve,PC,Increasing,Average,StrongWest,Increasing,Strong,Weak,AB,WeakPos,Stable,WeakUp,Wet,N1GtLIGt_4,WeakUp,LVorOther,LessUnstable,XNIL,Weak,SEQuad,B,QStationary,HighEvrywher,Strong,WeakUp,B,DenvCyclone
Jun15_Jul1,Neutral,DecCapIncIns,XNIL,NegToPos,None,VeryWet,PC,LessUnstable,Slight,Steep,PartInhibit,ABI,WeakUp,XNIL,Wet,PartInhibit,NWQuad,PC,LessThanAve,NoMajor,Wet,B,XNIL,WeakUp,DryMMoistL,Weak,None,PC,LessThanAve,PC,Decreasing,Average,StrongWest,LittleChange,Weak,Weak,AB,WeakPos,ModerateOrLe,WeakUp,Wet,N1GtLIGt_4,WeakUp,Westerly,LessUnstable,XNIL,Weak,DenvCyclone,B,None,LowMtsHighPl,Weak,WeakUp,B,DenvCyclone
Jun15_Jul1,Stability,LittleChange,XNIL,SigPositive,Weak,VeryWet,Cloudy,MoreUnstable,None,CloseToDryAd,PartInhibit,CDEJ,WeakUp,XNIL,Wet,PartInhibit,NWQuad,PC,Average,NoMajor,Wet,ACEFK,XNIL,WeakUp,MoistMDryL,None,None,PC,Average,Cloudy,LittleChange,Average,StrongWest,LittleChange,Weak,Weak,CThruK,WeakPos,Steep,WeakUp,Wet,N1GtLIGt_4,WeakUp,Westerly,MoreUnstable,XNIL,Weak,LongAnticyc,C,Other,LowEvrywhere,Weak,WeakUp,C,E_W_N
May15_Jun14,Neutral,IncCapDecIns,SVR,NegToPos,Weak,Wet,PC,Average,Slight,Steep,PartInhibit,ABI,StrongUp,SVR,Neutral,PartInhibit,NWQuad,PC,LessThanAve,NoMajor,Neutral,B,SVR,WeakUp,DryMMoistL,Strong,Marked,PC,MoreThanAve,PC,Increasing,Average,StrongWest,LittleChange,Strong,Weak,AB,WeakPos,ModerateOrLe,WeakUp,Wet,N1GtLIGt_4,WeakUp,LVorOther,Average,SVR,Weak,LV,B,None,HighEvrywher,Strong,Neutral,B,DenvCyclone
May15_Jun14,Stability,LittleChange,XNIL,PosToNeg,Weak,VeryWet,Cloudy,Average,Slight,Steep,PartInhibit,ABI,StrongUp,XNIL,Wet,PartInhibit,AllElse,PC,LessThanAve,NoMajor,Wet,B,XNIL,WeakUp,DryMMoistL,None,Some,PC,LessThanAve,Cloudy,LittleChange,Average,StrongWest,Decreasing,Weak,Weak,AB,WeakPos,Stable,StrongUp,Wet,N1GtLIGt_4,StrongUp,LVorOther,LessUnstable,XNIL,None,DenvCyclone,B,None,HighEvrywher,Weak,WeakUp,B,DenvCyclone
Jun15_Jul1,Neutral,IncCapDecIns,SIG,LittleChange,None,VeryWet,Cloudy,MoreUnstable,Slight,CloseToDryAd,PartInhibit,CDEJ,StrongUp,XNIL,Wet,PartInhibit,NWQuad,PC,Average,NoMajor,Wet,ACEFK,SIG,WeakUp,Other,None,None,PC,Average,Cloudy,Increasing,Average,DCVZFavor,LittleChange,None,Weak,CThruK,WeakPos,CloseToDryAd,StrongUp,Wet,N1GtLIGt_4,StrongUp,Westerly,MoreUnstable,SIG,Weak,LV,C,Other,LowEvrywhere,Weak,WeakUp,C,E_W_N
May15_Jun14,Neutral,LittleChange,SIG,PosToNeg,None,VeryWet,Cloudy,Average,None,Steep,PartInhibit,ABI,WeakUp,XNIL,Wet,PartInhibit,NWQuad,PC,LessThanAve,NoMajor,Wet,B,SIG,Neutral,DryMMoistL,None,None,PC,LessThanAve,Cloudy,LittleChange,Average,StrongWest,Increasing,None,Weak,AB,WeakPos,ModerateOrLe,WeakUp,Wet,N1GtLIGt_4,WeakUp,LVorOther,MoreUnstable,SIG,Weak,DenvCyclone,B,None,HighEvrywher,Weak,WeakUp,B,DenvCyclone
Jun15_Jul1,Instability,LittleChange,XNIL,PosToNeg,Weak,VeryWet,PC,Average,None,Steep,PartInhibit,ABI,WeakUp,SVR,Wet,PartInhibit,NWQuad,Clear,LessThanAve,OtherRapid,Wet,B,XNIL,WeakUp,DryMMoistL,Strong,Some,PC,LessThanAve,Clear,LittleChange,Average,StrongWest,Decreasing,Strong,Weak,AB,WeakPos,ModerateOrLe,WeakUp,Neutral,N1GtLIGt_4,WeakUp,LVorOther,Average,SVR,Weak,LV,B,Other,HighEvrywher,Strong,WeakUp,B,MovingFtorOt
May15_Jun14,Neutral,LittleChange,XNIL,SigPositive,None,Wet,Cloudy,Average,Moderate,CloseToDryAd,None,G,WeakUp,XNIL,Wet,PartInhibit,LV,PC,Average,NoMajor,Wet,GJ,XNIL,WeakUp,MoistMDryL,None,None,PC,Average,Cloudy,LittleChange,Dry,StrongWest,LittleChange,None,Weak,CThruK,WeakPos,CloseToDryAd,WeakUp,Wet,N1GtLIGt_4,WeakUp,Westerly,Average,XNIL,Weak,WidespdDnsl,G,Other,LowAtStation,Weak,WeakUp,G,None
May15_Jun14,Instability,DecCapIncIns,XNIL,LittleChange,None,VeryWet,PC,MoreUnstable,None,CloseToDryAd,PartInhibit,G,WeakUp,XNIL,Wet,PartInhibit,SWQuad,PC,Average,NoMajor,Wet,GJ,XNIL,WeakUp,MoistMDryL,None,None,PC,LessThanAve,PC,Decreasing,Dry,DCVZFavor,LittleChange,None,Weak,CThruK,WeakPos,CloseToDryAd,WeakUp,Wet,N1GtLIGt_4,WeakUp,LVorOther,MoreUnstable,XNIL,None,WidespdDnsl,G,Other,LowEvrywhere,Weak,Neutral,G,None
May15_Jun14,Neutral,LittleChange,XNIL,LittleChange,None,VeryWet,Cloudy,Average,Slight,CloseToDryAd,PartInhibit,G,WeakUp,XNIL,Wet,None,SWQuad,PC,Average,NoMajor,Wet,GJ,XNIL,WeakUp,MoistMDryL,None,None,PC,Average,Cloudy,LittleChange,Dry,DCVZFavor,Decreasing,None,Weak,CThruK,WeakPos,CloseToDryAd,WeakUp,Wet,N1GtLIGt_4,WeakUp,LVorOther,Average,XNIL,Weak,WidespdDnsl,G,None,LowEvrywhere,Weak,WeakUp,G,Other
Jun15_Jul1,Stability,DecCapIncIns,XNIL,PosToNeg,Weak,Neutral,Cloudy,Average,None,Steep,PartInhibit,ABI,StrongUp,XNIL,Wet,PartInhibit,LV,PC,LessThanAve,NoMajor,Wet,B,XNIL,WeakUp,DryMMoistL,None,Some,PC,LessThanAve,Cloudy,Decreasing,Average,StrongWest,LittleChange,Weak,Weak,AB,WeakPos,ModerateOrLe,Neutral,Wet,N1GtLIGt_4,Neutral,LVorOther,Average,XNIL,Weak,SEQuad,B,None,HighEvrywher,Weak,Neutral,B,DenvCyclone
Jun15_Jul1,Neutral,LittleChange,XNIL,PosToNeg,Weak,Wet,Cloudy,LessUnstable,Slight,Steep,PartInhibit,ABI,StrongUp,XNIL,Neutral,PartInhibit,NWQuad,PC,LessThanAve,NoMajor,Neutral,B,XNIL,WeakUp,DryMMoistL,None,None,PC,LessThanAve,Cloudy,LittleChange,Average,StrongWest,LittleChange,Weak,Weak,AB,WeakPos,Stable,StrongUp,Wet,N1GtLIGt_4,StrongUp,LVorOther,LessUnstable,XNIL,Weak,DenvCyclone,B,None,LowSHighN,Weak,WeakUp,B,DenvCyclone
Jun15_Jul1,Neutral,DecCapIncIns,XNIL,PosToNeg,Weak,VeryWet,Cloudy,LessUnstable,None,Steep,PartInhibit,ABI,StrongUp,XNIL,Wet,PartInhibit,NWQuad,PC,LessThanAve,NoMajor,Wet,B,XNIL,WeakUp,DryMMoistL,None,Marked,PC,LessThanAve,Cloudy,Decreasing,Average,DCVZFavor,LittleChange,Weak,Weak,AB,WeakPos,ModerateOrLe,StrongUp,Wet,N1GtLIGt_4,StrongUp,Westerly,LessUnstable,XNIL,Weak,SEQuad,B,None,HighEvrywher,Weak,WeakUp,B,MovingFtorOt
Aug11_Aug20,Neutral,LittleChange,SVR,SigPositive,Weak,VeryWet,Cloudy,MoreUnstable,Moderate,ModerateOrLe,None,CDEJ,WeakUp,SIG,Wet,PartInhibit,AllElse,PC,Average,StrongFront,Wet,D,SVR,WeakUp,DryMMoistL,None,None,Cloudy,Average,Cloudy,LittleChange,Average,DCVZFavor,LittleChange,Weak,Weak,CThruK,WeakPos,CloseToDryAd,WeakUp,Wet,N1GtLIGt_4,WeakUp,Westerly,MoreUnstable,SVR,Weak,LV,D,Other,LowSHighN,Weak,WeakUp,D,DryLine
Jun15_Jul1,Neutral,LittleChange,SVR,PosToNeg,Weak,VeryWet,Cloudy,MoreUnstable,None,CloseToDryAd,PartInhibit,CDEJ,WeakUp,XNIL,Wet,PartInhibit,LV,PC,Average,NoMajor,Wet,ACEFK,SVR,WeakUp,MoistMDryL,None,Some,PC,Average,Cloudy,LittleChange,Dry,DCVZFavor,LittleChange,Weak,Weak,CThruK,WeakPos,ModerateOrLe,WeakUp,Wet,N1GtLIGt_4,WeakUp,Westerly,MoreUnstable,SVR,None,LV,C,Other,LowEvrywhere,Weak,WeakUp,C,E_W_N
May15_Jun14,Instability,LittleChange,SVR,NegToPos,None,VeryWet,Cloudy,Average,Slight,Steep,PartInhibit,ABI,WeakUp,XNIL,Wet,PartInhibit,NWQuad,PC,LessThanAve,OtherRapid,Wet,B,SVR,StrongUp,DryMMoistL,None,None,PC,LessThanAve,PC,LittleChange,Average,StrongWest,LittleChange,None,Weak,AB,WeakPos,Stable,StrongUp,Neutral,N1GtLIGt_4,StrongUp,LVorOther,Average,SVR,Weak,SEQuad,B,None,LowSHighN,Weak,Neutral,B,DenvCyclone
May15_Jun14,Neutral,LittleChange,XNIL,SigPositive,Weak,VeryWet,Cloudy,Average,Slight,CloseToDryAd,PartInhibit,G,WeakUp,SIG,Wet,PartInhibit,NWQuad,PC,Average,NoMajor,Wet,GJ,XNIL,Neutral,MoistMDryL,None,None,PC,Average,Cloudy,LittleChange,Dry,StrongWest,LittleChange,Weak,Weak,CThruK,WeakPos,CloseToDryAd,WeakUp,Wet,N1GtLIGt_4,WeakUp,Westerly,Average,SIG,Weak,WidespdDnsl,G,None,LowAtStation,Weak,WeakUp,G,None
Jun15_Jul1,Stability,IncCapDecIns,XNIL,PosToNeg,Weak,VeryWet,Cloudy,LessUnstable,None,Steep,PartInhibit,ABI,WeakUp,XNIL,Wet,PartInhibit,NWQuad,PC,LessThanAve,NoMajor,Wet,B,XNIL,Neutral,DryMMoistL,None,None,PC,MoreThanAve,Cloudy,Increasing,Average,StrongWest,Increasing,Weak,Weak,AB,StrongPos,ModerateOrLe,WeakUp,Wet,N1GtLIGt_4,WeakUp,LVorOther,LessUnstable,XNIL,Weak,DenvCyclone,B,None,HighEvrywher,Weak,WeakUp,B,DenvCyclone
May15_Jun14,Instability,LittleChange,XNIL,NegToPos,Weak,VeryWet,PC,Average,None,Steep,PartInhibit,ABI,StrongUp,SVR,Wet,PartInhibit,NWQuad,PC,LessThanAve,NoMajor,Wet,B,XNIL,Neutral,DryMMoistL,Strong,Marked,PC,LessThanAve,PC,LittleChange,Average,StrongWest,Decreasing,Strong,Weak,AB,WeakPos,ModerateOrLe,WeakUp,Wet,N1GtLIGt_4,WeakUp,Westerly,Average,SVR,None,DenvCyclone,B,Other,HighEvrywher,Weak,WeakUp,B,DenvCyclone
May15_Jun14,Stability,LittleChange,XNIL,LittleChange,Weak,VeryWet,Cloudy,Average,None,CloseToDryAd,PartInhibit,G,WeakUp,XNIL,Wet,PartInhibit,SWQuad,PC,Average,NoMajor,Wet,GJ,XNIL,WeakUp,MoistMDryL,None,None,PC,Average,Cloudy,LittleChange,Dry,DCVZFavor,LittleChange,Weak,Weak,CThruK,WeakPos,CloseToDryAd,WeakUp,Wet,N1GtLIGt_4,WeakUp,Westerly,Average,XNIL,None,WidespdDnsl,G,Other,LowEvrywhere,Weak,WeakUp,G,None
Jun15_Jul1,Instability,LittleChange,SIG,NegToPos,None,Wet,Cloudy,LessUnstable,None,Steep,PartInhibit,ABI,WeakUp,XNIL,Neutral,PartInhibit,LV,PC,LessThanAve,OtherRapid,Neutral,B,SIG,WeakUp,DryMMoistL,None,None,PC,LessThanAve,Cloudy,LittleChange,Average,StrongWest,LittleChange,None,Weak,AB,WeakPos,ModerateOrLe,WeakUp,Wet,N1GtLIGt_4,WeakUp,LVorOther,LessUnstable,SIG,None,SEQuad,B,Other,LowMtsHighPl,Weak,Neutral,B,E_W_N
Jun15_Jul1,Instability,LittleChange,SVR,NegToPos,None,Wet,Cloudy,Average,Slight,Steep,PartInhibit,ABI,WeakUp,XNIL,Neutral,PartInhibit,AllElse,PC,LessThanAve,OtherRapid,Neutral,B,SVR,WeakUp,DryMMoistL,None,None,PC,LessThanAve,Cloudy,LittleChange,Average,StrongWest,LittleChange,None,Weak,AB,WeakPos,ModerateOrLe,WeakUp,Neutral,N1GtLIGt_4,WeakUp,LVorOther,Average,SVR,Weak,LV,B,None,LowSHighN,Weak,WeakUp,B,DenvCyclone
Jun15_Jul1,Instability,DecCapIncIns,XNIL,PosToNeg,Weak,Wet,PC,MoreUnstable,None,Steep,PartInhibit,ABI,WeakUp,XNIL,Wet,PartInhibit,NWQuad,PC,LessThanAve,OtherRapid,VeryWet,B,XNIL,Neutral,DryMMoistL,None,None,PC,LessThanAve,PC,Decreasing,Average,StrongWest,LittleChange,Weak,Weak,AB,WeakPos,Stable,WeakUp,VeryWet,N5GtLIGt_8,WeakUp,Westerly,Average,XNIL,Weak,SEQuad,B,None,HighEvrywher,Weak,StronUp,B,DenvCyclone
Jun15_Jul1,Neutral,LittleChange,SIG,NegToPos,Weak,VeryWet,Cloudy,LessUnstable,Moderate,Steep,None,ABI,WeakUp,XNIL,Wet,PartInhibit,NWQuad,PC,LessThanAve,NoMajor,Wet,B,SIG,Neutral,DryMMoistL,None,None,PC,LessThanAve,Cloudy,LittleChange,Average,StrongWest,Decreasing,Weak,Weak,AB,WeakPos,ModerateOrLe,WeakUp,Wet,N1GtLIGt_4,WeakUp,LVorOther,LessUnstable,SIG,Weak,SEQuad,B,None,LowSHighN,Weak,WeakUp,B,MovingFtorOt
Jun15_Jul1,Instability,DecCapIncIns,XNIL,PosToNeg,None,VeryWet,PC,Average,None,Steep,PartInhibit,ABI,WeakUp,XNIL,Wet,PartInhibit,NWQuad,Clear,Average,OtherRapid,Wet,B,XNIL,WeakUp,DryMMoistL,None,None,PC,LessThanAve,PC,Decreasing,Average,StrongWest,LittleChange,None,Weak,AB,WeakPos,ModerateOrLe,WeakUp,Wet,N1GtLIGt_4,WeakUp,LVorOther,Average,XNIL,Weak,LV,B,None,HighEvrywher,None,Neutral,B,DenvCyclone
May15_Jun14,Neutral,LittleChange,SIG,SigPositive,Weak,VeryWet,Cloudy,Average,Moderate,CloseToDryAd,None,G,WeakUp,XNIL,Wet,PartInhibit,NWQuad,PC,Average,NoMajor,Wet,GJ,SIG,WeakUp,MoistMDryL,None,None,PC,Average,Cloudy,LittleChange,Dry,StrongWest,LittleChange,Weak,Weak,CThruK,WeakPos,CloseToDryAd,WeakUp,Wet,N1GtLIGt_4,WeakUp,Westerly,Average,SIG,Weak,LongAnticyc,G,Other,LowEvrywhere,None,WeakUp,G,None
Jun15_Jul1,Neutral,IncCapDecIns,XNIL,PosToNeg,Weak,Neutral,PC,LessUnstable,Slight,Steep,PartInhibit,ABI,WeakUp,XNIL,Wet,PartInhibit,NWQuad,PC,LessThanAve,OtherRapid,Wet,B,XNIL,Neutral,DryMMoistL,Strong,None,PC,MoreThanAve,PC,Increasing,Average,StrongWest,LittleChange,Weak,Weak,AB,WeakPos,ModerateOrLe,Neutral,Wet,N1GtLIGt_4,Neutral,LVorOther,LessUnstable,XNIL,Weak,DenvCyclone,B,None,HighEvrywher,Strong,Neutral,B,DenvCyclone
Jun15_Jul1,Neutral,IncCapDecIns,XNIL,NegToPos,Weak,VeryWet,PC,Average,None,Steep,PartInhibit,ABI,WeakUp,SVR,Wet,PartInhibit,NWQuad,PC,LessThanAve,NoMajor,Wet,B,XNIL,WeakUp,DryMMoistL,Strong,Marked,PC,LessThanAve,PC,Increasing,Average,StrongWest,Increasing,Strong,Weak,AB,WeakPos,ModerateOrLe,WeakUp,Wet,N1GtLIGt_4,WeakUp,LVorOther,Average,SVR,Weak,SEQuad,B,Other,Other,Strong,WeakUp,B,MovingFtorOt
May15_Jun14,Neutral,IncCapDecIns,XNIL,LittleChange,Weak,VeryWet,PC,Average,None,CloseToDryAd,PartInhibit,G,WeakUp,SVR,Wet,PartInhibit,SWQuad,PC,Average,NoMajor,Wet,GJ,XNIL,WeakUp,MoistMDryL,Strong,Marked,PC,Average,PC,Increasing,Dry,StrongWest,Increasing,Strong,Weak,CThruK,WeakPos,CloseToDryAd,WeakUp,Wet,N1GtLIGt_4,WeakUp,Westerly,Average,SVR,None,WidespdDnsl,G,Other,LowEvrywhere,Weak,WeakUp,G,None
Jun15_Jul1,Instability,LittleChange,SIG,PosToNeg,Weak,VeryWet,Cloudy,Average,Slight,Steep,PartInhibit,ABI,WeakUp,XNIL,Wet,PartInhibit,NWQuad,PC,LessThanAve,OtherRapid,Wet,B,SIG,WeakUp,DryMMoistL,None,None,PC,LessThanAve,Cloudy,LittleChange,Average,StrongWest,Decreasing,Weak,Weak,AB,WeakPos,Stable,WeakUp,Wet,N1GtLIGt_4,WeakUp,LVorOther,Average,SIG,Weak,DenvCyclone,B,Other,LowSHighN,Weak,Neutral,B,DenvCyclone
Jun15_Jul1,Neutral,LittleChange,XNIL,LittleChange,None,Wet,Cloudy,LessUnstable,None,Steep,PartInhibit,ABI,WeakUp,XNIL,Wet,PartInhibit,NWQuad,PC,LessThanAve,OtherRapid,Wet,B,XNIL,Neutral,DryMMoistL,None,None,PC,LessThanAve,Cloudy,LittleChange,Average,StrongWest,LittleChange,None,Weak,AB,WeakPos,Stable,WeakUp,Wet,N1GtLIGt_4,WeakUp,LVorOther,LessUnstable,XNIL,None,DenvCyclone,B,None,HighEvrywher,None,WeakUp,B,DenvCyclone
Jun15_Jul1,Neutral,LittleChange,XNIL,PosToNeg,Weak,VeryWet,PC,LessUnstable,Moderate,Steep,PartInhibit,ABI,WeakUp,SVR,Wet,PartInhibit,NWQuad,PC,LessThanAve,NoMajor,Wet,B,XNIL,WeakUp,DryMMoistL,Strong,Some,Clear,LessThanAve,Clear,LittleChange,Average,DCVZFavor,LittleChange,Strong,Moderate,AB,WeakPos,Stable,WeakUp,Wet,N1GtLIGt_4,WeakUp,Westerly,LessUnstable,SVR,Weak,SEQuad,B,None,HighEvrywher,Strong,WeakUp,B,DenvCyclone
May15_Jun14,Instability,IncCapDecIns,SVR,PosToNeg,Weak,VeryWet,Cloudy,MoreUnstable,None,Steep,PartInhibit,ABI,StrongUp,XNIL,Wet,PartInhibit,NWQuad,PC,LessThanAve,OtherRapid,Wet,B,SVR,WeakUp,DryMMoistL,Strong,None,PC,MoreThanAve,Cloudy,Increasing,Average,DCVZFavor,Increasing,Weak,Weak,AB,WeakPos,ModerateOrLe,WeakUp,Wet,N1GtLIGt_4,WeakUp,Westerly,MoreUnstable,SVR,Weak,DenvCyclone,B,None,HighEvrywher,Strong,WeakUp,B,DenvCyclone
Jun15_Jul1,Stability,LittleChange,XNIL,PosToNeg,Weak,VeryWet,PC,Average,None,Steep,PartInhibit,ABI,StrongUp,SVR,Wet,PartInhibit,AllElse,PC,LessThanAve,NoMajor,Wet,B,XNIL,WeakUp,DryMMoistL,Strong,Some,PC,LessThanAve,PC,LittleChange,Average,DCVZFavor,Decreasing,Strong,Weak,AB,WeakPos,ModerateOrLe,WeakUp,Wet,N1GtLIGt_4,WeakUp,LVorOther,Average,SVR,Weak,LV,B,Other,HighEvrywher,Strong,Neutral,B,MovingFtorOt
Jun15_Jul1,Neutral,LittleChange,XNIL,PosToNeg,Weak,VeryWet,Cloudy,Average,None,Steep,PartInhibit,ABI,WeakUp,XNIL,Wet,PartInhibit,LV,PC,LessThanAve,OtherRapid,Wet,B,XNIL,WeakUp,DryMMoistL,None,None,PC,LessThanAve,Cloudy,LittleChange,Average,StrongWest,LittleChange,Weak,Weak,AB,WeakPos,ModerateOrLe,WeakUp,Wet,N1GtLIGt_4,WeakUp,LVorOther,Average,XNIL,None,SEQuad,B,Other,HighEvrywher,Weak,WeakUp,B,DenvCyclone
Jun15_Jul1,Neutral,LittleChange,SIG,PosToNeg,Weak,VeryWet,Cloudy,LessUnstable,Moderate,Steep,None,ABI,WeakUp,SIG,Wet,PartInhibit,AllElse,PC,LessThanAve,NoMajor,Wet,B,SIG,WeakUp,DryMMoistL,None,None,PC,LessThanAve,Cloudy,LittleChange,Average,StrongWest,LittleChange,Weak,Weak,AB,WeakPos,ModerateOrLe,WeakUp,Wet,N1GtLIGt_4,WeakUp,LVorOther,LessUnstable,SIG,None,LV,B,None,HighEvrywher,Weak,WeakUp,B,DenvCyclone
Jun15_Jul1,Neutral,IncCapDecIns,SIG,SigNegative,Weak,VeryWet,PC,MoreUnstable,Slight,CloseToDryAd,PartInhibit,CDEJ,WeakUp,SVR,Wet,PartInhibit,NWQuad,PC,Average,MarkedUpper,Wet,ACEFK,SIG,WeakUp,MoistMDryL,Strong,Marked,PC,Average,PC,Increasing,Dry,StrongWest,Increasing,Strong,Weak,CThruK,WeakPos,CloseToDryAd,WeakUp,Wet,N1GtLIGt_4,WeakUp,Westerly,MoreUnstable,SVR,None,LongAnticyc,C,Other,LowEvrywhere,Weak,WeakUp,C,E_W_N
Jun15_Jul1,Neutral,LittleChange,SVR,PosToNeg,Weak,VeryWet,Cloudy,Average,Slight,Steep,PartInhibit,ABI,WeakUp,SIG,Wet,PartInhibit,NWQuad,PC,LessThanAve,OtherRapid,Wet,B,SVR,WeakUp,DryMMoistL,None,None,PC,LessThanAve,Cloudy,LittleChange,Average,DCVZFavor,LittleChange,Weak,Weak,AB,WeakPos,Stable,WeakUp,Wet,N1GtLIGt_4,WeakUp,LVorOther,Average,SVR,Weak,DenvCyclone,B,Other,HighEvrywher,Weak,Neutral,B,DenvCyclone
May15_Jun14,Neutral,IncCapDecIns,SVR,LittleChange,Weak,VeryWet,PC,Average,Moderate,CloseToDryAd,None,G,StrongUp,SVR,Wet,PartInhibit,SWQuad,PC,Average,NoMajor,Wet,GJ,SVR,Neutral,MoistMDryL,Strong,Marked,PC,MoreThanAve,PC,Increasing,Dry,StrongWest,LittleChange,Strong,Weak,CThruK,WeakPos,CloseToDryAd,WeakUp,Wet,N1GtLIGt_4,WeakUp,LVorOther,Average,SVR,None,WidespdDnsl,G,None,LowEvrywhere,Weak,WeakUp,G,None
Jun15_Jul1,Instability,LittleChange,SIG,NegToPos,Weak,Wet,Clear,Average,Slight,Steep,PartInhibit,ABI,WeakUp,SVR,Wet,PartInhibit,NWQuad,PC,Average,StrongFront,Neutral,HI,XNIL,WeakUp,Other,Weak,Marked,PC,Average,PC,LittleChange,Average,DCVZFavor,LittleChange,Strong,Weak,CThruK,WeakPos,ModerateOrLe,WeakUp,Neutral,N1GtLIGt_4,WeakUp,Westerly,Average,SVR,Weak,DenvCyclone,I,QStationary,LowSHighN,Strong,WeakUp,I,DenvCyclone
Jun15_Jul1,Instability,LittleChange,XNIL,PosToNeg,Weak,Wet,Cloudy,Average,None,Steep,PartInhibit,ABI,WeakUp,XNIL,Neutral,PartInhibit,NWQuad,PC,LessThanAve,OtherRapid,Neutral,B,XNIL,WeakUp,DryMMoistL,None,None,PC,LessThanAve,Cloudy,LittleChange,Average,StrongWest,LittleChange,Weak,Weak,AB,WeakPos,ModerateOrLe,WeakUp,Wet,N1GtLIGt_4,WeakUp,Westerly,Average,XNIL,Weak,SEQuad,B,None,LowSHighN,Weak,Neutral,B,DenvCyclone
Jun15_Jul1,Neutral,DecCapIncIns,XNIL,LittleChange,Weak,VeryWet,PC,MoreUnstable,None,CloseToDryAd,PartInhibit,CDEJ,WeakUp,SVR,Wet,PartInhibit,NWQuad,PC,Average,NoMajor,Wet,ACEFK,XNIL,WeakUp,MoistMDryL,Strong,Marked,Clear,LessThanAve,Clear,Decreasing,VeryMoist,StrongWest,LittleChange,Strong,Weak,CThruK,WeakPos,ModerateOrLe,WeakUp,Wet,N1GtLIGt_4,WeakUp,Westerly,MoreUnstable,SVR,Weak,LongAnticyc,C,Moving,LowEvrywhere,Strong,WeakUp,C,E_W_N
Jun15_Jul1,Neutral,LittleChange,SIG,NegToPos,Weak,VeryWet,PC,LessUnstable,None,Steep,PartInhibit,ABI,WeakUp,SVR,Wet,PartInhibit,NWQuad,PC,LessThanAve,OtherRapid,Wet,B,SIG,WeakUp,DryMMoistL,Strong,Marked,PC,LessThanAve,PC,LittleChange,Average,StrongWest,Decreasing,Strong,Weak,AB,WeakPos,ModerateOrLe,WeakUp,Wet,N1GtLIGt_4,WeakUp,LVorOther,LessUnstable,SVR,Weak,DenvCyclone,B,None,LowSHighN,Weak,WeakUp,B,DenvCyclone
Jun15_Jul1,Neutral,LittleChange,XNIL,PosToNeg,Weak,VeryWet,Cloudy,MoreUnstable,Moderate,CloseToDryAd,None,CDEJ,WeakUp,XNIL,Wet,PartInhibit,NWQuad,PC,Average,NoMajor,Wet,ACEFK,XNIL,WeakUp,MoistMDryL,Weak,None,PC,Average,Cloudy,LittleChange,Average,DCVZFavor,LittleChange,Weak,Weak,CThruK,WeakPos,CloseToDryAd,WeakUp,Wet,N1GtLIGt_4,WeakUp,Westerly,MoreUnstable,XNIL,None,LongAnticyc,C,Other,LowEvrywhere,Weak,WeakUp,C,E_W_N
Jun15_Jul1,Neutral,DecCapIncIns,XNIL,PosToNeg,Weak,VeryWet,PC,LessUnstable,Slight,Steep,PartInhibit,ABI,WeakUp,SVR,Wet,PartInhibit,NWQuad,PC,LessThanAve,NoMajor,Wet,B,XNIL,WeakUp,DryMMoistL,Weak,Some,PC,LessThanAve,PC,Decreasing,Average,Westerly,LittleChange,Strong,Weak,AB,WeakPos,ModerateOrLe,WeakUp,Wet,N1GtLIGt_4,WeakUp,LVorOther,LessUnstable,SVR,None,LV,B,None,LowSHighN,Weak,WeakUp,B,MovingFtorOt
May15_Jun14,Instability,LittleChange,SIG,PosToNeg,Weak,VeryWet,PC,MoreUnstable,Moderate,Steep,None,ABI,WeakUp,SVR,Wet,PartInhibit,NWQuad,PC,LessThanAve,OtherRapid,Wet,B,SIG,WeakUp,DryMMoistL,Strong,Some,Clear,LessThanAve,Clear,LittleChange,Average,DCVZFavor,LittleChange,Strong,Weak,AB,WeakPos,ModerateOrLe,WeakUp,Wet,N1GtLIGt_4,WeakUp,Westerly,MoreUnstable,SVR,Weak,DenvCyclone,B,QStationary,LowMtsHighPl,Strong,WeakUp,B,DenvCyclone
Jun15_Jul1,Neutral,IncCapDecIns,XNIL,NegToPos,Weak,VeryWet,Cloudy,LessUnstable,Moderate,Steep,None,ABI,WeakUp,XNIL,Wet,PartInhibit,LV,PC,LessThanAve,NoMajor,Wet,B,XNIL,WeakUp,DryMMoistL,None,None,PC,MoreThanAve,Cloudy,Increasing,Average,StrongWest,LittleChange,Weak,Weak,AB,WeakPos,ModerateOrLe,WeakUp,Wet,N1GtLIGt_4,WeakUp,LVorOther,LessUnstable,XNIL,None,DenvCyclone,B,Other,HighEvrywher,Weak,StronUp,B,MovingFtorOt
Jun15_Jul1,Instability,IncCapDecIns,XNIL,PosToNeg,Weak,Neutral,Cloudy,Average,None,CloseToDryAd,PartInhibit,CDEJ,WeakUp,XNIL,Neutral,PartInhibit,NWQuad,PC,Average,NoMajor,Dry,ACEFK,XNIL,WeakUp,MoistMDryL,None,None,PC,Average,Cloudy,Increasing,Dry,StrongWest,Increasing,Weak,Weak,CThruK,StrongPos,Steep,WeakUp,Wet,N1GtLIGt_4,WeakUp,Westerly,Average,XNIL,Weak,LongAnticyc,C,Other,LowEvrywhere,Strong,WeakUp,C,E_W_N
Jun15_Jul1,Stability,DecCapIncIns,SIG,PosToNeg,Weak,VeryWet,PC,Average,Slight,Steep,PartInhibit,ABI,StrongUp,XNIL,Wet,PartInhibit,AllElse,PC,LessThanAve,NoMajor,Wet,B,SIG,Neutral,DryMMoistL,None,None,PC,LessThanAve,PC,Decreasing,Average,StrongWest,LittleChange,Weak,Weak,AB,WeakPos,ModerateOrLe,WeakUp,Wet,N1GtLIGt_4,WeakUp,LVorOther,Average,SIG,Weak,DenvCyclone,B,None,HighEvrywher,Weak,WeakUp,B,DenvCyclone
May15_Jun14,Neutral,IncCapDecIns,SIG,PosToNeg,Weak,Wet,Cloudy,LessUnstable,None,Steep,PartInhibit,ABI,WeakUp,SIG,Wet,PartInhibit,NWQuad,PC,LessThanAve,NoMajor,Wet,B,SIG,Neutral,DryMMoistL,Weak,None,PC,MoreThanAve,Cloudy,Increasing,Average,DCVZFavor,Increasing,Weak,Moderate,AB,WeakPos,ModerateOrLe,WeakUp,Wet,N1GtLIGt_4,WeakUp,LVorOther,MoreUnstable,SIG,None,LV,B,Other,LowSHighN,Weak,WeakUp,B,DenvCyclone
Jun15_Jul1,Neutral,IncCapDecIns,SVR,NegToPos,None,VeryWet,Cloudy,LessUnstable,Moderate,Steep,None,ABI,StrongUp,XNIL,Wet,PartInhibit,NWQuad,PC,LessThanAve,NoMajor,Wet,B,SVR,WeakUp,DryMMoistL,None,None,PC,MoreThanAve,Cloudy,Increasing,Average,StrongWest,Increasing,None,Weak,AB,WeakPos,ModerateOrLe,StrongUp,Wet,N1GtLIGt_4,StrongUp,LVorOther,MoreUnstable,SVR,None,DenvCyclone,B,None,HighEvrywher,None,WeakUp,B,DenvCyclone
May15_Jun14,Instability,LittleChange,SIG,PosToNeg,Weak,Wet,Cloudy,Average,Moderate,Steep,None,ABI,WeakUp,SIG,Wet,PartInhibit,NWQuad,PC,Average,NoMajor,Wet,B,SIG,WeakUp,DryMMoistL,None,None,PC,Average,Cloudy,LittleChange,Average,StrongWest,LittleChange,Weak,Weak,AB,WeakPos,ModerateOrLe,WeakUp,Wet,N1GtLIGt_4,WeakUp,LVorOther,Average,SIG,Weak,SEQuad,B,None,LowMtsHighPl,Weak,WeakUp,B,DenvCyclone
Jun15_Jul1,Neutral,LittleChange,XNIL,PosToNeg,Weak,Wet,PC,LessUnstable,Slight,Steep,PartInhibit,ABI,WeakUp,XNIL,Neutral,PartInhibit,AllElse,PC,LessThanAve,OtherRapid,Neutral,B,XNIL,Neutral,DryMMoistL,None,None,PC,LessThanAve,PC,LittleChange,Average,StrongWest,Decreasing,Weak,Weak,AB,WeakPos,ModerateOrLe,WeakUp,Wet,N1GtLIGt_4,WeakUp,LVorOther,LessUnstable,XNIL,None,SEQuad,B,Other,LowSHighN,Weak,WeakUp,B,MovingFtorOt
May15_Jun14,Neutral,IncCapDecIns,XNIL,LittleChange,Weak,VeryWet,PC,Average,Slight,CloseToDryAd,PartInhibit,G,WeakUp,SVR,Wet,PartInhibit,SWQuad,PC,Average,NoMajor,Wet,GJ,XNIL,WeakUp,MoistMDryL,Strong,Marked,PC,Average,PC,Increasing,Dry,StrongWest,LittleChange,Strong,Weak,CThruK,WeakPos,CloseToDryAd,WeakUp,Wet,N1GtLIGt_4,WeakUp,Westerly,Average,SVR,None,WidespdDnsl,G,Other,LowAtStation,Weak,WeakUp,G,None
May15_Jun14,Neutral,LittleChange,XNIL,LittleChange,None,Wet,PC,Average,Slight,CloseToDryAd,PartInhibit,G,WeakUp,SIG,VeryWet,PartInhibit,SWQuad,PC,Average,NoMajor,VeryWet,GJ,XNIL,Neutral,MoistMDryL,None,None,PC,Average,PC,LittleChange,Dry,StrongWest,LittleChange,Weak,Weak,CThruK,WeakPos,CloseToDryAd,WeakUp,Wet,N1GtLIGt_4,WeakUp,Westerly,Average,SIG,None,WidespdDnsl,G,Other,LowEvrywhere,None,WeakUp,G,None
Jun15_Jul1,Instability,IncCapDecIns,XNIL,PosToNeg,Weak,VeryWet,PC,Average,None,Steep,PartInhibit,ABI,WeakUp,XNIL,Wet,PartInhibit,AllElse,PC,LessThanAve,NoMajor,Wet,B,XNIL,WeakUp,DryMMoistL,Strong,Marked,PC,MoreThanAve,PC,Increasing,Average,StrongWest,LittleChange,Strong,Weak,AB,WeakPos,Stable,WeakUp,Wet,N1GtLIGt_4,WeakUp,LVorOther,Average,XNIL,None,SEQuad,B,Other,HighEvrywher,Weak,WeakUp,B,DenvCyclone
May15_Jun14,Neutral,LittleChange,SIG,SigPositive,Weak,VeryWet,Cloudy,Average,None,CloseToDryAd,PartInhibit,G,WeakUp,XNIL,Wet,PartInhibit,SWQuad,PC,Average,NoMajor,Wet,GJ,SIG,WeakUp,MoistMDryL,None,None,PC,Average,Cloudy,LittleChange,Dry,StrongWest,LittleChange,Weak,Weak,CThruK,WeakPos,CloseToDryAd,WeakUp,Wet,N1GtLIGt_4,WeakUp,Westerly,Average,SIG,None,WidespdDnsl,G,None,LowAtStation,Weak,StronUp,G,None
Jun15_Jul1,Neutral,LittleChange,XNIL,NegToPos,None,VeryWet,Cloudy,LessUnstable,Slight,Steep,PartInhibit,ABI,StrongUp,XNIL,VeryWet,PartInhibit,AllElse,PC,LessThanAve,OtherRapid,VeryWet,B,XNIL,WeakUp,DryMMoistL,None,None,PC,LessThanAve,Cloudy,LittleChange,Average,StrongWest,Decreasing,None,Weak,AB,WeakPos,ModerateOrLe,WeakUp,Wet,N1GtLIGt_4,WeakUp,LVorOther,LessUnstable,XNIL,None,LV,B,None,LowSHighN,None,WeakUp,B,DenvCyclone
Jun15_Jul1,Neutral,IncCapDecIns,XNIL,PosToNeg,None,VeryWet,PC,LessUnstable,Slight,Steep,PartInhibit,ABI,WeakUp,XNIL,Wet,PartInhibit,LV,PC,LessThanAve,NoMajor,Wet,B,XNIL,WeakUp,DryMMoistL,None,None,PC,MoreThanAve,PC,Increasing,VeryMoist,StrongWest,LittleChange,None,Weak,AB,WeakPos,ModerateOrLe,WeakUp,Neutral,N1GtLIGt_4,WeakUp,LVorOther,LessUnstable,XNIL,None,DenvCyclone,B,None,HighEvrywher,Weak,WeakUp,B,MovingFtorOt
May15_Jun14,Neutral,LittleChange,XNIL,LittleChange,Weak,Wet,Cloudy,Average,Slight,CloseToDryAd,PartInhibit,G,WeakUp,XNIL,Wet,PartInhibit,SWQuad,PC,Average,NoMajor,Wet,GJ,XNIL,WeakUp,MoistMDryL,None,None,PC,Average,Cloudy,LittleChange,Dry,StrongWest,LittleChange,Weak,Weak,CThruK,WeakPos,CloseToDryAd,WeakUp,Wet,N1GtLIGt_4,WeakUp,LVorOther,Average,XNIL,Weak,LongAnticyc,G,Other,LowEvrywhere,Weak,WeakUp,G,None
May15_Jun14,Stability,IncCapDecIns,SVR,LittleChange,Weak,VeryWet,Cloudy,Average,Moderate,CloseToDryAd,None,G,StrongUp,XNIL,Wet,PartInhibit,NWQuad,PC,Average,NoMajor,Wet,GJ,SVR,Neutral,Other,None,None,PC,MoreThanAve,Cloudy,Increasing,Dry,StrongWest,Increasing,Weak,Weak,CThruK,WeakPos,CloseToDryAd,WeakUp,Wet,N1GtLIGt_4,WeakUp,LVorOther,Average,SVR,None,WidespdDnsl,G,None,LowAtStation,Weak,WeakUp,G,None
Jun15_Jul1,Neutral,DecCapIncIns,XNIL,PosToNeg,Weak,VeryWet,PC,Average,None,Steep,PartInhibit,ABI,WeakUp,SVR,Wet,PartInhibit,NWQuad,PC,LessThanAve,NoMajor,Wet,B,XNIL,WeakUp,DryMMoistL,Strong,Marked,PC,LessThanAve,PC,Decreasing,Average,StrongWest,LittleChange,Strong,Weak,AB,WeakPos,ModerateOrLe,WeakUp,Wet,N1GtLIGt_4,WeakUp,LVorOther,Average,SVR,Weak,SEQuad,B,Other,HighEvrywher,Strong,WeakUp,B,MovingFtorOt
Jun15_Jul1,Instability,IncCapDecIns,SIG,NegToPos,Weak,Wet,Cloudy,Average,Moderate,Steep,None,ABI,WeakUp,SIG,Wet,PartInhibit,NWQuad,PC,LessThanAve,NoMajor,Neutral,B,SIG,WeakUp,DryMMoistL,Strong,None,PC,MoreThanAve,Cloudy,Increasing,Average,DCVZFavor,LittleChange,Weak,Weak,AB,WeakPos,ModerateOrLe,WeakUp,VeryWet,N1GtLIGt_4,WeakUp,LVorOther,Average,SIG,Weak,SEQuad,B,None,HighEvrywher,Strong,Neutral,B,DenvCyclone
Jun15_Jul1,Neutral,LittleChange,SVR,SigNegative,Weak,VeryWet,Cloudy,MoreUnstable,None,CloseToDryAd,PartInhibit,CDEJ,WeakUp,XNIL,Wet,PartInhibit,NWQuad,PC,Average,MarkedUpper,Wet,ACEFK,SVR,WeakUp,Other,None,None,PC,Average,Cloudy,LittleChange,Dry,StrongWest,LittleChange,Weak,Weak,CThruK,WeakPos,CloseToDryAd,WeakUp,Wet,N1GtLIGt_4,WeakUp,Westerly,MoreUnstable,SVR,None,LV,C,Other,LowMtsHighPl,Weak,WeakUp,C,E_W_N
May15_Jun14,Instability,LittleChange,SVR,SigPositive,None,VeryWet,Cloudy,LessUnstable,Moderate,CloseToDryAd,None,G,WeakUp,XNIL,Wet,PartInhibit,SWQuad,PC,Average,NoMajor,Wet,GJ,SVR,WeakUp,MoistMDryL,None,None,PC,Average,Cloudy,LittleChange,Dry,StrongWest,LittleChange,None,Weak,CThruK,WeakPos,CloseToDryAd,WeakUp,Wet,N1GtLIGt_4,WeakUp,Westerly,LessUnstable,SVR,None,WidespdDnsl,G,Other,LowEvrywhere,Weak,WeakUp,G,Other
May15_Jun14,Stability,DecCapIncIns,XNIL,PosToNeg,Weak,VeryWet,PC,Average,Moderate,Steep,None,ABI,WeakUp,XNIL,Wet,PartInhibit,NWQuad,PC,LessThanAve,NoMajor,Wet,B,XNIL,WeakUp,DryMMoistL,Strong,Marked,PC,LessThanAve,PC,Decreasing,Average,StrongWest,LittleChange,Strong,Weak,AB,WeakPos,ModerateOrLe,WeakUp,Wet,N1GtLIGt_4,WeakUp,LVorOther,Average,XNIL,Weak,DenvCyclone,B,None,HighEvrywher,Strong,WeakUp,B,MovingFtorOt
Jun15_Jul1,Neutral,DecCapIncIns,XNIL,PosToNeg,Strong,VeryWet,Cloudy,LessUnstable,Slight,Steep,PartInhibit,ABI,WeakUp,SVR,Wet,PartInhibit,NWQuad,PC,LessThanAve,NoMajor,Wet,B,XNIL,Neutral,DryMMoistL,Weak,Some,PC,LessThanAve,Cloudy,Decreasing,Average,DCVZFavor,Increasing,Strong,Weak,AB,StrongPos,ModerateOrLe,WeakUp,Wet,N1GtLIGt_4,WeakUp,LVorOther,LessUnstable,SVR,Weak,DenvCyclone,B,None,LowSHighN,Strong,WeakUp,B,MovingFtorOt
Jun15_Jul1,Neutral,LittleChange,XNIL,PosToNeg,Weak,Wet,Cloudy,Average,Moderate,Steep,None,ABI,WeakUp,XNIL,Wet,PartInhibit,NWQuad,PC,LessThanAve,NoMajor,VeryWet,B,XNIL,WeakUp,DryMMoistL,None,None,PC,LessThanAve,Cloudy,LittleChange,VeryMoist,StrongWest,LittleChange,Weak,Weak,AB,WeakPos,ModerateOrLe,WeakUp,VeryWet,N1GtLIGt_4,WeakUp,Westerly,Average,XNIL,None,DenvCyclone,B,None,LowSHighN,None,WeakUp,B,MovingFtorOt
Jun15_Jul1,Neutral,LittleChange,XNIL,LittleChange,Weak,VeryWet,Cloudy,Average,None,Steep,PartInhibit,ABI,WeakUp,XNIL,Wet,PartInhibit,AllElse,PC,LessThanAve,OtherRapid,Wet,B,XNIL,WeakUp,DryMMoistL,Strong,None,Cloudy,LessThanAve,Cloudy,LittleChange,Average,StrongWest,LittleChange,Weak,Weak,AB,WeakPos,ModerateOrLe,WeakUp,Wet,N1GtLIGt_4,WeakUp,Westerly,Average,XNIL,None,SEQuad,B,Other,HighEvrywher,Weak,WeakUp,B,DenvCyclone
Jun15_Jul1,Neutral,DecCapIncIns,SVR,SigPositive,Weak,VeryWet,PC,MoreUnstable,None,CloseToDryAd,PartInhibit,CDEJ,WeakUp,SVR,Wet,PartInhibit,NWQuad,PC,Average,MarkedUpper,VeryWet,ACEFK,SVR,WeakUp,Other,Strong,Marked,PC,Average,PC,Decreasing,Dry,StrongWest,LittleChange,Strong,Weak,CThruK,WeakPos,CloseToDryAd,WeakUp,Wet,N1GtLIGt_4,WeakUp,Westerly,MoreUnstable,SVR,Weak,LongAnticyc,C,Other,LowEvrywhere,Strong,WeakUp,C,E_W_N
Jun15_Jul1,Neutral,IncCapDecIns,XNIL,LittleChange,Weak,VeryWet,PC,MoreUnstable,None,CloseToDryAd,PartInhibit,CDEJ,WeakUp,SVR,Wet,PartInhibit,NWQuad,PC,Average,MarkedUpper,Wet,ACEFK,XNIL,WeakUp,MoistMDryL,Strong,Marked,Clear,Average,Clear,Increasing,Dry,StrongWest,Increasing,Strong,Weak,CThruK,WeakPos,CloseToDryAd,WeakUp,Wet,N1GtLIGt_4,WeakUp,Westerly,MoreUnstable,SVR,None,LV,C,Other,LowEvrywhere,Weak,WeakUp,C,E_W_N
Jun15_Jul1,Neutral,LittleChange,SIG,NegToPos,Weak,VeryWet,Cloudy,LessUnstable,None,Steep,PartInhibit,ABI,WeakUp,XNIL,Wet,PartInhibit,NWQuad,PC,LessThanAve,NoMajor,Wet,B,SIG,Neutral,DryMMoistL,None,Some,PC,LessThanAve,Cloudy,LittleChange,Average,StrongWest,LittleChange,Weak,Weak,AB,WeakPos,ModerateOrLe,WeakUp,Wet,N1GtLIGt_4,WeakUp,LVorOther,LessUnstable,SIG,None,LV,B,Other,HighEvrywher,Weak,WeakUp,B,MovingFtorOt
Jun15_Jul1,Neutral,IncCapDecIns,XNIL,LittleChange,Weak,Neutral,PC,MoreUnstable,Moderate,Steep,None,CDEJ,WeakUp,XNIL,Wet,PartInhibit,NWQuad,PC,Average,MarkedUpper,Neutral,ACEFK,XNIL,Neutral,Other,Strong,Marked,PC,Average,PC,Increasing,Dry,StrongWest,Increasing,Strong,Weak,CThruK,WeakPos,CloseToDryAd,WeakUp,VeryWet,N1GtLIGt_4,WeakUp,Westerly,MoreUnstable,XNIL,None,LongAnticyc,C,Other,LowEvrywhere,Weak,WeakUp,C,E_W_N
Jun15_Jul1,Neutral,DecCapIncIns,XNIL,NegToPos,Strong,Wet,Cloudy,LessUnstable,None,Steep,PartInhibit,ABI,WeakUp,SVR,Wet,PartInhibit,NWQuad,PC,LessThanAve,NoMajor,VeryWet,B,XNIL,WeakUp,DryMMoistL,Strong,Marked,Clear,LessThanAve,Clear,Decreasing,Average,StrongWest,LittleChange,Strong,Unfavorable,AB,WeakPos,Stable,WeakUp,VeryWet,N1GtLIGt_4,WeakUp,LVorOther,LessUnstable,SVR,Weak,DenvCyclone,B,None,LowSHighN,Strong,WeakUp,B,DenvCyclone
May15_Jun14,Neutral,IncCapDecIns,SVR,PosToNeg,Weak,VeryWet,PC,LessUnstable,Slight,Steep,None,ABI,WeakUp,SVR,Wet,PartInhibit,NWQuad,Clear,LessThanAve,NoMajor,Wet,B,SVR,WeakUp,DryMMoistL,Strong,Marked,Cloudy,LessThanAve,Clear,Increasing,Average,StrongWest,Increasing,Strong,Unfavorable,AB,WeakPos,Stable,WeakUp,Wet,N1GtLIGt_4,WeakUp,Westerly,MoreUnstable,SVR,Weak,SEQuad,B,None,HighEvrywher,Weak,WeakUp,B,DenvCyclone
Jun15_Jul1,Neutral,LittleChange,SIG,NegToPos,Weak,Wet,Clear,LessUnstable,None,Steep,PartInhibit,ABI,WeakUp,SVR,Wet,PartInhibit,NWQuad,Clear,LessThanAve,NoMajor,Neutral,B,SIG,Neutral,DryMMoistL,Strong,Marked,Cloudy,LessThanAve,Clear,LittleChange,Average,StrongWest,LittleChange,Strong,Weak,AB,WeakPos,ModerateOrLe,WeakUp,Neutral,N1GtLIGt_4,WeakUp,Westerly,LessUnstable,SVR,None,SEQuad,B,None,HighEvrywher,Weak,WeakUp,B,DenvCyclone
May15_Jun14,Neutral,IncCapDecIns,XNIL,SigPositive,Weak,VeryWet,Cloudy,Average,Slight,CloseToDryAd,PartInhibit,G,StrongUp,XNIL,Wet,PartInhibit,NWQuad,PC,Average,NoMajor,Wet,GJ,XNIL,WeakUp,MoistMDryL,None,None,PC,Average,PC,Increasing,Dry,StrongWest,LittleChange,Weak,Weak,CThruK,WeakPos,Steep,StrongUp,Wet,N1GtLIGt_4,StrongUp,Westerly,Average,XNIL,Weak,WidespdDnsl,G,Other,LowEvrywhere,Weak,WeakUp,G,None
Jun15_Jul1,Stability,LittleChange,XNIL,LittleChange,None,VeryWet,Cloudy,Average,None,CloseToDryAd,PartInhibit,CDEJ,WeakUp,XNIL,Wet,PartInhibit,NWQuad,PC,Average,NoMajor,Wet,ACEFK,XNIL,WeakUp,MoistMDryL,None,None,PC,Average,Cloudy,LittleChange,Average,DCVZFavor,LittleChange,None,Weak,CThruK,WeakPos,CloseToDryAd,WeakUp,Wet,N1GtLIGt_4,WeakUp,Westerly,Average,XNIL,None,LongAnticyc,C,Moving,LowEvrywhere,Weak,Neutral,C,E_W_N
Jun15_Jul1,Neutral,IncCapDecIns,XNIL,PosToNeg,Weak,VeryWet,Cloudy,LessUnstable,Slight,Steep,PartInhibit,ABI,WeakUp,XNIL,Wet,PartInhibit,AllElse,PC,LessThanAve,NoMajor,Wet,B,XNIL,Neutral,DryMMoistL,Strong,None,PC,MoreThanAve,Cloudy,Increasing,Average,DCVZFavor,LittleChange,Weak,Weak,AB,WeakPos,ModerateOrLe,WeakUp,Wet,N1GtLIGt_4,WeakUp,LVorOther,LessUnstable,XNIL,None,SEQuad,B,Other,HighEvrywher,Strong,WeakUp,B,DenvCyclone
May15_Jun14,Stability,IncCapDecIns,XNIL,SigPositive,Weak,VeryWet,Cloudy,Average,None,CloseToDryAd,PartInhibit,G,WeakUp,XNIL,Wet,PartInhibit,SWQuad,PC,Average,NoMajor,Wet,GJ,XNIL,WeakUp,MoistMDryL,None,None,PC,Average,Cloudy,Increasing,Dry,StrongWest,LittleChange,Weak,Weak,CThruK,WeakPos,CloseToDryAd,WeakUp,Wet,N1GtLIGt_4,WeakUp,LVorOther,Average,XNIL,None,WidespdDnsl,G,Other,LowEvrywhere,None,Neutral,G,None
Jun15_Jul1,Stability,IncCapDecIns,SIG,PosToNeg,Weak,Wet,Cloudy,Average,Moderate,Steep,None,ABI,WeakUp,XNIL,Wet,PartInhibit,LV,PC,LessThanAve,NoMajor,VeryWet,B,SIG,WeakUp,DryMMoistL,Strong,None,PC,MoreThanAve,Cloudy,Increasing,Average,DCVZFavor,Increasing,Weak,Weak,AB,WeakPos,ModerateOrLe,WeakUp,Wet,N1GtLIGt_4,WeakUp,Westerly,Average,SIG,Weak,SEQuad,B,Other,LowSHighN,Strong,WeakUp,B,DenvCyclone
May15_Jun14,Neutral,LittleChange,XNIL,LittleChange,Weak,VeryWet,Cloudy,Average,Slight,CloseToDryAd,PartInhibit,G,WeakUp,XNIL,Wet,PartInhibit,NWQuad,PC,Average,NoMajor,Wet,GJ,XNIL,WeakUp,MoistMDryL,None,None,PC,Average,Cloudy,LittleChange,Dry,StrongWest,LittleChange,Weak,Weak,CThruK,WeakPos,CloseToDryAd,WeakUp,Wet,N1GtLIGt_4,WeakUp,Westerly,Average,XNIL,Weak,WidespdDnsl,G,Other,LowEvrywhere,Weak,WeakUp,G,None
May15_Jun14,Instability,LittleChange,SVR,PosToNeg,None,VeryWet,Cloudy,Average,Slight,Steep,PartInhibit,ABI,WeakUp,XNIL,Wet,PartInhibit,NWQuad,PC,LessThanAve,OtherRapid,Wet,B,SVR,StrongUp,DryMMoistL,None,None,PC,LessThanAve,Cloudy,LittleChange,Average,StrongWest,LittleChange,None,Weak,AB,WeakPos,Stable,StrongUp,Wet,N1GtLIGt_4,StrongUp,LVorOther,Average,SVR,None,SEQuad,B,None,HighEvrywher,None,WeakUp,B,DenvCyclone
Jun15_Jul1,Instability,LittleChange,XNIL,SigPositive,None,Wet,Cloudy,MoreUnstable,None,CloseToDryAd,PartInhibit,CDEJ,WeakUp,XNIL,Wet,PartInhibit,NWQuad,PC,LessThanAve,MarkedUpper,Neutral,ACEFK,XNIL,WeakUp,Other,None,None,PC,LessThanAve,Cloudy,LittleChange,Average,DCVZFavor,LittleChange,None,Weak,CThruK,WeakPos,ModerateOrLe,WeakUp,Neutral,N1GtLIGt_4,WeakUp,Westerly,MoreUnstable,XNIL,Weak,LongAnticyc,C,Other,LowEvrywhere,Weak,WeakUp,C,E_W_N
Jun15_Jul1,Instability,IncCapDecIns,SVR,PosToNeg,None,VeryWet,Cloudy,MoreUnstable,Moderate,Steep,None,CDEJ,StrongUp,XNIL,Wet,PartInhibit,NWQuad,PC,Average,MarkedUpper,Wet,ACEFK,SVR,Neutral,MoistMDryL,None,None,PC,Average,Cloudy,Increasing,VeryMoist,StrongWest,Increasing,None,Weak,CThruK,WeakPos,Steep,WeakUp,Wet,N1GtLIGt_4,WeakUp,Westerly,MoreUnstable,SVR,Weak,LongAnticyc,C,Other,LowEvrywhere,Weak,Neutral,C,E_W_N
Jun15_Jul1,Instability,LittleChange,SVR,NegToPos,Weak,Wet,Cloudy,Average,Slight,Steep,PartInhibit,ABI,WeakUp,XNIL,Neutral,PartInhibit,NWQuad,PC,LessThanAve,NoMajor,Neutral,B,SVR,WeakUp,DryMMoistL,None,None,PC,LessThanAve,Cloudy,LittleChange,Average,StrongWest,LittleChange,Weak,Weak,AB,WeakPos,ModerateOrLe,WeakUp,Wet,N1GtLIGt_4,WeakUp,Westerly,Average,SVR,Weak,SEQuad,B,None,HighEvrywher,Weak,WeakUp,B,DenvCyclone
Jun15_Jul1,Instability,DecCapIncIns,XNIL,PosToNeg,Weak,VeryWet,PC,Average,None,Steep,PartInhibit,ABI,WeakUp,SVR,Wet,PartInhibit,NWQuad,PC,LessThanAve,NoMajor,Wet,B,XNIL,Neutral,DryMMoistL,Weak,Marked,PC,LessThanAve,PC,Decreasing,Average,DCVZFavor,LittleChange,Strong,Weak,AB,WeakPos,ModerateOrLe,WeakUp,Wet,N1GtLIGt_4,WeakUp,LVorOther,Average,SVR,Weak,SEQuad,B,None,HighEvrywher,Strong,WeakUp,B,DenvCyclone
May15_Jun14,Instability,LittleChange,SVR,PosToNeg,Weak,Wet,Cloudy,MoreUnstable,Slight,Steep,PartInhibit,ABI,WeakUp,XNIL,VeryWet,PartInhibit,NWQuad,PC,LessThanAve,NoMajor,VeryWet,B,SVR,WeakUp,DryMMoistL,None,None,PC,LessThanAve,Cloudy,LittleChange,Average,StrongWest,LittleChange,Weak,Weak,AB,WeakPos,ModerateOrLe,WeakUp,Wet,N1GtLIGt_4,WeakUp,LVorOther,MoreUnstable,SVR,Weak,DenvCyclone,B,None,Other,Weak,WeakUp,B,DenvCyclone
May15_Jun14,Instability,LittleChange,SIG,PosToNeg,None,Neutral,PC,Average,Slight,Steep,PartInhibit,ABI,WeakUp,XNIL,Wet,PartInhibit,NWQuad,PC,LessThanAve,NoMajor,Neutral,B,SIG,WeakUp,DryMMoistL,None,None,PC,LessThanAve,Cloudy,LittleChange,Average,StrongWest,LittleChange,Weak,Weak,AB,WeakPos,ModerateOrLe,WeakUp,Neutral,N1GtLIGt_4,WeakUp,LVorOther,Average,SIG,Weak,SEQuad,B,None,LowSHighN,None,WeakUp,B,DenvCyclone
May15_Jun14,Neutral,DecCapIncIns,XNIL,LittleChange,Weak,VeryWet,Cloudy,Average,Slight,CloseToDryAd,PartInhibit,G,WeakUp,XNIL,Wet,PartInhibit,SWQuad,PC,Average,NoMajor,Wet,GJ,XNIL,WeakUp,MoistMDryL,Strong,Some,PC,LessThanAve,Cloudy,Decreasing,Dry,DCVZFavor,LittleChange,Weak,Weak,CThruK,WeakPos,Steep,WeakUp,Wet,N1GtLIGt_4,WeakUp,Westerly,Average,XNIL,Weak,WidespdDnsl,G,Other,LowEvrywhere,Strong,WeakUp,G,None
May15_Jun14,Stability,LittleChange,XNIL,SigNegative,Weak,Wet,Cloudy,Average,Moderate,CloseToDryAd,None,G,WeakUp,XNIL,Wet,PartInhibit,SWQuad,PC,Average,NoMajor,Wet,GJ,XNIL,WeakUp,MoistMDryL,None,Some,PC,Average,Cloudy,LittleChange,Dry,StrongWest,LittleChange,Weak,Weak,CThruK,WeakPos,CloseToDryAd,WeakUp,Wet,N1GtLIGt_4,WeakUp,Westerly,Average,XNIL,Weak,WidespdDnsl,G,Other,LowEvrywhere,Weak,WeakUp,G,None
Jun15_Jul1,Instability,LittleChange,XNIL,SigPositive,Weak,Wet,PC,MoreUnstable,Slight,CloseToDryAd,PartInhibit,CDEJ,WeakUp,XNIL,Wet,PartInhibit,NWQuad,PC,Average,MarkedUpper,Wet,ACEFK,XNIL,WeakUp,MoistMDryL,Strong,Marked,PC,Average,PC,LittleChange,Dry,StrongWest,LittleChange,Strong,Weak,CThruK,WeakPos,CloseToDryAd,WeakUp,Wet,N1GtLIGt_4,WeakUp,Westerly,MoreUnstable,XNIL,Weak,LongAnticyc,C,Other,LowEvrywhere,Strong,WeakUp,C,E_W_N
Jun15_Jul1,Neutral,DecCapIncIns,XNIL,PosToNeg,Weak,Wet,Cloudy,Average,Moderate,Steep,None,ABI,WeakUp,XNIL,Neutral,PartInhibit,NWQuad,PC,LessThanAve,NoMajor,Neutral,B,XNIL,WeakUp,DryMMoistL,None,None,Clear,LessThanAve,Clear,Decreasing,Average,StrongWest,LittleChange,Weak,Weak,AB,WeakPos,ModerateOrLe,WeakUp,Wet,N1GtLIGt_4,WeakUp,LVorOther,Average,XNIL,Weak,SEQuad,B,None,HighEvrywher,Strong,Neutral,B,DenvCyclone
Jun15_Jul1,Neutral,LittleChange,SIG,NegToPos,Weak,Wet,Clear,LessUnstable,None,Steep,PartInhibit,ABI,WeakUp,SVR,Wet,PartInhibit,NWQuad,PC,LessThanAve,NoMajor,VeryWet,B,SIG,WeakUp,DryMMoistL,Strong,Marked,PC,LessThanAve,PC,LittleChange,Average,StrongWest,LittleChange,Strong,Weak,AB,WeakPos,ModerateOrLe,WeakUp,Wet,N1GtLIGt_4,WeakUp,Westerly,LessUnstable,SVR,Weak,LV,B,Other,HighEvrywher,Strong,Neutral,B,E_W_N
Jun15_Jul1,Neutral,LittleChange,SIG,LittleChange,Weak,VeryWet,Cloudy,LessUnstable,None,Steep,PartInhibit,ABI,WeakUp,XNIL,Wet,PartInhibit,NWQuad,PC,Average,NoMajor,Wet,B,SIG,WeakUp,DryMMoistL,None,Some,PC,Average,Cloudy,LittleChange,Average,DCVZFavor,Increasing,Weak,Weak,AB,WeakPos,ModerateOrLe,WeakUp,Wet,N1GtLIGt_4,WeakUp,LVorOther,MoreUnstable,SIG,None,SEQuad,B,Other,LowSHighN,Weak,Neutral,B,DenvCyclone
Jun15_Jul1,Neutral,IncCapDecIns,SIG,PosToNeg,None,VeryWet,Cloudy,Average,Moderate,Steep,None,ABI,StrongUp,XNIL,Wet,PartInhibit,NWQuad,PC,LessThanAve,NoMajor,Wet,B,SIG,WeakUp,DryMMoistL,None,None,PC,MoreThanAve,Cloudy,Increasing,Average,StrongWest,Increasing,None,Weak,AB,WeakPos,ModerateOrLe,StrongUp,Wet,N1GtLIGt_4,StrongUp,LVorOther,MoreUnstable,SIG,Weak,SEQuad,B,None,HighEvrywher,Weak,Neutral,B,DenvCyclone
May15_Jun14,Neutral,LittleChange,XNIL,LittleChange,Weak,Wet,Cloudy,Average,None,CloseToDryAd,PartInhibit,G,WeakUp,SIG,Neutral,PartInhibit,SWQuad,PC,Average,NoMajor,Neutral,GJ,XNIL,WeakUp,MoistMDryL,None,None,PC,Average,Cloudy,LittleChange,Dry,StrongWest,Decreasing,Weak,Weak,CThruK,WeakPos,CloseToDryAd,WeakUp,Neutral,N1GtLIGt_4,WeakUp,Westerly,Average,SIG,Weak,WidespdDnsl,G,None,LowAtStation,Weak,WeakUp,G,None
Jun15_Jul1,Neutral,LittleChange,SVR,LittleChange,Weak,Wet,Cloudy,MoreUnstable,Moderate,Steep,None,CDEJ,WeakUp,XNIL,VeryWet,PartInhibit,NWQuad,PC,Average,NoMajor,VeryWet,ACEFK,SVR,WeakUp,MoistMDryL,None,None,PC,Average,Cloudy,LittleChange,Dry,StrongWest,Increasing,Weak,Weak,CThruK,Negative,ModerateOrLe,WeakUp,Wet,N1GtLIGt_4,WeakUp,Westerly,MoreUnstable,SVR,None,LongAnticyc,C,Other,LowEvrywhere,None,WeakUp,C,E_W_N
Jun15_Jul1,Instability,DecCapIncIns,XNIL,PosToNeg,Weak,VeryWet,PC,Average,Slight,Steep,PartInhibit,ABI,WeakUp,XNIL,Wet,PartInhibit,NWQuad,PC,LessThanAve,NoMajor,Wet,B,XNIL,WeakUp,DryMMoistL,Strong,Marked,PC,LessThanAve,PC,Decreasing,Average,StrongWest,LittleChange,Strong,Weak,AB,WeakPos,ModerateOrLe,WeakUp,Wet,N1GtLIGt_4,WeakUp,LVorOther,Average,XNIL,Weak,SEQuad,B,None,HighEvrywher,Strong,WeakUp,B,DenvCyclone
Jun15_Jul1,Neutral,LittleChange,XNIL,PosToNeg,Weak,Wet,Cloudy,LessUnstable,Moderate,Steep,None,ABI,StrongUp,XNIL,Neutral,PartInhibit,NWQuad,PC,LessThanAve,NoMajor,Neutral,B,XNIL,StrongUp,DryMMoistL,None,None,PC,LessThanAve,Cloudy,LittleChange,Average,StrongWest,LittleChange,Weak,Weak,AB,WeakPos,Stable,StrongUp,Wet,N1GtLIGt_4,StrongUp,LVorOther,LessUnstable,XNIL,Weak,DenvCyclone,B,None,HighEvrywher,None,WeakUp,B,MovingFtorOt
Jun15_Jul1,Instability,LittleChange,XNIL,PosToNeg,Weak,Wet,Cloudy,Average,None,Steep,PartInhibit,ABI,WeakUp,XNIL,Neutral,PartInhibit,NWQuad,PC,LessThanAve,NoMajor,Neutral,B,XNIL,Neutral,DryMMoistL,None,None,PC,LessThanAve,Cloudy,LittleChange,Average,StrongWest,LittleChange,Weak,Weak,AB,WeakPos,ModerateOrLe,WeakUp,Wet,N1GtLIGt_4,WeakUp,LVorOther,Average,XNIL,None,DenvCyclone,B,Other,LowSHighN,Weak,WeakUp,B,MovingFtorOt
Jun15_Jul1,Neutral,LittleChange,XNIL,PosToNeg,None,VeryWet,Cloudy,LessUnstable,None,Steep,PartInhibit,ABI,WeakUp,XNIL,Wet,PartInhibit,NWQuad,PC,LessThanAve,NoMajor,Wet,B,XNIL,WeakUp,DryMMoistL,None,None,PC,LessThanAve,Cloudy,LittleChange,Average,StrongWest,LittleChange,None,Weak,AB,WeakPos,ModerateOrLe,WeakUp,Wet,N1GtLIGt_4,WeakUp,LVorOther,LessUnstable,XNIL,Weak,DenvCyclone,B,None,LowSHighN,Weak,WeakUp,B,DenvCyclone
May15_Jun14,Neutral,LittleChange,XNIL,NegToPos,Weak,Wet,Cloudy,Average,None,Steep,PartInhibit,ABI,WeakUp,SIG,Wet,PartInhibit,NWQuad,PC,LessThanAve,NoMajor,Wet,B,XNIL,Neutral,DryMMoistL,None,Some,PC,LessThanAve,Cloudy,LittleChange,Average,DCVZFavor,Decreasing,Weak,Weak,AB,WeakPos,ModerateOrLe,WeakUp,Wet,N1GtLIGt_4,WeakUp,LVorOther,Average,SIG,Weak,SEQuad,B,Other,HighEvrywher,Weak,WeakUp,B,DenvCyclone
Jun15_Jul1,Neutral,LittleChange,XNIL,PosToNeg,Weak,VeryWet,Cloudy,LessUnstable,Slight,Steep,PartInhibit,ABI,WeakUp,XNIL,Wet,PartInhibit,LV,PC,Average,NoMajor,Wet,B,XNIL,Neutral,DryMMoistL,None,None,PC,Average,Cloudy,LittleChange,Average,StrongWest,LittleChange,Weak,Weak,AB,WeakPos,ModerateOrLe,WeakUp,Wet,N1GtLIGt_4,WeakUp,LVorOther,LessUnstable,XNIL,Weak,SEQuad,B,Other,HighEvrywher,Weak,WeakUp,B,MovingFtorOt
May15_Jun14,Neutral,IncCapDecIns,XNIL,PosToNeg,Weak,VeryWet,Cloudy,LessUnstable,None,Steep,PartInhibit,ABI,StrongUp,SIG,Wet,PartInhibit,AllElse,PC,LessThanAve,NoMajor,Wet,B,XNIL,WeakUp,DryMMoistL,None,None,Cloudy,LessThanAve,Cloudy,Increasing,Average,StrongWest,LittleChange,Weak,Weak,AB,WeakPos,Stable,StrongUp,Neutral,N1GtLIGt_4,StrongUp,Westerly,LessUnstable,SIG,None,SEQuad,B,None,HighEvrywher,Weak,WeakUp,B,DenvCyclone
May15_Jun14,Stability,LittleChange,SIG,SigPositive,Weak,VeryWet,Cloudy,Average,Moderate,CloseToDryAd,None,G,WeakUp,XNIL,Wet,PartInhibit,NWQuad,PC,Average,NoMajor,Wet,GJ,SIG,WeakUp,MoistMDryL,None,None,PC,Average,Cloudy,LittleChange,Dry,StrongWest,Decreasing,Weak,Weak,CThruK,WeakPos,Steep,WeakUp,Wet,N1GtLIGt_4,WeakUp,Westerly,Average,SIG,None,LongAnticyc,G,Other,LowEvrywhere,None,WeakUp,G,None
May15_Jun14,Neutral,IncCapDecIns,XNIL,SigPositive,Weak,Wet,Cloudy,Average,None,CloseToDryAd,PartInhibit,G,WeakUp,XNIL,Wet,PartInhibit,NWQuad,PC,Average,NoMajor,Neutral,GJ,XNIL,WeakUp,MoistMDryL,None,None,PC,Average,Cloudy,Increasing,Dry,DCVZFavor,Increasing,Weak,Weak,CThruK,WeakPos,CloseToDryAd,WeakUp,VeryWet,N1GtLIGt_4,WeakUp,Westerly,Average,XNIL,Weak,WidespdDnsl,G,Other,LowEvrywhere,Weak,WeakUp,G,None
Jun15_Jul1,Instability,DecCapIncIns,XNIL,LittleChange,None,VeryWet,PC,Average,Slight,CloseToDryAd,PartInhibit,CDEJ,WeakUp,XNIL,Wet,PartInhibit,NWQuad,PC,Average,NoMajor,Wet,ACEFK,XNIL,WeakUp,Other,Strong,Marked,PC,LessThanAve,PC,Decreasing,Dry,DCVZFavor,LittleChange,Weak,Weak,CThruK,WeakPos,CloseToDryAd,WeakUp,Neutral,N1GtLIGt_4,WeakUp,Westerly,Average,XNIL,Weak,LV,C,Other,LowEvrywhere,Strong,WeakUp,C,E_W_N
May15_Jun14,Neutral,LittleChange,XNIL,SigPositive,Weak,VeryWet,Cloudy,Average,Slight,CloseToDryAd,PartInhibit,G,StrongUp,XNIL,Wet,PartInhibit,NWQuad,PC,Average,NoMajor,Wet,GJ,XNIL,Neutral,MoistMDryL,None,Some,PC,Average,Cloudy,LittleChange,Dry,DCVZFavor,Decreasing,Weak,Weak,CThruK,WeakPos,CloseToDryAd,WeakUp,Wet,N1GtLIGt_4,WeakUp,Westerly,Average,XNIL,None,WidespdDnsl,G,Other,LowEvrywhere,Weak,WeakUp,G,None
Jun15_Jul1,Neutral,LittleChange,XNIL,NegToPos,Weak,VeryWet,Cloudy,LessUnstable,Moderate,Steep,None,ABI,StrongUp,XNIL,Wet,PartInhibit,AllElse,PC,LessThanAve,OtherRapid,Wet,B,XNIL,Neutral,DryMMoistL,None,None,PC,LessThanAve,Cloudy,LittleChange,Average,StrongWest,LittleChange,Weak,Weak,AB,WeakPos,ModerateOrLe,WeakUp,Wet,N1GtLIGt_4,WeakUp,LVorOther,LessUnstable,XNIL,Weak,SEQuad,B,None,HighEvrywher,Weak,WeakUp,B,DenvCyclone
Jun15_Jul1,Neutral,DecCapIncIns,SIG,PosToNeg,None,VeryWet,PC,MoreUnstable,Moderate,CloseToDryAd,None,CDEJ,WeakUp,XNIL,Wet,PartInhibit,NWQuad,PC,LessThanAve,OtherRapid,Wet,ACEFK,SIG,Neutral,MoistMDryL,None,None,PC,LessThanAve,PC,Decreasing,Dry,StrongWest,LittleChange,Weak,Weak,CThruK,WeakPos,CloseToDryAd,WeakUp,Wet,N1GtLIGt_4,WeakUp,Westerly,MoreUnstable,SIG,None,LongAnticyc,C,None,LowEvrywhere,Weak,WeakUp,C,E_W_N
May15_Jun14,Neutral,LittleChange,XNIL,LittleChange,Weak,VeryWet,Cloudy,Average,Slight,CloseToDryAd,PartInhibit,G,WeakUp,SIG,Wet,PartInhibit,NWQuad,PC,Average,NoMajor,Wet,GJ,XNIL,Neutral,MoistMDryL,None,Some,PC,Average,Cloudy,LittleChange,Dry,DCVZFavor,Decreasing,Weak,Weak,CThruK,WeakPos,CloseToDryAd,WeakUp,Wet,N1GtLIGt_4,WeakUp,Westerly,Average,SIG,Weak,WidespdDnsl,G,Other,LowAtStation,Weak,WeakUp,G,None
Jun15_Jul1,Neutral,IncCapDecIns,XNIL,PosToNeg,None,VeryWet,Cloudy,LessUnstable,Slight,Steep,PartInhibit,ABI,WeakUp,XNIL,Wet,PartInhibit,NWQuad,PC,LessThanAve,NoMajor,Wet,B,XNIL,StrongUp,DryMMoistL,None,None,PC,MoreThanAve,Cloudy,Increasing,Average,StrongWest,LittleChange,None,Weak,AB,WeakPos,ModerateOrLe,StrongUp,Wet,N1GtLIGt_4,StrongUp,LVorOther,LessUnstable,XNIL,Weak,LV,B,None,HighEvrywher,Weak,WeakUp,B,DenvCyclone
Jun15_Jul1,Stability,LittleChange,SVR,PosToNeg,None,Neutral,PC,Average,Slight,Steep,PartInhibit,ABI,WeakUp,XNIL,Wet,PartInhibit,LV,PC,LessThanAve,OtherRapid,Wet,B,SVR,Neutral,DryMMoistL,None,Some,PC,LessThanAve,PC,LittleChange,Average,DCVZFavor,Decreasing,Weak,Weak,AB,WeakPos,ModerateOrLe,Neutral,Wet,N1GtLIGt_4,Neutral,LVorOther,Average,SVR,Weak,DenvCyclone,B,None,HighEvrywher,Weak,Neutral,B,DenvCyclone
May15_Jun14,Instability,DecCapIncIns,SIG,PosToNeg,None,VeryWet,PC,MoreUnstable,Moderate,Steep,None,ABI,WeakUp,XNIL,Wet,PartInhibit,LV,PC,LessThanAve,NoMajor,Wet,B,SIG,WeakUp,DryMMoistL,None,None,PC,LessThanAve,PC,Decreasing,Average,StrongWest,LittleChange,Weak,Weak,AB,WeakPos,ModerateOrLe,WeakUp,Wet,N1GtLIGt_4,WeakUp,LVorOther,MoreUnstable,SIG,Weak,DenvCyclone,B,None,HighEvrywher,Weak,WeakUp,B,MovingFtorOt
May15_Jun14,Neutral,LittleChange,XNIL,SigPositive,Weak,Neutral,Cloudy,Average,None,CloseToDryAd,PartInhibit,G,WeakUp,XNIL,Wet,PartInhibit,SWQuad,PC,Average,NoMajor,Wet,GJ,XNIL,Neutral,MoistMDryL,None,None,PC,Average,Cloudy,LittleChange,Average,StrongWest,Decreasing,Weak,Weak,CThruK,WeakPos,CloseToDryAd,Neutral,Wet,N1GtLIGt_4,Neutral,Westerly,Average,XNIL,None,WidespdDnsl,G,Other,LowAtStation,None,Neutral,G,None
Jun15_Jul1,Neutral,LittleChange,SVR,NegToPos,Weak,Wet,Cloudy,Average,Slight,Steep,PartInhibit,ABI,WeakUp,XNIL,Wet,PartInhibit,AllElse,PC,LessThanAve,NoMajor,Wet,B,SVR,WeakUp,DryMMoistL,None,Some,PC,LessThanAve,Cloudy,LittleChange,Average,StrongWest,LittleChange,Weak,Weak,AB,WeakPos,ModerateOrLe,WeakUp,Wet,N1GtLIGt_4,WeakUp,Westerly,Average,SVR,Weak,DenvCyclone,B,Other,HighEvrywher,Weak,WeakUp,B,DenvCyclone
Jun15_Jul1,Instability,LittleChange,XNIL,PosToNeg,Weak,VeryWet,Cloudy,Average,None,Steep,PartInhibit,ABI,WeakUp,XNIL,Wet,PartInhibit,AllElse,PC,LessThanAve,NoMajor,Wet,B,XNIL,StrongUp,DryMMoistL,None,None,PC,LessThanAve,PC,LittleChange,Average,StrongWest,LittleChange,Weak,Weak,AB,WeakPos,ModerateOrLe,StrongUp,Wet,N1GtLIGt_4,StrongUp,LVorOther,Average,XNIL,Weak,SEQuad,B,Other,LowSHighN,Weak,Neutral,B,MovingFtorOt
May15_Jun14,Neutral,LittleChange,XNIL,PosToNeg,Weak,Wet,Cloudy,LessUnstable,Moderate,Steep,None,ABI,WeakUp,XNIL,Wet,PartInhibit,NWQuad,PC,LessThanAve,OtherRapid,Wet,B,XNIL,Neutral,DryMMoistL,None,None,PC,LessThanAve,Cloudy,LittleChange,Average,StrongWest,LittleChange,Weak,Weak,AB,WeakPos,ModerateOrLe,WeakUp,Wet,N1GtLIGt_4,WeakUp,LVorOther,LessUnstable,XNIL,Weak,DenvCyclone,B,None,HighEvrywher,Weak,WeakUp,B,MovingFtorOt
May15_Jun14,Instability,IncCapDecIns,SVR,SigPositive,Weak,VeryWet,Cloudy,MoreUnstable,None,CloseToDryAd,PartInhibit,G,StrongUp,XNIL,Wet,PartInhibit,SWQuad,PC,Average,NoMajor,Wet,GJ,SVR,StrongUp,MoistMDryL,None,None,PC,Average,Cloudy,Increasing,Dry,StrongWest,Increasing,Weak,Weak,CThruK,WeakPos,CloseToDryAd,WeakUp,Wet,N1GtLIGt_4,WeakUp,Westerly,MoreUnstable,SVR,Weak,WidespdDnsl,G,None,LowEvrywhere,Weak,Neutral,G,None
Jun15_Jul1,Neutral,LittleChange,SIG,PosToNeg,Weak,VeryWet,Cloudy,LessUnstable,Moderate,Steep,None,ABI,WeakUp,XNIL,Wet,PartInhibit,LV,PC,LessThanAve,NoMajor,Wet,B,SIG,WeakUp,DryMMoistL,Weak,None,PC,LessThanAve,Cloudy,LittleChange,VeryMoist,StrongWest,LittleChange,Weak,Weak,AB,WeakPos,ModerateOrLe,WeakUp,Wet,N1GtLIGt_4,WeakUp,LVorOther,LessUnstable,SIG,Weak,DenvCyclone,B,Other,LowSHighN,Weak,Neutral,B,DenvCyclone
Jun15_Jul1,Instability,LittleChange,SVR,PosToNeg,Weak,Wet,Cloudy,MoreUnstable,Moderate,Steep,None,CDEJ,WeakUp,SIG,Wet,PartInhibit,NWQuad,PC,Average,OtherRapid,Wet,ACEFK,SVR,WeakUp,MoistMDryL,None,Some,PC,Average,Cloudy,LittleChange,Dry,StrongWest,LittleChange,Weak,Weak,CThruK,WeakPos,CloseToDryAd,WeakUp,Wet,N1GtLIGt_4,WeakUp,Westerly,MoreUnstable,SVR,Weak,LV,C,None,LowEvrywhere,Weak,WeakUp,C,E_W_N
May15_Jun14,Instability,IncCapDecIns,SIG,LittleChange,Weak,Wet,Cloudy,MoreUnstable,Slight,CloseToDryAd,PartInhibit,G,StrongUp,XNIL,Wet,PartInhibit,SWQuad,PC,Average,NoMajor,VeryWet,GJ,SIG,WeakUp,Other,Strong,Marked,PC,MoreThanAve,Cloudy,Increasing,Dry,DCVZFavor,Increasing,Weak,Weak,CThruK,WeakPos,CloseToDryAd,WeakUp,Wet,N1GtLIGt_4,WeakUp,Westerly,MoreUnstable,SIG,Weak,WidespdDnsl,G,Other,LowEvrywhere,Strong,Neutral,G,None
Jun15_Jul1,Neutral,LittleChange,SIG,PosToNeg,Weak,Wet,Cloudy,Average,Moderate,Steep,None,ABI,WeakUp,XNIL,VeryWet,PartInhibit,AllElse,PC,LessThanAve,NoMajor,VeryWet,B,SIG,WeakUp,DryMMoistL,None,None,PC,LessThanAve,Cloudy,LittleChange,Average,StrongWest,Decreasing,Weak,Weak,AB,WeakPos,ModerateOrLe,WeakUp,Wet,N1GtLIGt_4,WeakUp,LVorOther,Average,SIG,None,LV,B,None,LowSHighN,None,WeakUp,B,MovingFtorOt
Jun15_Jul1,Neutral,LittleChange,XNIL,SigNegative,Weak,VeryWet,Cloudy,MoreUnstable,Slight,CloseToDryAd,PartInhibit,CDEJ,WeakUp,SIG,Wet,PartInhibit,NWQuad,PC,Average,NoMajor,Wet,ACEFK,XNIL,StrongUp,MoistMDryL,None,Some,PC,Average,PC,LittleChange,Average,DCVZFavor,LittleChange,Weak,Weak,CThruK,WeakPos,CloseToDryAd,StrongUp,Wet,N1GtLIGt_4,StrongUp,Westerly,MoreUnstable,SIG,Weak,LongAnticyc,C,Moving,LowEvrywhere,Weak,WeakUp,C,E_W_N
Jun15_Jul1,Neutral,LittleChange,XNIL,PosToNeg,Weak,Wet,Cloudy,MoreUnstable,Slight,CloseToDryAd,PartInhibit,CDEJ,StrongUp,XNIL,Wet,PartInhibit,NWQuad,PC,Average,MarkedUpper,Neutral,ACEFK,XNIL,WeakUp,MoistMDryL,None,None,PC,Average,Cloudy,LittleChange,Dry,StrongWest,LittleChange,Weak,Weak,CThruK,WeakPos,CloseToDryAd,WeakUp,Neutral,N1GtLIGt_4,WeakUp,Westerly,MoreUnstable,XNIL,None,LongAnticyc,C,Other,LowEvrywhere,Weak,WeakUp,C,E_W_N
May15_Jun14,Neutral,LittleChange,XNIL,LittleChange,Weak,VeryWet,PC,Average,None,CloseToDryAd,PartInhibit,G,WeakUp,SVR,Wet,PartInhibit,NWQuad,PC,Average,NoMajor,Wet,GJ,XNIL,WeakUp,MoistMDryL,Weak,Some,Clear,Average,PC,LittleChange,Dry,DCVZFavor,LittleChange,Strong,Unfavorable,CThruK,WeakPos,CloseToDryAd,WeakUp,Wet,N1GtLIGt_4,WeakUp,Westerly,Average,SVR,Weak,WidespdDnsl,G,Other,LowEvrywhere,Strong,WeakUp,G,None
Jun15_Jul1,Neutral,IncCapDecIns,XNIL,PosToNeg,Weak,VeryWet,PC,LessUnstable,Moderate,Steep,None,ABI,WeakUp,XNIL,Wet,PartInhibit,AllElse,PC,LessThanAve,NoMajor,Wet,B,XNIL,WeakUp,DryMMoistL,Strong,Marked,PC,MoreThanAve,PC,Increasing,Average,DCVZFavor,LittleChange,Strong,Weak,AB,WeakPos,ModerateOrLe,WeakUp,Wet,N1GtLIGt_4,WeakUp,LVorOther,LessUnstable,XNIL,None,SEQuad,B,Other,LowMtsHighPl,Strong,Neutral,B,DenvCyclone
Jun15_Jul1,Neutral,LittleChange,SVR,LittleChange,None,Wet,Cloudy,MoreUnstable,Moderate,CloseToDryAd,None,CDEJ,WeakUp,XNIL,Wet,PartInhibit,NWQuad,PC,Average,MarkedUpper,Neutral,ACEFK,SVR,WeakUp,MoistMDryL,None,None,PC,Average,Cloudy,LittleChange,Dry,DCVZFavor,LittleChange,None,Weak,CThruK,WeakPos,ModerateOrLe,WeakUp,Neutral,N1GtLIGt_4,WeakUp,Westerly,MoreUnstable,SVR,Weak,LongAnticyc,C,Other,LowEvrywhere,Weak,WeakUp,C,E_W_N
Jun15_Jul1,Neutral,IncCapDecIns,XNIL,PosToNeg,Weak,VeryWet,PC,Average,None,Steep,PartInhibit,ABI,WeakUp,SVR,Wet,PartInhibit,NWQuad,Clear,LessThanAve,NoMajor,Wet,B,XNIL,Neutral,DryMMoistL,Strong,Marked,PC,MoreThanAve,PC,Increasing,Average,StrongWest,LittleChange,Strong,Weak,AB,WeakPos,ModerateOrLe,WeakUp,Wet,N1GtLIGt_4,WeakUp,LVorOther,Average,SVR,Weak,DenvCyclone,B,None,HighEvrywher,Strong,WeakUp,B,DenvCyclone
Jun15_Jul1,Neutral,LittleChange,XNIL,NegToPos,Weak,VeryWet,Cloudy,LessUnstable,None,Steep,PartInhibit,ABI,StrongUp,SIG,Neutral,PartInhibit,NWQuad,PC,LessThanAve,NoMajor,VeryWet,B,XNIL,WeakUp,DryMMoistL,Weak,None,PC,LessThanAve,Cloudy,LittleChange,VeryMoist,DCVZFavor,LittleChange,Weak,Weak,AB,WeakPos,Stable,StrongUp,VeryWet,N1GtLIGt_4,StrongUp,LVorOther,LessUnstable,SIG,Weak,DenvCyclone,B,None,HighEvrywher,None,Neutral,B,DenvCyclone
Jun15_Jul1,Neutral,IncCapDecIns,SIG,LittleChange,Weak,VeryWet,PC,LessUnstable,None,Steep,PartInhibit,ABI,WeakUp,SVR,Wet,PartInhibit,NWQuad,PC,LessThanAve,OtherRapid,Wet,B,SIG,Neutral,DryMMoistL,Weak,Marked,PC,LessThanAve,PC,Increasing,Average,DCVZFavor,Increasing,Strong,Weak,AB,WeakPos,ModerateOrLe,WeakUp,Wet,N1GtLIGt_4,WeakUp,LVorOther,LessUnstable,SVR,Weak,LV,B,None,HighEvrywher,Strong,WeakUp,B,DenvCyclone
Jun15_Jul1,Neutral,LittleChange,XNIL,LittleChange,Weak,VeryWet,PC,LessUnstable,Slight,Steep,PartInhibit,ABI,WeakUp,SVR,Wet,PartInhibit,NWQuad,PC,LessThanAve,NoMajor,Wet,B,XNIL,WeakUp,DryMMoistL,Weak,Marked,PC,LessThanAve,PC,LittleChange,Average,StrongWest,LittleChange,Strong,Weak,AB,WeakPos,ModerateOrLe,WeakUp,Wet,N1GtLIGt_4,WeakUp,LVorOther,LessUnstable,SVR,Weak,DenvCyclone,B,None,HighEvrywher,Weak,WeakUp,B,MovingFtorOt
Jun15_Jul1,Instability,LittleChange,XNIL,PosToNeg,Weak,Wet,PC,Average,None,Steep,PartInhibit,ABI,WeakUp,SVR,Wet,PartInhibit,NWQuad,PC,LessThanAve,NoMajor,Wet,B,XNIL,WeakUp,DryMMoistL,Weak,Some,Clear,LessThanAve,Clear,LittleChange,Average,DCVZFavor,LittleChange,Strong,Weak,AB,WeakPos,ModerateOrLe,WeakUp,Wet,N1GtLIGt_4,WeakUp,LVorOther,Average,SVR,Weak,DenvCyclone,B,None,HighEvrywher,Strong,StronUp,B,DenvCyclone
May15_Jun14,Neutral,LittleChange,XNIL,NegToPos,Weak,VeryWet,Cloudy,Average,None,Steep,PartInhibit,ABI,StrongUp,XNIL,Wet,PartInhibit,LV,PC,LessThanAve,NoMajor,Wet,B,XNIL,WeakUp,DryMMoistL,None,None,PC,LessThanAve,Cloudy,LittleChange,Average,StrongWest,LittleChange,Weak,Weak,AB,WeakPos,ModerateOrLe,WeakUp,Wet,N1GtLIGt_4,WeakUp,LVorOther,Average,XNIL,Weak,SEQuad,B,None,HighEvrywher,Weak,WeakUp,B,DenvCyclone
Jun15_Jul1,Neutral,DecCapIncIns,XNIL,NegToPos,Weak,VeryWet,PC,LessUnstable,Moderate,Steep,None,ABI,WeakUp,SVR,Wet,PartInhibit,AllElse,Cloudy,LessThanAve,OtherRapid,Wet,B,XNIL,WeakUp,DryMMoistL,Strong,Marked,PC,LessThanAve,PC,Decreasing,Average,StrongWest,LittleChange,Strong,Weak,AB,WeakPos,ModerateOrLe,WeakUp,Wet,N1GtLIGt_4,WeakUp,LVorOther,LessUnstable,SVR,Weak,LV,B,None,LowSHighN,Strong,WeakUp,B,DenvCyclone
Jun15_Jul1,Neutral,LittleChange,SIG,PosToNeg,Weak,VeryWet,Cloudy,Average,Slight,Steep,PartInhibit,CDEJ,WeakUp,XNIL,Wet,PartInhibit,NWQuad,PC,Average,NoMajor,Wet,ACEFK,SIG,Neutral,MoistMDryL,None,None,PC,Average,Cloudy,LittleChange,Dry,StrongWest,LittleChange,Weak,Weak,CThruK,WeakPos,CloseToDryAd,WeakUp,Wet,N5GtLIGt_8,WeakUp,Westerly,Average,SIG,None,LongAnticyc,C,Other,LowEvrywhere,None,WeakUp,C,E_W_N
Jun15_Jul1,Neutral,IncCapDecIns,SIG,PosToNeg,Weak,VeryWet,PC,Average,Moderate,Steep,None,ABI,WeakUp,SVR,Wet,PartInhibit,AllElse,PC,LessThanAve,OtherRapid,Wet,B,SIG,WeakUp,DryMMoistL,Strong,Marked,PC,MoreThanAve,PC,Increasing,Average,StrongWest,Increasing,Strong,Weak,AB,WeakPos,ModerateOrLe,WeakUp,Wet,N1GtLIGt_4,WeakUp,Westerly,Average,SVR,None,DenvCyclone,B,Other,HighEvrywher,Weak,WeakUp,B,MovingFtorOt
Jun15_Jul1,Neutral,LittleChange,SVR,LittleChange,Weak,VeryWet,Cloudy,MoreUnstable,Slight,CloseToDryAd,PartInhibit,CDEJ,WeakUp,SIG,Wet,PartInhibit,NWQuad,PC,Average,NoMajor,Wet,ACEFK,SVR,WeakUp,Other,None,None,PC,Average,Cloudy,LittleChange,Average,StrongWest,LittleChange,Weak,Weak,CThruK,WeakPos,ModerateOrLe,WeakUp,Wet,N1GtLIGt_4,WeakUp,Westerly,MoreUnstable,SVR,None,LongAnticyc,C,Other,LowEvrywhere,Weak,WeakUp,C,E_W_N
Jun15_Jul1,Instability,LittleChange,XNIL,PosToNeg,Weak,VeryWet,Cloudy,Average,Moderate,Steep,None,ABI,StrongUp,XNIL,Wet,PartInhibit,NWQuad,PC,LessThanAve,NoMajor,Wet,B,XNIL,WeakUp,DryMMoistL,None,None,PC,LessThanAve,Cloudy,LittleChange,Average,StrongWest,LittleChange,Weak,Weak,AB,WeakPos,ModerateOrLe,WeakUp,Wet,N1GtLIGt_4,WeakUp,LVorOther,Average,XNIL,None,DenvCyclone,B,None,LowSHighN,None,WeakUp,B,MovingFtorOt
Jun15_Jul1,Neutral,IncCapDecIns,SVR,PosToNeg,None,VeryWet,Cloudy,LessUnstable,Moderate,Steep,None,ABI,WeakUp,XNIL,Wet,PartInhibit,LV,PC,LessThanAve,OtherRapid,Wet,B,SVR,WeakUp,DryMMoistL,None,None,PC,MoreThanAve,Cloudy,Increasing,Average,StrongWest,Increasing,None,Weak,AB,WeakPos,ModerateOrLe,WeakUp,Wet,N1GtLIGt_4,WeakUp,Westerly,MoreUnstable,SVR,Weak,SEQuad,B,None,HighEvrywher,Weak,WeakUp,B,DenvCyclone
Jun15_Jul1,Neutral,DecCapIncIns,XNIL,PosToNeg,Weak,Wet,PC,Average,Moderate,Steep,None,ABI,WeakUp,SVR,Wet,PartInhibit,NWQuad,PC,LessThanAve,NoMajor,Neutral,B,XNIL,WeakUp,DryMMoistL,Strong,Marked,PC,LessThanAve,PC,Decreasing,Average,StrongWest,LittleChange,Strong,Weak,AB,WeakPos,ModerateOrLe,WeakUp,Neutral,N1GtLIGt_4,WeakUp,LVorOther,Average,SVR,Weak,SEQuad,B,None,HighEvrywher,Strong,WeakUp,B,E_W_N
Jun15_Jul1,Neutral,LittleChange,SIG,PosToNeg,Weak,VeryWet,Cloudy,LessUnstable,None,Steep,PartInhibit,ABI,WeakUp,XNIL,Wet,PartInhibit,NWQuad,PC,LessThanAve,NoMajor,Wet,B,SIG,WeakUp,DryMMoistL,None,None,PC,LessThanAve,Cloudy,LittleChange,Average,StrongWest,LittleChange,Weak,Weak,AB,WeakPos,ModerateOrLe,WeakUp,Wet,N1GtLIGt_4,WeakUp,LVorOther,LessUnstable,SIG,Weak,SEQuad,B,Other,HighEvrywher,None,WeakUp,B,DenvCyclone
Jun15_Jul1,Instability,LittleChange,SIG,NegToPos,Weak,VeryWet,PC,MoreUnstable,None,Steep,PartInhibit,ABI,WeakUp,SVR,Wet,PartInhibit,NWQuad,PC,LessThanAve,NoMajor,Wet,B,SIG,WeakUp,DryMMoistL,Strong,Marked,PC,LessThanAve,PC,LittleChange,Average,StrongWest,LittleChange,Strong,Weak,AB,WeakPos,ModerateOrLe,WeakUp,Wet,N1GtLIGt_4,WeakUp,LVorOther,MoreUnstable,SVR,Weak,SEQuad,B,Other,HighEvrywher,Weak,WeakUp,B,DenvCyclone
May15_Jun14,Neutral,LittleChange,XNIL,PosToNeg,Weak,VeryWet,Cloudy,Average,None,Steep,PartInhibit,ABI,WeakUp,XNIL,Wet,PartInhibit,NWQuad,PC,Average,OtherRapid,Wet,B,XNIL,WeakUp,DryMMoistL,None,None,PC,Average,Cloudy,LittleChange,Average,StrongWest,Decreasing,Weak,Weak,AB,WeakPos,ModerateOrLe,WeakUp,Wet,N1GtLIGt_4,WeakUp,LVorOther,LessUnstable,XNIL,Weak,DenvCyclone,B,None,HighEvrywher,Weak,WeakUp,B,DenvCyclone
Jun15_Jul1,Neutral,DecCapIncIns,XNIL,PosToNeg,Weak,VeryWet,PC,LessUnstable,None,Steep,PartInhibit,ABI,WeakUp,SVR,Wet,PartInhibit,AllElse,PC,LessThanAve,NoMajor,Wet,B,XNIL,WeakUp,DryMMoistL,Weak,Some,PC,LessThanAve,PC,Decreasing,Average,DCVZFavor,LittleChange,Strong,Weak,AB,WeakPos,ModerateOrLe,WeakUp,Wet,N1GtLIGt_4,WeakUp,LVorOther,LessUnstable,SVR,None,DenvCyclone,B,None,HighEvrywher,Weak,WeakUp,B,DenvCyclone
Jun15_Jul1,Neutral,IncCapDecIns,XNIL,NegToPos,Weak,VeryWet,Cloudy,Average,Moderate,Steep,None,ABI,StrongUp,XNIL,Wet,PartInhibit,NWQuad,PC,LessThanAve,NoMajor,Wet,B,XNIL,Neutral,DryMMoistL,None,Marked,PC,MoreThanAve,Cloudy,Increasing,Average,DCVZFavor,LittleChange,Weak,Weak,AB,WeakPos,ModerateOrLe,StrongUp,Wet,N1GtLIGt_4,StrongUp,LVorOther,Average,XNIL,Weak,DenvCyclone,B,None,LowMtsHighPl,Weak,StronUp,B,DenvCyclone
Jun15_Jul1,Neutral,DecCapIncIns,SIG,PosToNeg,Strong,Wet,Cloudy,LessUnstable,Moderate,Steep,None,ABI,WeakUp,SVR,Wet,PartInhibit,NWQuad,PC,LessThanAve,NoMajor,Neutral,B,SIG,WeakUp,DryMMoistL,Strong,Some,PC,LessThanAve,Cloudy,Decreasing,Average,StrongWest,LittleChange,Strong,Weak,AB,WeakPos,ModerateOrLe,WeakUp,Neutral,N1GtLIGt_4,WeakUp,LVorOther,LessUnstable,SVR,Weak,SEQuad,B,None,HighEvrywher,Strong,WeakUp,B,DenvCyclone
Jun15_Jul1,Neutral,IncCapDecIns,XNIL,PosToNeg,Weak,VeryWet,Cloudy,LessUnstable,Slight,Steep,PartInhibit,ABI,WeakUp,XNIL,Wet,PartInhibit,LV,PC,LessThanAve,NoMajor,Wet,B,XNIL,WeakUp,DryMMoistL,None,None,PC,MoreThanAve,Cloudy,Increasing,Average,StrongWest,LittleChange,Weak,Weak,AB,WeakPos,Stable,WeakUp,Wet,N1GtLIGt_4,WeakUp,LVorOther,LessUnstable,XNIL,Weak,DenvCyclone,B,None,LowSHighN,Weak,WeakUp,B,DenvCyclone
May15_Jun14,Neutral,LittleChange,SVR,PosToNeg,Weak,VeryWet,Cloudy,LessUnstable,Slight,Steep,PartInhibit,ABI,WeakUp,SIG,Wet,PartInhibit,LV,PC,LessThanAve,NoMajor,Wet,B,SVR,WeakUp,DryMMoistL,None,None,PC,LessThanAve,Cloudy,LittleChange,Average,StrongWest,Increasing,Weak,Weak,AB,Neutral,ModerateOrLe,WeakUp,Wet,N1GtLIGt_4,WeakUp,LVorOther,MoreUnstable,SVR,None,DenvCyclone,B,Other,HighEvrywher,None,WeakUp,B,DenvCyclone
Jun15_Jul1,Stability,IncCapDecIns,XNIL,PosToNeg,Weak,Wet,Cloudy,Average,Moderate,Steep,None,ABI,StrongUp,XNIL,Wet,PartInhibit,NWQuad,PC,LessThanAve,NoMajor,VeryWet,B,XNIL,WeakUp,DryMMoistL,Strong,None,PC,MoreThanAve,Cloudy,Increasing,Average,StrongWest,LittleChange,Weak,Weak,AB,WeakPos,ModerateOrLe,WeakUp,VeryWet,N1GtLIGt_4,WeakUp,LVorOther,Average,XNIL,Weak,SEQuad,B,None,HighEvrywher,Strong,WeakUp,B,DenvCyclone
May15_Jun14,Instability,LittleChange,XNIL,LittleChange,Weak,VeryWet,Cloudy,MoreUnstable,Slight,CloseToDryAd,PartInhibit,G,WeakUp,XNIL,Wet,PartInhibit,NWQuad,PC,Average,NoMajor,Wet,GJ,XNIL,WeakUp,MoistMDryL,Weak,None,PC,Average,Cloudy,LittleChange,Dry,DCVZFavor,LittleChange,Weak,Weak,CThruK,WeakPos,Steep,WeakUp,Wet,N1GtLIGt_4,WeakUp,LVorOther,MoreUnstable,XNIL,Weak,LongAnticyc,G,Other,LowAtStation,Strong,WeakUp,G,None
May15_Jun14,Neutral,IncCapDecIns,XNIL,NegToPos,Weak,VeryWet,Cloudy,Average,None,Steep,PartInhibit,ABI,StrongUp,XNIL,Wet,PartInhibit,LV,PC,LessThanAve,OtherRapid,Wet,B,XNIL,WeakUp,DryMMoistL,None,None,PC,MoreThanAve,Cloudy,Increasing,Average,DCVZFavor,Increasing,Weak,Moderate,AB,Negative,ModerateOrLe,WeakUp,Wet,N1GtLIGt_4,WeakUp,Westerly,Average,XNIL,None,SEQuad,B,None,HighEvrywher,Weak,WeakUp,B,DenvCyclone
May15_Jun14,Neutral,DecCapIncIns,XNIL,LittleChange,Weak,VeryWet,PC,Average,Moderate,CloseToDryAd,None,G,WeakUp,SVR,Wet,PartInhibit,NWQuad,PC,Average,NoMajor,Wet,GJ,XNIL,WeakUp,MoistMDryL,Strong,Marked,PC,LessThanAve,PC,Decreasing,Dry,StrongWest,LittleChange,Strong,Weak,CThruK,WeakPos,Steep,WeakUp,Wet,N1GtLIGt_4,WeakUp,Westerly,Average,SVR,Weak,WidespdDnsl,G,Other,LowEvrywhere,Strong,WeakUp,G,None
Jun15_Jul1,Instability,LittleChange,SIG,NegToPos,Weak,VeryWet,Cloudy,Average,Slight,Steep,PartInhibit,ABI,WeakUp,XNIL,Wet,PartInhibit,NWQuad,PC,LessThanAve,NoMajor,Wet,B,SIG,WeakUp,DryMMoistL,None,None,PC,LessThanAve,Cloudy,LittleChange,Average,StrongWest,Decreasing,Weak,Weak,AB,WeakPos,ModerateOrLe,WeakUp,Wet,N1GtLIGt_4,WeakUp,LVorOther,Average,SIG,Weak,SEQuad,B,None,HighEvrywher,Weak,WeakUp,B,DenvCyclone
May15_Jun14,Neutral,LittleChange,XNIL,SigPositive,None,VeryWet,Cloudy,Average,Slight,CloseToDryAd,PartInhibit,G,StrongUp,XNIL,Wet,PartInhibit,SWQuad,PC,LessThanAve,NoMajor,Wet,GJ,XNIL,WeakUp,Other,None,None,PC,LessThanAve,Cloudy,LittleChange,Dry,StrongWest,LittleChange,None,Weak,CThruK,WeakPos,Steep,StrongUp,Wet,N1GtLIGt_4,StrongUp,LVorOther,Average,XNIL,None,WidespdDnsl,G,None,LowEvrywhere,Weak,StronUp,G,None
May15_Jun14,Neutral,LittleChange,SIG,SigPositive,Weak,Wet,Cloudy,Average,None,CloseToDryAd,PartInhibit,G,StrongUp,XNIL,Neutral,PartInhibit,SWQuad,PC,LessThanAve,NoMajor,Neutral,GJ,SIG,WeakUp,MoistMDryL,None,None,PC,LessThanAve,Cloudy,LittleChange,Dry,StrongWest,LittleChange,Weak,Weak,CThruK,WeakPos,CloseToDryAd,StrongUp,Neutral,N1GtLIGt_4,StrongUp,Westerly,Average,SIG,Weak,WidespdDnsl,G,Other,LowAtStation,Weak,Neutral,G,None
Jun15_Jul1,Neutral,LittleChange,XNIL,PosToNeg,None,VeryWet,Cloudy,Average,Moderate,Steep,None,ABI,StrongUp,XNIL,Wet,PartInhibit,AllElse,PC,LessThanAve,NoMajor,Wet,B,XNIL,WeakUp,DryMMoistL,None,None,PC,LessThanAve,PC,LittleChange,Average,DCVZFavor,LittleChange,None,Weak,AB,WeakPos,ModerateOrLe,StrongUp,Wet,N1GtLIGt_4,StrongUp,LVorOther,Average,XNIL,None,SEQuad,B,None,LowSHighN,Weak,WeakUp,B,DenvCyclone
Jun15_Jul1,Neutral,LittleChange,XNIL,PosToNeg,None,VeryWet,Cloudy,Average,None,Steep,PartInhibit,ABI,WeakUp,XNIL,Wet,PartInhibit,AllElse,PC,LessThanAve,OtherRapid,Wet,B,XNIL,WeakUp,DryMMoistL,None,None,PC,LessThanAve,Cloudy,LittleChange,Average,DCVZFavor,Decreasing,Weak,Weak,AB,WeakPos,ModerateOrLe,WeakUp,Wet,N1GtLIGt_4,WeakUp,Westerly,Average,XNIL,Weak,DenvCyclone,B,Other,LowSHighN,Weak,WeakUp,B,DenvCyclone
Jun15_Jul1,Stability,LittleChange,SVR,PosToNeg,Weak,VeryWet,Cloudy,Average,Slight,Steep,PartInhibit,ABI,WeakUp,XNIL,Wet,PartInhibit,NWQuad,PC,LessThanAve,NoMajor,Wet,B,SVR,Neutral,DryMMoistL,None,None,PC,LessThanAve,Cloudy,LittleChange,Average,StrongWest,Decreasing,Weak,Weak,AB,WeakPos,ModerateOrLe,WeakUp,Wet,N1GtLIGt_4,WeakUp,LVorOther,Average,SVR,Weak,SEQuad,B,None,LowSHighN,Weak,WeakUp,B,E_W_N
Jun15_Jul1,Neutral,LittleChange,XNIL,NegToPos,Weak,VeryWet,Cloudy,Average,None,Steep,PartInhibit,ABI,WeakUp,SIG,Wet,PartInhibit,NWQuad,PC,Average,NoMajor,Wet,B,XNIL,StrongUp,DryMMoistL,None,None,PC,Average,Cloudy,LittleChange,Average,DCVZFavor,LittleChange,Weak,Weak,AB,WeakPos,ModerateOrLe,StrongUp,Wet,N1GtLIGt_4,StrongUp,LVorOther,Average,SIG,None,LV,B,Other,HighEvrywher,None,WeakUp,B,E_W_N
Jun15_Jul1,Neutral,IncCapDecIns,SIG,NegToPos,Weak,VeryWet,PC,LessUnstable,Strong,Steep,None,ABI,WeakUp,SIG,Wet,PartInhibit,LV,PC,LessThanAve,NoMajor,Wet,B,SIG,Neutral,DryMMoistL,Strong,Marked,PC,LessThanAve,PC,Increasing,Average,StrongWest,LittleChange,Strong,Weak,AB,WeakPos,ModerateOrLe,WeakUp,Wet,N1GtLIGt_4,WeakUp,LVorOther,LessUnstable,SIG,None,DenvCyclone,B,None,LowSHighN,Weak,WeakUp,B,DenvCyclone
Jun15_Jul1,Neutral,IncCapDecIns,XNIL,PosToNeg,Weak,VeryWet,PC,Average,None,Steep,PartInhibit,ABI,StrongUp,SVR,Wet,PartInhibit,NWQuad,PC,LessThanAve,NoMajor,Wet,B,XNIL,WeakUp,DryMMoistL,Weak,Marked,PC,MoreThanAve,PC,Increasing,Average,DCVZFavor,LittleChange,Strong,Weak,AB,WeakPos,ModerateOrLe,WeakUp,Wet,N1GtLIGt_4,WeakUp,LVorOther,Average,SVR,Weak,DenvCyclone,B,None,LowSHighN,Strong,WeakUp,B,DenvCyclone
Jun15_Jul1,Neutral,IncCapDecIns,SIG,PosToNeg,Weak,Wet,Cloudy,LessUnstable,None,Steep,PartInhibit,ABI,WeakUp,XNIL,Neutral,PartInhibit,NWQuad,PC,LessThanAve,NoMajor,Neutral,B,SIG,StrongUp,DryMMoistL,None,None,PC,LessThanAve,Cloudy,Increasing,Average,StrongWest,LittleChange,Weak,Weak,AB,WeakPos,ModerateOrLe,StrongUp,Wet,N1GtLIGt_4,StrongUp,LVorOther,LessUnstable,SIG,Weak,DenvCyclone,B,None,LowSHighN,Weak,WeakUp,B,DenvCyclone
Jun15_Jul1,Neutral,IncCapDecIns,SIG,PosToNeg,None,VeryWet,Cloudy,LessUnstable,None,Steep,None,ABI,WeakUp,XNIL,Wet,PartInhibit,LV,PC,LessThanAve,NoMajor,Wet,B,SIG,WeakUp,DryMMoistL,None,None,PC,MoreThanAve,Cloudy,Increasing,Average,StrongWest,LittleChange,None,Weak,AB,WeakPos,ModerateOrLe,WeakUp,Wet,N1GtLIGt_4,WeakUp,LVorOther,LessUnstable,SIG,None,DenvCyclone,B,Other,LowSHighN,Weak,WeakUp,B,DenvCyclone
May15_Jun14,Neutral,LittleChange,SIG,SigPositive,Weak,VeryWet,Cloudy,Average,Moderate,CloseToDryAd,None,G,WeakUp,SIG,Wet,PartInhibit,NWQuad,PC,Average,NoMajor,Wet,GJ,XNIL,Neutral,MoistMDryL,None,Some,PC,Average,Cloudy,LittleChange,Dry,StrongWest,LittleChange,Weak,Weak,CThruK,WeakPos,CloseToDryAd,WeakUp,Wet,N1GtLIGt_4,WeakUp,LVorOther,Average,SIG,None,WidespdDnsl,G,Other,LowEvrywhere,Weak,WeakUp,G,None
Jun15_Jul1,Neutral,LittleChange,SIG,PosToNeg,None,VeryWet,Cloudy,LessUnstable,None,Steep,PartInhibit,ABI,WeakUp,XNIL,Wet,PartInhibit,AllElse,PC,LessThanAve,NoMajor,Wet,B,SIG,WeakUp,DryMMoistL,None,None,PC,LessThanAve,Cloudy,LittleChange,Average,StrongWest,LittleChange,None,Weak,AB,WeakPos,Stable,WeakUp,Wet,N1GtLIGt_4,WeakUp,LVorOther,LessUnstable,SIG,Weak,DenvCyclone,B,None,LowSHighN,Weak,Neutral,B,DenvCyclone
Jun15_Jul1,Neutral,IncCapDecIns,XNIL,LittleChange,Weak,VeryWet,Cloudy,LessUnstable,None,Steep,PartInhibit,ABI,WeakUp,XNIL,Wet,PartInhibit,NWQuad,PC,LessThanAve,NoMajor,Wet,B,XNIL,WeakUp,DryMMoistL,None,None,PC,MoreThanAve,Cloudy,Increasing,Average,StrongWest,Increasing,Weak,Weak,AB,WeakPos,ModerateOrLe,WeakUp,Wet,N1GtLIGt_4,WeakUp,LVorOther,MoreUnstable,XNIL,Weak,SEQuad,B,QStationary,HighEvrywher,Weak,WeakUp,B,DenvCyclone
Jun15_Jul1,Neutral,LittleChange,XNIL,LittleChange,Weak,VeryWet,Cloudy,MoreUnstable,Slight,CloseToDryAd,PartInhibit,CDEJ,WeakUp,SIG,Wet,PartInhibit,NWQuad,PC,Average,MarkedUpper,Wet,ACEFK,XNIL,Neutral,Other,None,None,PC,Average,Cloudy,LittleChange,Dry,StrongWest,LittleChange,Weak,Weak,CThruK,WeakPos,ModerateOrLe,WeakUp,Wet,N1GtLIGt_4,WeakUp,Westerly,MoreUnstable,SIG,Weak,LongAnticyc,C,Other,LowEvrywhere,Weak,StronUp,C,E_W_N
May15_Jun14,Stability,IncCapDecIns,XNIL,SigPositive,Weak,Neutral,Cloudy,Average,None,CloseToDryAd,PartInhibit,G,WeakUp,XNIL,Wet,PartInhibit,SWQuad,PC,Average,NoMajor,Wet,GJ,XNIL,Neutral,MoistMDryL,Weak,None,PC,MoreThanAve,Cloudy,Increasing,Dry,StrongWest,Increasing,Weak,Weak,CThruK,WeakPos,CloseToDryAd,Neutral,Wet,N1GtLIGt_4,Neutral,Westerly,MoreUnstable,XNIL,None,WidespdDnsl,G,None,LowEvrywhere,Strong,Neutral,G,None
May15_Jun14,Neutral,DecCapIncIns,XNIL,NegToPos,None,VeryWet,PC,LessUnstable,Moderate,Steep,None,ABI,WeakUp,XNIL,Wet,PartInhibit,NWQuad,PC,LessThanAve,OtherRapid,Wet,B,XNIL,WeakUp,DryMMoistL,None,None,PC,LessThanAve,PC,Decreasing,Average,StrongWest,LittleChange,None,Weak,AB,WeakPos,ModerateOrLe,WeakUp,Wet,N1GtLIGt_4,WeakUp,Westerly,LessUnstable,XNIL,None,SEQuad,B,None,HighEvrywher,Weak,WeakUp,B,DenvCyclone
Jun15_Jul1,Neutral,IncCapDecIns,XNIL,NegToPos,Weak,Neutral,Cloudy,LessUnstable,Moderate,Steep,None,ABI,Neutral,XNIL,Neutral,PartInhibit,NWQuad,PC,LessThanAve,OtherRapid,Dry,B,XNIL,WeakUp,DryMMoistL,None,None,PC,LessThanAve,Cloudy,Increasing,Average,StrongWest,LittleChange,Weak,Weak,AB,WeakPos,ModerateOrLe,WeakUp,Wet,N1GtLIGt_4,WeakUp,Westerly,LessUnstable,XNIL,Weak,SEQuad,B,None,HighEvrywher,Weak,WeakUp,B,DenvCyclone
May15_Jun14,Neutral,DecCapIncIns,XNIL,SigPositive,None,Neutral,Clear,Average,Slight,CloseToDryAd,PartInhibit,G,WeakUp,SIG,Wet,PartInhibit,NWQuad,PC,Average,NoMajor,Neutral,GJ,XNIL,WeakUp,MoistMDryL,None,None,PC,LessThanAve,PC,Decreasing,Dry,StrongWest,LittleChange,Weak,Weak,CThruK,WeakPos,CloseToDryAd,WeakUp,Neutral,N1GtLIGt_4,WeakUp,Westerly,Average,SIG,None,LongAnticyc,G,Other,LowEvrywhere,Weak,WeakUp,G,None
Jun15_Jul1,Instability,IncCapDecIns,XNIL,NegToPos,Weak,VeryWet,PC,Average,Moderate,Steep,None,ABI,WeakUp,SVR,Wet,PartInhibit,NWQuad,PC,LessThanAve,OtherRapid,Wet,B,XNIL,WeakUp,DryMMoistL,Strong,Marked,PC,LessThanAve,PC,Increasing,Average,StrongWest,Increasing,Strong,Weak,AB,WeakPos,ModerateOrLe,WeakUp,Wet,N1GtLIGt_4,WeakUp,Westerly,Average,SVR,Weak,DenvCyclone,B,None,HighEvrywher,Strong,WeakUp,B,DenvCyclone
Jun15_Jul1,Neutral,LittleChange,XNIL,NegToPos,Weak,VeryWet,PC,LessUnstable,Slight,Steep,PartInhibit,ABI,WeakUp,SVR,Wet,PartInhibit,NWQuad,PC,LessThanAve,NoMajor,Wet,B,XNIL,WeakUp,DryMMoistL,Strong,Some,PC,LessThanAve,PC,LittleChange,Average,DCVZFavor,LittleChange,Strong,Weak,AB,WeakPos,ModerateOrLe,WeakUp,Wet,N1GtLIGt_4,WeakUp,LVorOther,LessUnstable,SVR,Weak,SEQuad,B,Other,LowSHighN,Strong,Neutral,B,DenvCyclone
May15_Jun14,Neutral,IncCapDecIns,XNIL,PosToNeg,None,Wet,Cloudy,Average,Moderate,Steep,None,ABI,WeakUp,XNIL,Wet,PartInhibit,NWQuad,PC,LessThanAve,OtherRapid,Wet,B,XNIL,Neutral,DryMMoistL,None,None,PC,MoreThanAve,Cloudy,Increasing,Average,DCVZFavor,LittleChange,Weak,Weak,AB,WeakPos,ModerateOrLe,Neutral,Wet,N1GtLIGt_4,Neutral,LVorOther,Average,XNIL,None,DenvCyclone,B,None,Other,Weak,Neutral,B,DenvCyclone
May15_Jun14,Neutral,LittleChange,XNIL,PosToNeg,None,Wet,Cloudy,LessUnstable,Slight,Steep,PartInhibit,ABI,WeakUp,XNIL,Neutral,PartInhibit,AllElse,PC,LessThanAve,NoMajor,Neutral,B,XNIL,StrongUp,DryMMoistL,None,None,PC,LessThanAve,Cloudy,LittleChange,Average,StrongWest,LittleChange,Weak,Weak,AB,WeakPos,Stable,StrongUp,Wet,N1GtLIGt_4,StrongUp,Westerly,LessUnstable,XNIL,None,DenvCyclone,B,None,HighEvrywher,None,Neutral,B,DenvCyclone
Jun15_Jul1,Neutral,LittleChange,SIG,LittleChange,Weak,VeryWet,Cloudy,Average,Slight,Steep,PartInhibit,ABI,StrongUp,SIG,Wet,PartInhibit,NWQuad,PC,LessThanAve,NoMajor,VeryWet,B,SIG,WeakUp,DryMMoistL,None,None,PC,LessThanAve,PC,LittleChange,Average,StrongWest,Decreasing,Weak,Weak,AB,WeakPos,ModerateOrLe,StrongUp,VeryWet,N1GtLIGt_4,StrongUp,LVorOther,Average,SIG,Weak,DenvCyclone,B,None,HighEvrywher,Weak,WeakUp,B,DenvCyclone
Jun15_Jul1,Neutral,LittleChange,XNIL,PosToNeg,Weak,VeryWet,Cloudy,LessUnstable,Moderate,Steep,None,ABI,WeakUp,XNIL,Wet,PartInhibit,LV,PC,LessThanAve,NoMajor,Wet,B,XNIL,Neutral,DryMMoistL,None,None,PC,LessThanAve,Cloudy,LittleChange,Average,DCVZFavor,LittleChange,Weak,Weak,AB,WeakPos,ModerateOrLe,WeakUp,Wet,N1GtLIGt_4,WeakUp,LVorOther,LessUnstable,XNIL,Weak,LV,B,None,LowSHighN,Weak,WeakUp,B,DenvCyclone
May15_Jun14,Neutral,IncCapDecIns,XNIL,SigPositive,Weak,Wet,PC,Average,None,CloseToDryAd,PartInhibit,G,WeakUp,XNIL,Neutral,PartInhibit,NWQuad,PC,Average,NoMajor,Neutral,GJ,XNIL,WeakUp,MoistMDryL,Strong,Marked,PC,MoreThanAve,PC,Increasing,Dry,StrongWest,Increasing,Strong,Weak,CThruK,WeakPos,Steep,WeakUp,Wet,N1GtLIGt_4,WeakUp,LVorOther,Average,XNIL,None,WidespdDnsl,G,Other,LowEvrywhere,Weak,WeakUp,G,None
Jun15_Jul1,Neutral,LittleChange,XNIL,NegToPos,Weak,Neutral,Cloudy,Average,Moderate,Steep,None,ABI,StrongUp,XNIL,Neutral,PartInhibit,LV,PC,LessThanAve,NoMajor,Dry,B,XNIL,WeakUp,DryMMoistL,None,None,PC,LessThanAve,Cloudy,LittleChange,Average,StrongWest,LittleChange,Weak,Weak,AB,WeakPos,ModerateOrLe,WeakUp,Wet,N1GtLIGt_4,WeakUp,LVorOther,Average,XNIL,Weak,SEQuad,B,Other,LowSHighN,Weak,WeakUp,B,DenvCyclone
Jun15_Jul1,Stability,LittleChange,XNIL,LittleChange,Weak,VeryWet,Cloudy,Average,Moderate,Steep,None,ABI,WeakUp,XNIL,Wet,PartInhibit,NWQuad,PC,LessThanAve,OtherRapid,Wet,B,XNIL,WeakUp,DryMMoistL,None,None,PC,LessThanAve,Cloudy,LittleChange,Average,StrongWest,LittleChange,Weak,Weak,AB,WeakPos,ModerateOrLe,WeakUp,Wet,N1GtLIGt_4,WeakUp,LVorOther,Average,XNIL,Weak,DenvCyclone,B,None,HighEvrywher,None,Neutral,B,DenvCyclone
Jun15_Jul1,Instability,LittleChange,SIG,LittleChange,Weak,VeryWet,Cloudy,Average,Slight,CloseToDryAd,PartInhibit,CDEJ,WeakUp,XNIL,Wet,PartInhibit,NWQuad,PC,Average,NoMajor,Wet,ACEFK,SIG,WeakUp,MoistMDryL,None,None,PC,Average,Cloudy,LittleChange,Dry,StrongWest,LittleChange,Weak,Weak,CThruK,WeakPos,CloseToDryAd,WeakUp,Wet,N1GtLIGt_4,WeakUp,Westerly,Average,SIG,None,LongAnticyc,C,Other,LowEvrywhere,Weak,WeakUp,C,E_W_N
Jun15_Jul1,Neutral,LittleChange,XNIL,NegToPos,None,VeryWet,Cloudy,LessUnstable,None,Steep,PartInhibit,ABI,WeakUp,XNIL,Wet,PartInhibit,LV,PC,LessThanAve,NoMajor,Wet,B,XNIL,WeakUp,DryMMoistL,None,None,PC,LessThanAve,Cloudy,LittleChange,Average,StrongWest,Decreasing,None,Weak,AB,WeakPos,ModerateOrLe,WeakUp,Wet,N1GtLIGt_4,WeakUp,LVorOther,LessUnstable,XNIL,Weak,DenvCyclone,B,Other,HighEvrywher,None,WeakUp,B,DenvCyclone
May15_Jun14,Instability,IncCapDecIns,XNIL,PosToNeg,Weak,Wet,Cloudy,Average,Moderate,Steep,None,ABI,WeakUp,XNIL,Wet,PartInhibit,NWQuad,PC,LessThanAve,OtherRapid,Wet,B,XNIL,Neutral,DryMMoistL,Strong,Some,PC,MoreThanAve,Cloudy,Increasing,Average,StrongWest,Increasing,Weak,Weak,AB,WeakPos,Stable,Neutral,Wet,N1GtLIGt_4,Neutral,LVorOther,Average,XNIL,Weak,SEQuad,B,None,HighEvrywher,Strong,Neutral,B,DenvCyclone
May15_Jun14,Neutral,DecCapIncIns,XNIL,SigPositive,Weak,VeryWet,Cloudy,Average,Moderate,CloseToDryAd,None,G,WeakUp,XNIL,Wet,PartInhibit,SWQuad,PC,Average,NoMajor,Wet,GJ,XNIL,WeakUp,MoistMDryL,None,Some,PC,LessThanAve,Cloudy,Decreasing,Dry,StrongWest,LittleChange,Weak,Weak,CThruK,WeakPos,CloseToDryAd,WeakUp,Wet,N1GtLIGt_4,WeakUp,LVorOther,Average,XNIL,Weak,WidespdDnsl,G,None,LowEvrywhere,Strong,WeakUp,G,None
Jun15_Jul1,Neutral,IncCapDecIns,SVR,PosToNeg,Weak,VeryWet,Cloudy,LessUnstable,Moderate,Steep,None,ABI,StrongUp,XNIL,Wet,PartInhibit,NWQuad,PC,LessThanAve,NoMajor,Wet,B,SVR,WeakUp,DryMMoistL,None,None,Cloudy,MoreThanAve,Cloudy,Increasing,Average,StrongWest,Increasing,Weak,Weak,AB,WeakPos,ModerateOrLe,StrongUp,Wet,N1GtLIGt_4,StrongUp,LVorOther,MoreUnstable,SVR,Weak,SEQuad,B,None,HighEvrywher,Weak,Neutral,B,DenvCyclone
May15_Jun14,Neutral,LittleChange,XNIL,LittleChange,Weak,VeryWet,Clear,Average,Slight,CloseToDryAd,PartInhibit,G,StrongUp,XNIL,Wet,PartInhibit,SWQuad,PC,Average,NoMajor,Wet,GJ,XNIL,WeakUp,MoistMDryL,Strong,Marked,Clear,Average,Clear,LittleChange,Dry,StrongWest,Decreasing,Strong,Weak,CThruK,WeakPos,CloseToDryAd,StrongUp,Wet,N1GtLIGt_4,StrongUp,Westerly,Average,XNIL,None,WidespdDnsl,G,Other,LowAtStation,Weak,WeakUp,G,Other
Jun15_Jul1,Neutral,LittleChange,SIG,PosToNeg,None,VeryWet,Cloudy,LessUnstable,None,Steep,PartInhibit,ABI,Neutral,XNIL,Wet,PartInhibit,NWQuad,PC,LessThanAve,NoMajor,Wet,B,SIG,WeakUp,DryMMoistL,None,None,PC,LessThanAve,Cloudy,LittleChange,Average,StrongWest,LittleChange,None,Weak,AB,StrongPos,Stable,WeakUp,Wet,N1GtLIGt_4,WeakUp,LVorOther,LessUnstable,SIG,None,LV,B,None,HighEvrywher,Weak,WeakUp,B,DenvCyclone
Jun15_Jul1,Instability,IncCapDecIns,SIG,PosToNeg,None,VeryWet,Cloudy,Average,Moderate,Steep,None,ABI,WeakUp,XNIL,Wet,PartInhibit,NWQuad,PC,LessThanAve,OtherRapid,Wet,B,SIG,WeakUp,DryMMoistL,None,None,PC,MoreThanAve,Cloudy,Increasing,Average,StrongWest,Increasing,None,Weak,AB,WeakPos,ModerateOrLe,WeakUp,Neutral,N1GtLIGt_4,WeakUp,LVorOther,Average,SIG,Weak,DenvCyclone,B,None,HighEvrywher,Strong,WeakUp,B,DenvCyclone
Jun15_Jul1,Neutral,LittleChange,XNIL,PosToNeg,Weak,VeryWet,Cloudy,LessUnstable,Moderate,Steep,None,ABI,WeakUp,XNIL,Wet,PartInhibit,NWQuad,PC,LessThanAve,NoMajor,Wet,B,XNIL,WeakUp,DryMMoistL,None,None,PC,LessThanAve,Cloudy,LittleChange,Average,StrongWest,LittleChange,Weak,Weak,AB,WeakPos,ModerateOrLe,WeakUp,Wet,N1GtLIGt_4,WeakUp,LVorOther,LessUnstable,XNIL,Weak,DenvCyclone,B,None,Other,None,WeakUp,B,MovingFtorOt
May15_Jun14,Neutral,LittleChange,XNIL,SigPositive,None,VeryWet,PC,Average,None,CloseToDryAd,PartInhibit,G,StrongUp,SIG,Wet,PartInhibit,NWQuad,PC,Average,NoMajor,Wet,GJ,XNIL,WeakUp,Other,None,Some,PC,Average,PC,LittleChange,Dry,StrongWest,Decreasing,Weak,Weak,CThruK,WeakPos,CloseToDryAd,WeakUp,Wet,N1GtLIGt_4,WeakUp,Westerly,Average,SIG,Weak,WidespdDnsl,G,Other,LowEvrywhere,Strong,WeakUp,G,None
Jun15_Jul1,Neutral,IncCapDecIns,XNIL,NegToPos,Weak,VeryWet,Cloudy,Average,Slight,Steep,PartInhibit,ABI,StrongUp,XNIL,Wet,PartInhibit,AllElse,PC,LessThanAve,OtherRapid,Wet,B,XNIL,Neutral,DryMMoistL,None,None,PC,MoreThanAve,PC,Increasing,Average,DCVZFavor,LittleChange,Weak,Weak,AB,WeakPos,ModerateOrLe,StrongUp,Neutral,N1GtLIGt_4,StrongUp,Westerly,Average,XNIL,None,SEQuad,B,QStationary,LowMtsHighPl,None,Neutral,B,MovingFtorOt
Jun15_Jul1,Instability,IncCapDecIns,SVR,PosToNeg,None,Wet,Cloudy,Average,Moderate,Steep,None,ABI,WeakUp,XNIL,VeryWet,PartInhibit,NWQuad,PC,LessThanAve,NoMajor,VeryWet,B,SVR,WeakUp,DryMMoistL,None,None,Clear,MoreThanAve,Clear,Increasing,Average,StrongWest,Increasing,None,Weak,AB,WeakPos,ModerateOrLe,WeakUp,Wet,N1GtLIGt_4,WeakUp,LVorOther,MoreUnstable,SVR,Weak,DenvCyclone,B,None,LowSHighN,Weak,WeakUp,B,DenvCyclone
Jun15_Jul1,Neutral,LittleChange,XNIL,LittleChange,Weak,VeryWet,Cloudy,MoreUnstable,Slight,CloseToDryAd,PartInhibit,CDEJ,WeakUp,XNIL,Wet,PartInhibit,NWQuad,PC,Average,MarkedUpper,Wet,ACEFK,XNIL,WeakUp,MoistMDryL,None,None,PC,Average,Cloudy,LittleChange,Average,StrongWest,LittleChange,Weak,Weak,CThruK,WeakPos,ModerateOrLe,WeakUp,Wet,N1GtLIGt_4,WeakUp,Westerly,MoreUnstable,XNIL,None,LongAnticyc,C,Moving,LowEvrywhere,Weak,WeakUp,C,E_W_N
Jun15_Jul1,Neutral,DecCapIncIns,XNIL,NegToPos,Weak,VeryWet,PC,LessUnstable,Slight,Steep,PartInhibit,ABI,WeakUp,XNIL,Wet,PartInhibit,NWQuad,PC,LessThanAve,OtherRapid,Wet,B,XNIL,WeakUp,DryMMoistL,None,Some,PC,LessThanAve,PC,Decreasing,Average,StrongWest,LittleChange,Weak,Weak,AB,WeakPos,ModerateOrLe,WeakUp,Wet,N1GtLIGt_4,WeakUp,LVorOther,LessUnstable,XNIL,None,LV,B,Other,HighEvrywher,Weak,WeakUp,B,DenvCyclone
Jun15_Jul1,Neutral,LittleChange,SVR,SigPositive,None,VeryWet,Cloudy,MoreUnstable,None,Steep,PartInhibit,CDEJ,WeakUp,XNIL,Wet,PartInhibit,NWQuad,PC,Average,MarkedUpper,Wet,ACEFK,SVR,WeakUp,MoistMDryL,None,None,PC,Average,Cloudy,LittleChange,Dry,StrongWest,LittleChange,None,Weak,CThruK,WeakPos,ModerateOrLe,WeakUp,Wet,N1GtLIGt_4,WeakUp,Westerly,MoreUnstable,SVR,None,LV,C,Other,LowEvrywhere,Weak,WeakUp,C,E_W_N
Jun15_Jul1,Neutral,IncCapDecIns,XNIL,PosToNeg,Weak,VeryWet,Cloudy,Average,None,Steep,PartInhibit,ABI,WeakUp,XNIL,Wet,PartInhibit,NWQuad,PC,LessThanAve,OtherRapid,Wet,B,XNIL,Neutral,DryMMoistL,None,None,PC,MoreThanAve,Cloudy,Increasing,Average,StrongWest,Increasing,Weak,Moderate,AB,WeakPos,Stable,WeakUp,Wet,N1GtLIGt_4,WeakUp,LVorOther,MoreUnstable,XNIL,Weak,DenvCyclone,B,Other,LowMtsHighPl,Weak,WeakUp,B,DenvCyclone
May15_Jun14,Neutral,LittleChange,XNIL,LittleChange,Weak,VeryWet,Cloudy,MoreUnstable,None,Steep,PartInhibit,CDEJ,WeakUp,SIG,Wet,PartInhibit,LV,PC,Average,NoMajor,Wet,GJ,XNIL,WeakUp,MoistMDryL,None,None,PC,Average,Cloudy,LittleChange,Average,StrongWest,LittleChange,Weak,Weak,CThruK,WeakPos,ModerateOrLe,WeakUp,Neutral,N1GtLIGt_4,WeakUp,LVorOther,MoreUnstable,SIG,None,LV,J,None,LowAtStation,None,WeakUp,J,DryLine
May15_Jun14,Instability,IncCapDecIns,XNIL,PosToNeg,Strong,VeryWet,Cloudy,Average,None,Steep,PartInhibit,ABI,WeakUp,XNIL,Wet,PartInhibit,NWQuad,PC,LessThanAve,NoMajor,Wet,B,XNIL,WeakUp,DryMMoistL,Weak,Marked,PC,MoreThanAve,Cloudy,Increasing,Average,DCVZFavor,Increasing,Strong,Weak,AB,WeakPos,ModerateOrLe,WeakUp,Wet,N1GtLIGt_4,WeakUp,Westerly,Average,XNIL,Weak,DenvCyclone,B,None,HighEvrywher,Strong,WeakUp,B,DenvCyclone
Aug11_Aug20,Neutral,IncCapDecIns,XNIL,SigPositive,Weak,VeryWet,Cloudy,MoreUnstable,Moderate,CloseToDryAd,None,CDEJ,StrongUp,XNIL,Wet,PartInhibit,NWQuad,PC,Average,NoMajor,Wet,D,XNIL,Neutral,DryMMoistL,Strong,None,PC,Average,Cloudy,Increasing,Dry,StrongWest,LittleChange,Weak,Weak,CThruK,WeakPos,Steep,WeakUp,Wet,N1GtLIGt_4,WeakUp,Westerly,MoreUnstable,XNIL,Weak,LV,D,Other,LowAtStation,Strong,WeakUp,D,DryLine
Jun15_Jul1,Neutral,LittleChange,SIG,PosToNeg,None,VeryWet,PC,LessUnstable,None,Steep,PartInhibit,ABI,WeakUp,XNIL,Wet,PartInhibit,NWQuad,PC,LessThanAve,OtherRapid,Wet,B,SIG,WeakUp,DryMMoistL,None,None,PC,LessThanAve,PC,LittleChange,Average,StrongWest,LittleChange,None,Weak,AB,WeakPos,ModerateOrLe,WeakUp,Wet,N1GtLIGt_4,WeakUp,Westerly,LessUnstable,SIG,Weak,SEQuad,B,None,LowSHighN,None,WeakUp,B,DenvCyclone
May15_Jun14,Neutral,DecCapIncIns,XNIL,LittleChange,Weak,VeryWet,PC,Average,Moderate,CloseToDryAd,None,G,WeakUp,SVR,Wet,PartInhibit,SWQuad,PC,Average,NoMajor,Wet,GJ,XNIL,WeakUp,MoistMDryL,Strong,Marked,PC,LessThanAve,PC,Decreasing,Dry,DCVZFavor,LittleChange,Strong,Weak,CThruK,WeakPos,CloseToDryAd,WeakUp,Wet,N1GtLIGt_4,WeakUp,Westerly,Average,SVR,Weak,WidespdDnsl,G,Other,LowEvrywhere,Strong,Neutral,G,None
Jun15_Jul1,Neutral,DecCapIncIns,XNIL,PosToNeg,Weak,VeryWet,PC,LessUnstable,Slight,Steep,PartInhibit,ABI,WeakUp,SVR,Wet,PartInhibit,AllElse,PC,LessThanAve,NoMajor,Wet,B,XNIL,WeakUp,DryMMoistL,Strong,Marked,Clear,LessThanAve,Clear,Decreasing,Average,StrongWest,LittleChange,Strong,Weak,AB,WeakPos,ModerateOrLe,WeakUp,Wet,N1GtLIGt_4,WeakUp,LVorOther,LessUnstable,SVR,Weak,DenvCyclone,B,None,LowSHighN,Strong,Neutral,B,MovingFtorOt
Jun15_Jul1,Neutral,IncCapDecIns,XNIL,NegToPos,Weak,VeryWet,PC,Average,Slight,Steep,PartInhibit,ABI,WeakUp,SVR,Wet,PartInhibit,NWQuad,PC,LessThanAve,OtherRapid,Wet,B,XNIL,WeakUp,DryMMoistL,Strong,Marked,PC,MoreThanAve,PC,Increasing,Average,DCVZFavor,LittleChange,Strong,Weak,AB,WeakPos,ModerateOrLe,WeakUp,Wet,N1GtLIGt_4,WeakUp,Westerly,Average,SVR,Weak,DenvCyclone,B,Other,HighEvrywher,Strong,WeakUp,B,DenvCyclone
May15_Jun14,Stability,LittleChange,XNIL,SigPositive,Weak,VeryWet,PC,Average,None,CloseToDryAd,PartInhibit,G,WeakUp,SVR,Wet,PartInhibit,SWQuad,PC,Average,NoMajor,Wet,GJ,XNIL,WeakUp,MoistMDryL,Strong,Some,PC,Average,PC,LittleChange,Dry,StrongWest,LittleChange,Strong,Moderate,CThruK,WeakPos,CloseToDryAd,WeakUp,Wet,N1GtLIGt_4,WeakUp,LVorOther,Average,SVR,Weak,WidespdDnsl,G,Other,LowEvrywhere,Strong,Neutral,G,None
May15_Jun14,Neutral,IncCapDecIns,SIG,PosToNeg,Strong,Wet,Cloudy,MoreUnstable,Slight,Steep,PartInhibit,ABI,WeakUp,SVR,VeryWet,PartInhibit,NWQuad,PC,LessThanAve,NoMajor,VeryWet,B,SIG,WeakUp,DryMMoistL,Weak,Some,PC,MoreThanAve,Cloudy,Increasing,Average,DCVZFavor,Increasing,Strong,Weak,AB,StrongPos,ModerateOrLe,WeakUp,Wet,N5GtLIGt_8,WeakUp,LVorOther,MoreUnstable,SVR,Weak,SEQuad,B,None,HighEvrywher,Strong,WeakUp,B,DenvCyclone
Jun15_Jul1,Instability,LittleChange,SIG,PosToNeg,Weak,Wet,Cloudy,Average,Slight,Steep,PartInhibit,ABI,WeakUp,XNIL,Wet,PartInhibit,NWQuad,PC,LessThanAve,NoMajor,Wet,B,SIG,Neutral,DryMMoistL,None,None,PC,LessThanAve,Cloudy,LittleChange,Average,StrongWest,LittleChange,Weak,Weak,AB,WeakPos,ModerateOrLe,WeakUp,Neutral,N1GtLIGt_4,WeakUp,LVorOther,Average,SIG,Weak,SEQuad,B,None,HighEvrywher,None,WeakUp,B,DenvCyclone
Jun15_Jul1,Neutral,DecCapIncIns,XNIL,SigNegative,Weak,VeryWet,Cloudy,MoreUnstable,Moderate,Steep,None,CDEJ,StrongUp,XNIL,Wet,PartInhibit,NWQuad,PC,Average,NoMajor,Wet,ACEFK,XNIL,WeakUp,MoistMDryL,Strong,None,PC,LessThanAve,Cloudy,Decreasing,Dry,StrongWest,Decreasing,Weak,Weak,CThruK,Neutral,CloseToDryAd,StrongUp,Wet,N1GtLIGt_4,StrongUp,Westerly,Average,XNIL,Weak,LongAnticyc,C,Other,LowEvrywhere,Strong,StronUp,C,E_W_N
May15_Jun14,Neutral,DecCapIncIns,XNIL,NegToPos,Weak,VeryWet,Cloudy,LessUnstable,Moderate,Steep,None,ABI,WeakUp,XNIL,Wet,PartInhibit,NWQuad,PC,LessThanAve,OtherRapid,Wet,B,XNIL,WeakUp,DryMMoistL,Weak,Some,PC,LessThanAve,Cloudy,Decreasing,Average,StrongWest,LittleChange,Weak,Weak,AB,WeakPos,ModerateOrLe,StrongUp,Wet,N1GtLIGt_4,StrongUp,LVorOther,LessUnstable,XNIL,None,DenvCyclone,B,Other,HighEvrywher,Strong,StronUp,B,MovingFtorOt
Jun15_Jul1,Stability,DecCapIncIns,SVR,NegToPos,Weak,VeryWet,PC,Average,Slight,Steep,PartInhibit,ABI,WeakUp,SVR,Wet,PartInhibit,NWQuad,PC,LessThanAve,NoMajor,Wet,B,SVR,Neutral,DryMMoistL,Strong,Marked,Cloudy,LessThanAve,PC,Decreasing,Average,StrongWest,LittleChange,Strong,Weak,AB,WeakPos,ModerateOrLe,WeakUp,Neutral,N1GtLIGt_4,WeakUp,LVorOther,Average,SVR,Weak,SEQuad,B,None,HighEvrywher,Strong,WeakUp,B,DenvCyclone
Jun15_Jul1,Neutral,LittleChange,XNIL,PosToNeg,None,VeryWet,Cloudy,Average,None,Steep,PartInhibit,ABI,WeakUp,XNIL,Wet,PartInhibit,NWQuad,PC,LessThanAve,NoMajor,Wet,B,XNIL,Neutral,DryMMoistL,None,None,PC,LessThanAve,Cloudy,LittleChange,Average,StrongWest,LittleChange,None,Weak,AB,WeakPos,ModerateOrLe,WeakUp,Neutral,N1GtLIGt_4,WeakUp,LVorOther,Average,XNIL,Weak,SEQuad,B,None,HighEvrywher,Weak,WeakUp,B,DenvCyclone
Jun15_Jul1,Neutral,LittleChange,SIG,NegToPos,Weak,VeryWet,Cloudy,LessUnstable,None,Steep,PartInhibit,ABI,WeakUp,XNIL,Wet,PartInhibit,NWQuad,PC,LessThanAve,OtherRapid,Wet,B,SIG,StrongUp,DryMMoistL,None,None,PC,LessThanAve,Cloudy,LittleChange,Average,StrongWest,LittleChange,Weak,Weak,AB,WeakPos,ModerateOrLe,StrongUp,Wet,N1GtLIGt_4,StrongUp,Westerly,LessUnstable,SIG,None,DenvCyclone,B,None,HighEvrywher,None,WeakUp,B,DenvCyclone
May15_Jun14,Neutral,IncCapDecIns,XNIL,LittleChange,Weak,VeryWet,PC,Average,None,CloseToDryAd,PartInhibit,G,StrongUp,SVR,Wet,PartInhibit,SWQuad,PC,Average,NoMajor,Wet,GJ,XNIL,Neutral,MoistMDryL,Strong,Marked,PC,Average,PC,Increasing,Dry,StrongWest,Increasing,Strong,Weak,CThruK,WeakPos,CloseToDryAd,WeakUp,Wet,N1GtLIGt_4,WeakUp,Westerly,MoreUnstable,SVR,None,WidespdDnsl,G,Other,LowEvrywhere,Weak,WeakUp,G,None
Jun15_Jul1,Neutral,LittleChange,XNIL,NegToPos,Weak,VeryWet,Cloudy,LessUnstable,Slight,Steep,PartInhibit,ABI,WeakUp,SIG,Wet,PartInhibit,NWQuad,PC,LessThanAve,NoMajor,Wet,B,XNIL,WeakUp,DryMMoistL,None,None,PC,LessThanAve,Cloudy,LittleChange,Average,StrongWest,LittleChange,Weak,Weak,AB,WeakPos,ModerateOrLe,WeakUp,Wet,N1GtLIGt_4,WeakUp,LVorOther,LessUnstable,SIG,Weak,LV,B,Other,LowSHighN,Weak,StronUp,B,DenvCyclone
May15_Jun14,Neutral,DecCapIncIns,XNIL,PosToNeg,None,Wet,PC,Average,None,Steep,PartInhibit,ABI,WeakUp,XNIL,Wet,PartInhibit,NWQuad,PC,LessThanAve,OtherRapid,Neutral,B,XNIL,WeakUp,DryMMoistL,Strong,None,PC,LessThanAve,PC,Decreasing,Average,StrongWest,LittleChange,Weak,Weak,AB,WeakPos,ModerateOrLe,WeakUp,VeryWet,N1GtLIGt_4,WeakUp,LVorOther,Average,XNIL,Weak,DenvCyclone,B,Other,HighEvrywher,Strong,Neutral,B,DenvCyclone
Jun15_Jul1,Neutral,LittleChange,XNIL,PosToNeg,Weak,VeryWet,Cloudy,LessUnstable,Slight,Steep,PartInhibit,ABI,WeakUp,XNIL,Wet,PartInhibit,NWQuad,PC,LessThanAve,OtherRapid,Wet,B,XNIL,WeakUp,DryMMoistL,None,None,PC,LessThanAve,Cloudy,LittleChange,Average,StrongWest,LittleChange,Weak,Weak,AB,WeakPos,ModerateOrLe,WeakUp,Wet,N1GtLIGt_4,WeakUp,LVorOther,LessUnstable,XNIL,None,LV,B,None,HighEvrywher,None,WeakUp,B,DenvCyclone
Jun15_Jul1,Neutral,DecCapIncIns,SIG,PosToNeg,Weak,Wet,Clear,Average,Slight,Steep,PartInhibit,ABI,WeakUp,SVR,VeryWet,PartInhibit,NWQuad,PC,LessThanAve,NoMajor,VeryWet,B,SIG,WeakUp,DryMMoistL,Strong,Marked,PC,LessThanAve,PC,Decreasing,Average,StrongWest,LittleChange,Strong,Weak,AB,WeakPos,ModerateOrLe,WeakUp,Wet,N1GtLIGt_4,WeakUp,LVorOther,Average,SVR,Weak,SEQuad,B,None,HighEvrywher,Strong,WeakUp,B,MovingFtorOt
Jun15_Jul1,Neutral,DecCapIncIns,XNIL,NegToPos,Weak,Wet,PC,Average,None,Steep,PartInhibit,ABI,WeakUp,SVR,Wet,PartInhibit,NWQuad,PC,LessThanAve,NoMajor,Wet,B,XNIL,WeakUp,DryMMoistL,Strong,Marked,PC,LessThanAve,PC,Decreasing,Average,StrongWest,LittleChange,Strong,Weak,AB,WeakPos,ModerateOrLe,WeakUp,Wet,N1GtLIGt_4,WeakUp,LVorOther,Average,SVR,Weak,DenvCyclone,B,None,HighEvrywher,Strong,WeakUp,B,DenvCyclone
May15_Jun14,Instability,IncCapDecIns,XNIL,LittleChange,Weak,VeryWet,Cloudy,LessUnstable,Slight,CloseToDryAd,PartInhibit,G,WeakUp,XNIL,Wet,PartInhibit,NWQuad,PC,Average,MarkedUpper,Wet,GJ,XNIL,WeakUp,MoistMDryL,None,None,PC,Average,Cloudy,Increasing,Dry,StrongWest,LittleChange,Weak,Weak,CThruK,WeakPos,CloseToDryAd,WeakUp,Wet,N1GtLIGt_4,WeakUp,Westerly,LessUnstable,XNIL,Weak,LongAnticyc,G,Other,LowEvrywhere,None,WeakUp,G,None
May15_Jun14,Instability,LittleChange,XNIL,PosToNeg,Weak,VeryWet,PC,Average,None,Steep,PartInhibit,ABI,StrongUp,SVR,Wet,PartInhibit,LV,PC,LessThanAve,NoMajor,Wet,B,XNIL,WeakUp,DryMMoistL,Weak,Some,PC,LessThanAve,PC,LittleChange,Average,StrongWest,LittleChange,Strong,Weak,AB,WeakPos,ModerateOrLe,WeakUp,Wet,N1GtLIGt_4,WeakUp,Westerly,Average,SVR,None,SEQuad,B,None,HighEvrywher,Strong,WeakUp,B,MovingFtorOt
May15_Jun14,Neutral,IncCapDecIns,XNIL,LittleChange,Weak,Wet,PC,Average,Moderate,CloseToDryAd,None,G,WeakUp,SVR,Neutral,PartInhibit,NWQuad,PC,Average,NoMajor,Neutral,GJ,XNIL,WeakUp,MoistMDryL,Strong,Marked,PC,Average,PC,Increasing,Average,StrongWest,LittleChange,Strong,Weak,CThruK,WeakPos,CloseToDryAd,WeakUp,Wet,N1GtLIGt_4,WeakUp,Westerly,Average,SVR,None,WidespdDnsl,G,Other,LowEvrywhere,Weak,WeakUp,G,None
Jun15_Jul1,Neutral,DecCapIncIns,XNIL,PosToNeg,None,VeryWet,PC,LessUnstable,Slight,Steep,PartInhibit,ABI,WeakUp,XNIL,Wet,None,AllElse,PC,LessThanAve,OtherRapid,Wet,B,XNIL,WeakUp,DryMMoistL,None,Some,PC,LessThanAve,PC,Decreasing,Average,StrongWest,LittleChange,Weak,Weak,AB,WeakPos,ModerateOrLe,WeakUp,Wet,N1GtLIGt_4,WeakUp,LVorOther,LessUnstable,XNIL,Weak,LV,B,QStationary,HighEvrywher,Weak,WeakUp,B,DenvCyclone
May15_Jun14,Neutral,LittleChange,XNIL,SigPositive,Weak,VeryWet,Cloudy,Average,Slight,CloseToDryAd,PartInhibit,G,StrongUp,XNIL,Wet,PartInhibit,SWQuad,PC,Average,NoMajor,Wet,GJ,XNIL,WeakUp,MoistMDryL,None,None,PC,Average,Cloudy,LittleChange,Dry,StrongWest,LittleChange,Weak,Weak,CThruK,WeakPos,CloseToDryAd,StrongUp,Wet,N1GtLIGt_4,StrongUp,Westerly,Average,XNIL,None,WidespdDnsl,G,Other,LowEvrywhere,None,WeakUp,G,Other
May15_Jun14,Neutral,LittleChange,XNIL,LittleChange,Weak,Wet,Clear,Average,None,CloseToDryAd,PartInhibit,G,WeakUp,SVR,Wet,PartInhibit,SWQuad,PC,Average,MarkedUpper,Wet,GJ,XNIL,WeakUp,MoistMDryL,Strong,Some,PC,Average,PC,LittleChange,Dry,StrongWest,LittleChange,Strong,Weak,CThruK,WeakPos,Steep,WeakUp,Wet,N1GtLIGt_4,WeakUp,Westerly,Average,SVR,Weak,LongAnticyc,G,Other,LowAtStation,Strong,WeakUp,G,None
Jun15_Jul1,Neutral,LittleChange,SIG,PosToNeg,None,VeryWet,Cloudy,LessUnstable,Moderate,Steep,None,ABI,StrongUp,XNIL,Wet,PartInhibit,NWQuad,Clear,LessThanAve,OtherRapid,Wet,B,SIG,WeakUp,DryMMoistL,None,None,PC,LessThanAve,PC,LittleChange,Average,StrongWest,Increasing,None,Weak,AB,WeakPos,ModerateOrLe,StrongUp,Wet,N1GtLIGt_4,StrongUp,Westerly,MoreUnstable,SIG,None,SEQuad,B,None,LowSHighN,None,WeakUp,B,DenvCyclone
May15_Jun14,Instability,LittleChange,XNIL,NegToPos,None,Wet,Cloudy,Average,None,Steep,PartInhibit,ABI,StrongUp,XNIL,Wet,PartInhibit,NWQuad,PC,LessThanAve,NoMajor,Wet,B,XNIL,WeakUp,DryMMoistL,None,None,PC,LessThanAve,Cloudy,LittleChange,Average,StrongWest,LittleChange,None,Weak,AB,WeakPos,ModerateOrLe,WeakUp,Wet,N1GtLIGt_4,WeakUp,LVorOther,Average,XNIL,Weak,SEQuad,B,None,HighEvrywher,Weak,Neutral,B,DenvCyclone
Jun15_Jul1,Neutral,IncCapDecIns,SVR,LittleChange,Weak,VeryWet,Cloudy,MoreUnstable,None,CloseToDryAd,PartInhibit,CDEJ,StrongUp,XNIL,Wet,PartInhibit,NWQuad,PC,Average,NoMajor,Wet,ACEFK,SVR,WeakUp,MoistMDryL,None,None,PC,Average,Cloudy,Increasing,Dry,StrongWest,LittleChange,Weak,Weak,CThruK,WeakPos,CloseToDryAd,StrongUp,Wet,N1GtLIGt_4,StrongUp,Westerly,MoreUnstable,SVR,Weak,LongAnticyc,C,Other,LowEvrywhere,Weak,WeakUp,C,E_W_N
Jun15_Jul1,Stability,LittleChange,XNIL,PosToNeg,Weak,Wet,PC,Average,None,Steep,PartInhibit,ABI,WeakUp,SVR,VeryWet,PartInhibit,NWQuad,PC,LessThanAve,NoMajor,VeryWet,B,XNIL,WeakUp,DryMMoistL,Strong,Some,PC,LessThanAve,PC,LittleChange,Average,StrongWest,LittleChange,Strong,Weak,AB,WeakPos,ModerateOrLe,WeakUp,Wet,N1GtLIGt_4,WeakUp,LVorOther,Average,SVR,Weak,DenvCyclone,B,None,HighEvrywher,Strong,WeakUp,B,DenvCyclone
Jun15_Jul1,Instability,DecCapIncIns,SIG,PosToNeg,Strong,VeryWet,Cloudy,Average,Slight,Steep,PartInhibit,ABI,WeakUp,XNIL,Wet,PartInhibit,NWQuad,PC,LessThanAve,OtherRapid,Wet,B,SIG,Neutral,DryMMoistL,Strong,Marked,PC,LessThanAve,Cloudy,Decreasing,Average,StrongWest,LittleChange,Strong,Weak,AB,WeakPos,ModerateOrLe,WeakUp,Wet,N1GtLIGt_4,WeakUp,LVorOther,Average,SIG,Weak,SEQuad,B,Other,HighEvrywher,Strong,WeakUp,B,DenvCyclone
Jun15_Jul1,Instability,LittleChange,SVR,PosToNeg,Weak,VeryWet,Cloudy,Average,Slight,Steep,PartInhibit,ABI,WeakUp,SIG,Wet,PartInhibit,AllElse,PC,LessThanAve,NoMajor,Wet,B,SVR,WeakUp,DryMMoistL,None,None,PC,LessThanAve,Cloudy,LittleChange,Average,StrongWest,Decreasing,Weak,Weak,AB,WeakPos,ModerateOrLe,WeakUp,Wet,N1GtLIGt_4,WeakUp,LVorOther,Average,SVR,None,SEQuad,B,None,HighEvrywher,None,WeakUp,B,MovingFtorOt
Jun15_Jul1,Instability,IncCapDecIns,SIG,LittleChange,Weak,VeryWet,Cloudy,Average,Slight,Steep,PartInhibit,CDEJ,WeakUp,XNIL,Wet,PartInhibit,NWQuad,PC,Average,NoMajor,Wet,ACEFK,SIG,Neutral,Other,None,Some,PC,Average,Cloudy,Increasing,Dry,StrongWest,Increasing,Weak,Weak,CThruK,WeakPos,CloseToDryAd,WeakUp,Wet,N5GtLIGt_8,WeakUp,Westerly,Average,SIG,Weak,LongAnticyc,C,Other,LowEvrywhere,None,WeakUp,C,E_W_N
Jun15_Jul1,Neutral,IncCapDecIns,SVR,PosToNeg,Weak,VeryWet,Cloudy,Average,None,Steep,PartInhibit,ABI,WeakUp,XNIL,Wet,PartInhibit,NWQuad,PC,LessThanAve,NoMajor,Wet,B,SVR,WeakUp,DryMMoistL,None,Some,PC,MoreThanAve,Cloudy,Increasing,Average,DCVZFavor,Increasing,Weak,Weak,AB,WeakPos,ModerateOrLe,WeakUp,Wet,N1GtLIGt_4,WeakUp,LVorOther,MoreUnstable,SVR,None,DenvCyclone,B,None,LowSHighN,None,WeakUp,B,DenvCyclone
Jun15_Jul1,Neutral,IncCapDecIns,SIG,NegToPos,Weak,Wet,PC,LessUnstable,None,Steep,PartInhibit,ABI,WeakUp,SVR,Wet,PartInhibit,NWQuad,PC,LessThanAve,OtherRapid,Wet,B,SIG,Neutral,DryMMoistL,Strong,Marked,PC,MoreThanAve,PC,Increasing,Average,StrongWest,Increasing,Strong,Weak,AB,WeakPos,Stable,WeakUp,Wet,N1GtLIGt_4,WeakUp,Westerly,LessUnstable,SVR,Weak,SEQuad,B,Other,LowSHighN,Strong,WeakUp,B,DenvCyclone
Jun15_Jul1,Neutral,LittleChange,SVR,PosToNeg,Weak,Wet,Cloudy,MoreUnstable,Moderate,CloseToDryAd,None,CDEJ,WeakUp,XNIL,Neutral,PartInhibit,NWQuad,PC,Average,NoMajor,Neutral,ACEFK,SVR,Neutral,MoistMDryL,None,None,PC,Average,Cloudy,LittleChange,Dry,StrongWest,LittleChange,Weak,Weak,CThruK,WeakPos,ModerateOrLe,WeakUp,Wet,N1GtLIGt_4,WeakUp,Westerly,MoreUnstable,SVR,Weak,LongAnticyc,C,None,LowEvrywhere,Weak,WeakUp,C,E_W_N
Jun15_Jul1,Neutral,LittleChange,XNIL,PosToNeg,Weak,VeryWet,Cloudy,LessUnstable,Moderate,Steep,None,ABI,WeakUp,XNIL,Wet,PartInhibit,NWQuad,PC,LessThanAve,OtherRapid,Wet,B,XNIL,WeakUp,DryMMoistL,Weak,None,PC,LessThanAve,Cloudy,LittleChange,Average,DCVZFavor,LittleChange,Weak,Weak,AB,WeakPos,ModerateOrLe,WeakUp,Wet,N1GtLIGt_4,WeakUp,LVorOther,LessUnstable,XNIL,Weak,DenvCyclone,B,None,Other,None,WeakUp,B,DenvCyclone
Jun15_Jul1,Neutral,LittleChange,SVR,LittleChange,Weak,VeryWet,Cloudy,MoreUnstable,None,CloseToDryAd,PartInhibit,CDEJ,WeakUp,XNIL,Wet,PartInhibit,NWQuad,PC,Average,NoMajor,Wet,ACEFK,SVR,Neutral,Other,None,Some,PC,Average,Cloudy,LittleChange,Dry,StrongWest,LittleChange,Weak,Moderate,CThruK,WeakPos,ModerateOrLe,WeakUp,Wet,N1GtLIGt_4,WeakUp,Westerly,MoreUnstable,SVR,Weak,LongAnticyc,C,Other,LowEvrywhere,Weak,WeakUp,C,E_W_N
May15_Jun14,Neutral,LittleChange,XNIL,LittleChange,None,VeryWet,Cloudy,Average,Slight,CloseToDryAd,PartInhibit,G,StrongUp,XNIL,Wet,PartInhibit,SWQuad,PC,Average,NoMajor,Wet,GJ,XNIL,Neutral,MoistMDryL,None,None,PC,Average,Cloudy,LittleChange,Dry,StrongWest,LittleChange,None,Weak,CThruK,WeakPos,CloseToDryAd,StrongUp,Wet,N1GtLIGt_4,StrongUp,Westerly,Average,XNIL,None,WidespdDnsl,G,Other,LowEvrywhere,Weak,Neutral,G,None
May15_Jun14,Neutral,DecCapIncIns,SVR,PosToNeg,Weak,Wet,PC,Average,Slight,Steep,PartInhibit,ABI,WeakUp,SVR,Neutral,PartInhibit,NWQuad,PC,LessThanAve,NoMajor,Neutral,B,SVR,Neutral,DryMMoistL,Strong,Marked,Clear,LessThanAve,Clear,Decreasing,Average,StrongWest,LittleChange,Strong,Weak,AB,WeakPos,ModerateOrLe,WeakUp,Wet,N1GtLIGt_4,WeakUp,LVorOther,Average,SVR,Weak,SEQuad,B,None,HighEvrywher,Strong,WeakUp,B,DenvCyclone
Jun15_Jul1,Neutral,DecCapIncIns,XNIL,NegToPos,None,VeryWet,PC,Average,None,Steep,PartInhibit,ABI,WeakUp,XNIL,Wet,PartInhibit,NWQuad,PC,Average,NoMajor,Wet,B,XNIL,WeakUp,DryMMoistL,None,None,PC,LessThanAve,PC,Decreasing,Average,StrongWest,LittleChange,Weak,Moderate,AB,WeakPos,ModerateOrLe,WeakUp,Wet,N1GtLIGt_4,WeakUp,Westerly,Average,XNIL,Weak,DenvCyclone,B,None,HighEvrywher,Strong,WeakUp,B,DenvCyclone
Jun15_Jul1,Instability,IncCapDecIns,XNIL,SigNegative,Weak,VeryWet,Cloudy,Average,None,Steep,PartInhibit,ABI,WeakUp,SIG,Wet,PartInhibit,NWQuad,PC,Average,StrongFront,Wet,HI,XNIL,WeakUp,Other,None,None,PC,Average,Cloudy,Increasing,Average,StrongWest,Increasing,Weak,Moderate,CThruK,WeakPos,ModerateOrLe,WeakUp,Neutral,N1GtLIGt_4,WeakUp,Westerly,Average,SIG,Weak,LV,I,QStationary,LowSHighN,Weak,Neutral,I,MovingFtorOt
Jun15_Jul1,Neutral,LittleChange,XNIL,PosToNeg,Weak,VeryWet,Cloudy,LessUnstable,Slight,Steep,PartInhibit,ABI,WeakUp,XNIL,Wet,PartInhibit,NWQuad,PC,LessThanAve,NoMajor,Wet,B,XNIL,WeakUp,DryMMoistL,None,None,PC,LessThanAve,Cloudy,LittleChange,Average,StrongWest,LittleChange,Weak,Weak,AB,WeakPos,ModerateOrLe,WeakUp,Wet,N1GtLIGt_4,WeakUp,LVorOther,LessUnstable,XNIL,Weak,LV,B,None,HighEvrywher,Weak,Neutral,B,DenvCyclone
Jun15_Jul1,Neutral,DecCapIncIns,SVR,PosToNeg,Weak,VeryWet,Cloudy,Average,Slight,Steep,PartInhibit,ABI,WeakUp,SIG,Wet,PartInhibit,AllElse,PC,LessThanAve,OtherRapid,Wet,B,SVR,Neutral,DryMMoistL,Strong,Some,PC,LessThanAve,Cloudy,Decreasing,Average,DCVZFavor,LittleChange,Weak,Weak,AB,WeakPos,Stable,WeakUp,Wet,N1GtLIGt_4,WeakUp,LVorOther,Average,SVR,Weak,SEQuad,B,None,HighEvrywher,Strong,WeakUp,B,MovingFtorOt
May15_Jun14,Stability,DecCapIncIns,XNIL,NegToPos,Weak,VeryWet,PC,LessUnstable,Moderate,Steep,None,ABI,StrongUp,SVR,Wet,PartInhibit,NWQuad,Clear,LessThanAve,NoMajor,Wet,B,XNIL,Neutral,DryMMoistL,Strong,Marked,PC,LessThanAve,Clear,Decreasing,Average,StrongWest,LittleChange,Strong,Weak,AB,WeakPos,ModerateOrLe,WeakUp,Wet,N1GtLIGt_4,WeakUp,Westerly,LessUnstable,SVR,Weak,SEQuad,B,Other,HighEvrywher,Strong,WeakUp,B,DenvCyclone
May15_Jun14,Neutral,IncCapDecIns,XNIL,NegToPos,Weak,VeryWet,PC,LessUnstable,Moderate,Steep,None,ABI,WeakUp,SVR,Wet,PartInhibit,NWQuad,PC,LessThanAve,NoMajor,Wet,B,XNIL,WeakUp,DryMMoistL,Weak,Marked,PC,MoreThanAve,PC,Increasing,Average,DCVZFavor,Increasing,Strong,Weak,AB,WeakPos,ModerateOrLe,WeakUp,Wet,N1GtLIGt_4,WeakUp,LVorOther,LessUnstable,SVR,None,SEQuad,B,None,LowSHighN,Weak,WeakUp,B,DenvCyclone
Jun15_Jul1,Instability,LittleChange,XNIL,SigPositive,None,Wet,Cloudy,MoreUnstable,Moderate,Steep,None,CDEJ,WeakUp,XNIL,Wet,PartInhibit,NWQuad,PC,Average,NoMajor,Wet,ACEFK,XNIL,WeakUp,MoistMDryL,None,None,PC,Average,Cloudy,LittleChange,Dry,StrongWest,LittleChange,Weak,Moderate,CThruK,WeakPos,Steep,WeakUp,Wet,N1GtLIGt_4,WeakUp,Westerly,MoreUnstable,XNIL,None,LongAnticyc,C,Moving,LowMtsHighPl,None,WeakUp,C,E_W_N
May15_Jun14,Stability,LittleChange,SIG,NegToPos,Weak,VeryWet,Cloudy,LessUnstable,None,Steep,PartInhibit,ABI,WeakUp,SIG,Wet,PartInhibit,NWQuad,PC,LessThanAve,OtherRapid,Wet,B,SIG,WeakUp,DryMMoistL,None,None,PC,LessThanAve,Cloudy,LittleChange,Average,StrongWest,LittleChange,Weak,Moderate,AB,WeakPos,Stable,WeakUp,Wet,N1GtLIGt_4,WeakUp,Westerly,LessUnstable,SIG,Weak,DenvCyclone,B,None,LowSHighN,Weak,WeakUp,B,E_W_N
Jun15_Jul1,Neutral,LittleChange,XNIL,PosToNeg,Weak,Wet,PC,Average,None,Steep,PartInhibit,ABI,WeakUp,SVR,Wet,PartInhibit,NWQuad,PC,LessThanAve,NoMajor,Neutral,B,XNIL,StrongUp,DryMMoistL,Strong,Marked,PC,LessThanAve,PC,LittleChange,Average,StrongWest,LittleChange,Strong,Weak,AB,WeakPos,ModerateOrLe,StrongUp,Neutral,N1GtLIGt_4,StrongUp,LVorOther,Average,SVR,Weak,LV,B,None,LowSHighN,Strong,Neutral,B,DenvCyclone
Jun15_Jul1,Instability,DecCapIncIns,SIG,SigPositive,Weak,VeryWet,PC,MoreUnstable,Slight,Steep,PartInhibit,CDEJ,WeakUp,SVR,Wet,PartInhibit,NWQuad,PC,Average,MarkedUpper,Wet,ACEFK,SIG,WeakUp,MoistMDryL,Weak,Marked,PC,LessThanAve,PC,Decreasing,VeryMoist,DCVZFavor,LittleChange,Strong,Weak,CThruK,WeakPos,ModerateOrLe,WeakUp,Wet,N1GtLIGt_4,WeakUp,Westerly,MoreUnstable,SVR,Weak,LongAnticyc,C,Other,LowEvrywhere,Strong,WeakUp,C,E_W_N
Jun15_Jul1,Neutral,IncCapDecIns,XNIL,PosToNeg,None,VeryWet,Cloudy,Average,Slight,Steep,PartInhibit,ABI,StrongUp,XNIL,Wet,PartInhibit,NWQuad,PC,LessThanAve,OtherRapid,Wet,B,XNIL,WeakUp,DryMMoistL,None,None,PC,MoreThanAve,Cloudy,Increasing,Average,StrongWest,Increasing,Weak,Weak,AB,WeakPos,ModerateOrLe,WeakUp,Wet,N1GtLIGt_4,WeakUp,LVorOther,Average,XNIL,Weak,DenvCyclone,B,None,LowSHighN,Strong,Neutral,B,DenvCyclone
Jun15_Jul1,Neutral,IncCapDecIns,XNIL,PosToNeg,Weak,VeryWet,Cloudy,LessUnstable,Slight,Steep,PartInhibit,ABI,WeakUp,SIG,Wet,PartInhibit,NWQuad,PC,LessThanAve,NoMajor,Wet,B,XNIL,Neutral,DryMMoistL,None,None,PC,MoreThanAve,Cloudy,Increasing,Average,StrongWest,LittleChange,Weak,Weak,AB,Negative,ModerateOrLe,WeakUp,Wet,N1GtLIGt_4,WeakUp,LVorOther,LessUnstable,SIG,Weak,SEQuad,B,Other,HighEvrywher,Weak,WeakUp,B,DenvCyclone
Jun15_Jul1,Instability,IncCapDecIns,XNIL,PosToNeg,Weak,Wet,PC,Average,Moderate,CloseToDryAd,None,CDEJ,WeakUp,SVR,VeryWet,PartInhibit,NWQuad,PC,Average,MarkedUpper,VeryWet,ACEFK,XNIL,WeakUp,MoistMDryL,Strong,Marked,PC,Average,PC,Increasing,Dry,DCVZFavor,LittleChange,Strong,Weak,CThruK,WeakPos,ModerateOrLe,WeakUp,Wet,N1GtLIGt_4,WeakUp,Westerly,Average,SVR,Weak,LongAnticyc,C,Other,LowEvrywhere,Strong,WeakUp,C,E_W_N
May15_Jun14,Neutral,LittleChange,SIG,NegToPos,None,Wet,Cloudy,LessUnstable,None,Steep,PartInhibit,ABI,WeakUp,XNIL,Neutral,PartInhibit,NWQuad,PC,LessThanAve,NoMajor,Neutral,B,SIG,Neutral,DryMMoistL,None,None,PC,LessThanAve,Cloudy,LittleChange,Average,DCVZFavor,LittleChange,None,Weak,AB,WeakPos,ModerateOrLe,WeakUp,Neutral,N1GtLIGt_4,WeakUp,LVorOther,LessUnstable,SIG,None,SEQuad,B,None,LowSHighN,None,WeakUp,B,DenvCyclone
Jun15_Jul1,Neutral,DecCapIncIns,XNIL,NegToPos,Weak,VeryWet,Cloudy,Average,Moderate,Steep,None,ABI,WeakUp,SIG,Wet,PartInhibit,NWQuad,PC,LessThanAve,NoMajor,Wet,B,XNIL,WeakUp,DryMMoistL,Weak,Some,PC,LessThanAve,Cloudy,Decreasing,Average,StrongWest,LittleChange,Weak,Weak,AB,WeakPos,Stable,WeakUp,Neutral,N1GtLIGt_4,WeakUp,LVorOther,Average,SIG,None,DenvCyclone,B,None,HighEvrywher,Strong,WeakUp,B,DenvCyclone
May15_Jun14,Neutral,LittleChange,XNIL,PosToNeg,None,Wet,Cloudy,LessUnstable,None,Steep,PartInhibit,ABI,WeakUp,XNIL,Wet,PartInhibit,AllElse,PC,LessThanAve,NoMajor,VeryWet,B,XNIL,Neutral,DryMMoistL,None,None,PC,LessThanAve,Cloudy,LittleChange,Average,StrongWest,LittleChange,None,Weak,AB,StrongPos,ModerateOrLe,WeakUp,Wet,N1GtLIGt_4,WeakUp,Westerly,LessUnstable,XNIL,None,DenvCyclone,B,None,HighEvrywher,None,WeakUp,B,E_W_N
May15_Jun14,Instability,LittleChange,SVR,SigPositive,Weak,VeryWet,Cloudy,MoreUnstable,Slight,CloseToDryAd,PartInhibit,G,WeakUp,SIG,Wet,PartInhibit,LV,PC,Average,NoMajor,Wet,GJ,SVR,WeakUp,MoistMDryL,None,None,PC,Average,Cloudy,LittleChange,Dry,StrongWest,LittleChange,Weak,Weak,CThruK,WeakPos,CloseToDryAd,WeakUp,Wet,N1GtLIGt_4,WeakUp,Westerly,MoreUnstable,SVR,Weak,WidespdDnsl,G,None,LowEvrywhere,None,WeakUp,G,None
