Marital Status,Application mode,Application order,Course,Daytime/evening attendance,Previous qualification,Previous qualification (grade),Nationality,Mother's qualification,Father's qualification,Mother's occupation,Father's occupation,Admission grade,Displaced,Educational special needs,Debtor,Tuition fees up to date,Gender,Scholarship holder,Age at enrollment,International,Curricular units 1st sem (credited),Curricular units 1st sem (enrolled),Curricular units 1st sem (evaluations),Curricular units 1st sem (approved),Curricular units 1st sem (grade),Curricular units 1st sem (without evaluations),Curricular units 2nd sem (credited),Curricular units 2nd sem (enrolled),Curricular units 2nd sem (evaluations),Curricular units 2nd sem (approved),Curricular units 2nd sem (grade),Curricular units 2nd sem (without evaluations),Unemployment rate,Inflation rate,GDP,Target
1,1,1,9085,1,1,0,1,1,1,4,9,0,1,0,0,1,1,1,1,0,0,2,3,1,2,0,0,2,2,0,0,0,2,1,2,0
1,18,4,9500,1,1,2,1,3,1,3,4,2,1,0,0,1,0,0,0,0,0,3,2,3,3,0,0,3,2,3,3,0,2,0,2,0
1,1,2,171,1,1,1,1,2,19,5,5,3,1,0,1,0,1,1,0,0,0,0,0,0,0,0,0,0,0,0,0,0,2,0,2,0
1,1,1,9670,1,1,0,1,2,2,3,3,1,1,0,0,1,1,0,2,0,0,1,1,1,0,0,0,1,1,1,2,0,0,2,1,0
1,17,2,9085,1,1,0,1,1,1,9,10,0,0,0,0,0,0,0,1,0,0,1,2,1,0,0,0,1,2,1,2,0,0,2,1,0
1,1,1,171,1,1,3,1,3,3,2,2,3,1,0,0,1,1,0,0,0,0,0,0,0,0,0,0,0,0,0,0,0,3,0,1,0
1,43,1,9130,1,1,0,1,1,19,9,9,1,1,0,0,1,0,0,2,0,0,2,3,1,1,1,0,2,3,2,1,1,3,3,0,0
1,43,1,8014,0,1,1,1,19,37,8,5,1,0,0,0,1,1,0,2,0,0,2,3,0,0,3,0,2,1,0,0,0,3,0,1,0
2,39,1,9119,1,1,0,1,34,34,0,0,3,1,0,0,1,1,0,3,0,0,1,3,1,3,0,0,1,2,1,2,0,0,0,0,0
2,7,1,9130,1,3,0,1,3,3,1,1,2,0,0,0,1,0,0,3,0,1,1,3,1,1,1,1,1,2,1,1,0,0,0,0,0
1,51,1,9853,1,1,2,1,1,1,4,10,2,0,0,0,1,0,0,2,0,0,1,0,0,0,0,0,1,0,0,0,0,2,1,2,0
1,39,1,9085,1,1,1,1,37,36,90,7,2,0,0,0,1,1,0,3,0,0,1,2,1,1,0,0,1,3,1,1,0,0,2,1,0
2,39,1,9500,1,1,1,1,37,37,9,9,2,0,0,0,0,1,0,3,0,0,3,3,2,2,0,0,3,2,2,2,0,1,1,3,0
1,1,1,171,1,1,1,1,19,19,9,9,3,1,0,1,1,0,0,1,0,0,0,0,0,0,0,0,0,0,0,0,0,3,0,1,0
1,1,1,9119,1,1,2,1,38,38,9,9,1,1,0,0,1,1,0,0,0,0,1,3,0,0,0,0,1,3,1,1,3,0,2,1,0
1,39,2,9147,1,38,1,1,19,38,9,9,0,0,0,0,0,1,0,3,0,0,1,1,0,0,0,0,1,0,0,0,0,2,3,0,0
1,18,4,171,1,1,1,1,1,4,9,5,2,1,0,1,0,1,0,1,0,0,0,0,0,0,0,0,0,0,0,0,0,0,0,0,0
1,44,1,9003,1,39,2,1,19,38,9,10,3,0,0,0,1,1,0,0,0,0,2,3,1,2,0,0,2,2,1,1,0,2,0,2,0
1,1,1,9119,1,1,3,1,19,38,9,7,2,0,0,0,1,1,0,0,0,0,1,3,2,2,0,0,1,3,2,3,0,2,1,2,0
1,1,1,9147,1,1,2,1,19,19,7,3,1,1,0,0,1,1,0,2,0,0,1,2,1,0,0,0,1,3,1,1,0,2,3,0,0
1,17,2,9556,1,1,1,1,37,38,9,8,0,1,0,0,1,0,0,0,0,0,3,3,1,2,0,0,3,3,1,1,0,0,1,3,0
1,1,1,9500,1,1,3,1,1,38,9,9,2,0,0,1,0,1,0,2,0,0,3,3,1,2,0,0,3,3,1,1,0,2,1,2,0
2,39,1,9003,1,1,0,1,2,2,1,4,0,0,0,0,1,1,0,3,0,2,3,3,1,1,0,3,3,3,2,1,0,3,3,0,0
1,17,2,9130,1,1,1,1,3,1,2,1,0,0,0,0,1,0,0,0,0,0,2,0,0,0,0,0,2,0,0,0,0,3,3,0,0
1,39,1,9130,1,1,1,1,1,19,4,5,1,1,0,0,1,1,0,3,0,0,1,3,1,3,3,0,1,3,1,2,2,1,1,2,0
1,17,2,9254,1,1,0,1,1,2,5,3,0,1,0,1,1,1,1,0,0,0,2,3,1,0,0,0,2,1,0,0,0,2,0,2,0
1,17,2,9119,1,1,0,1,19,1,9,7,0,0,0,0,1,1,0,0,0,0,1,0,0,0,0,0,1,0,0,0,0,3,0,1,0
1,39,1,9003,1,1,1,1,1,1,9,4,3,0,0,0,0,1,0,2,0,0,2,0,0,0,0,0,2,0,0,0,0,2,0,2,0
1,17,1,9147,1,1,3,1,19,38,4,4,2,1,0,0,1,1,0,2,0,0,1,3,1,0,0,0,1,1,0,0,0,1,1,3,0
1,17,5,9119,1,1,0,1,3,1,2,9,0,1,0,1,0,1,0,1,0,0,1,1,0,0,0,0,1,1,0,0,0,0,1,3,0
1,39,1,8014,0,1,1,1,34,5,0,1,1,1,0,0,1,0,0,3,0,0,1,3,0,0,0,0,1,0,0,0,0,0,2,1,0
1,43,1,8014,0,1,1,1,3,3,2,3,3,0,0,0,1,0,0,3,0,3,3,3,3,1,0,2,3,3,1,1,0,1,1,2,0
1,17,1,9254,1,1,1,1,38,38,0,5,1,0,0,0,1,1,0,1,0,0,2,2,1,0,0,0,2,3,0,0,0,0,2,1,0
1,17,3,9853,1,1,2,1,37,37,5,9,1,1,1,0,1,0,1,0,0,0,2,1,2,3,0,0,2,2,2,2,0,2,3,0,0
1,1,3,9147,1,1,0,1,1,38,7,7,1,0,0,1,1,1,0,0,0,0,1,2,1,1,0,0,1,3,1,0,3,3,0,1,0
1,1,1,9147,1,1,3,1,19,1,7,5,3,1,0,0,1,1,0,0,0,0,1,1,1,3,0,0,1,1,0,0,0,2,1,2,0
1,43,1,9991,0,39,3,1,37,37,9,9,3,0,0,0,1,0,0,2,0,2,3,3,1,1,0,2,3,3,3,1,0,0,0,0,0
2,39,1,9119,1,1,0,1,37,37,90,5,3,1,0,0,1,1,0,3,0,0,1,1,0,0,0,0,1,1,0,0,0,0,2,1,0
1,7,1,9991,0,3,1,1,19,19,3,9,2,0,0,0,0,1,0,3,0,0,1,3,1,3,0,0,1,3,1,3,0,3,0,1,0
2,39,1,9991,0,1,2,1,37,37,9,9,1,0,0,0,0,0,0,3,0,0,1,1,1,0,0,0,1,2,1,1,0,2,3,0,0
1,7,1,9130,1,2,1,6,42,1,4,9,0,0,0,0,1,1,0,3,1,0,3,2,0,0,1,0,2,2,0,0,0,0,1,3,0
1,44,1,9085,1,39,1,1,1,1,4,4,2,1,1,0,1,1,0,3,0,1,2,3,1,2,0,1,2,3,1,0,0,3,3,0,0
1,43,1,9254,1,1,1,1,1,19,5,7,2,0,0,0,1,0,1,0,0,0,2,3,1,1,0,0,2,3,1,1,0,1,1,2,0
1,1,1,9147,1,1,1,1,19,19,9,9,1,1,0,0,0,0,1,0,0,0,1,1,1,0,0,0,1,3,1,2,0,1,1,2,0
1,1,5,9500,1,1,3,1,37,19,4,4,1,1,0,0,1,1,0,0,0,0,3,0,0,0,0,0,3,0,0,0,0,0,2,1,0
1,1,1,9500,1,1,1,1,1,19,3,5,0,0,0,0,0,1,0,1,0,0,3,3,1,2,0,0,3,1,1,1,0,3,0,1,0
1,39,1,9254,1,1,1,1,19,19,4,7,1,0,0,1,0,0,1,3,0,0,2,1,2,0,0,0,2,1,2,1,0,2,0,2,0
1,43,1,171,1,1,3,1,19,38,9,9,0,0,0,0,1,0,1,0,0,0,0,0,0,0,0,0,0,0,0,0,0,2,0,2,0
2,7,1,9130,1,2,0,1,19,19,4,8,0,1,0,0,1,1,0,3,0,0,2,3,0,0,0,0,2,1,0,0,0,3,0,1,0
1,17,2,9500,1,1,1,1,38,1,5,7,1,1,0,0,1,0,1,1,0,0,3,2,2,3,0,0,3,2,3,3,0,3,0,1,0
2,43,1,9991,0,1,1,1,37,37,9,9,2,0,0,0,1,0,0,3,0,2,3,2,1,0,0,1,3,1,1,0,0,0,0,0,0
1,17,2,9254,1,1,0,1,19,19,5,5,0,1,0,1,1,0,0,0,0,0,2,3,2,1,0,0,2,2,2,1,0,3,0,1,0
2,1,1,9003,1,1,0,1,37,37,9,9,1,1,0,1,1,1,0,3,0,3,3,3,3,0,2,3,3,3,3,0,0,3,3,0,0
1,18,2,9119,1,1,2,1,1,2,5,4,1,1,0,0,1,1,0,0,0,0,1,1,1,2,0,0,1,2,1,2,0,2,0,2,0
2,39,2,9119,1,19,1,1,37,37,7,7,1,0,0,0,0,1,0,3,0,0,1,3,0,0,0,0,1,1,0,0,0,0,0,0,0
1,1,1,9773,1,1,1,1,19,37,9,3,1,1,0,0,1,0,0,1,0,0,1,1,1,2,0,0,1,1,0,0,0,3,3,0,0
1,39,1,9147,1,19,0,1,38,19,7,9,2,0,0,1,0,1,0,3,0,0,1,2,1,0,0,0,1,3,0,0,0,1,1,2,0
1,17,2,9853,1,1,0,1,37,37,9,9,0,1,0,0,1,0,0,2,0,0,1,3,1,1,0,0,1,3,1,0,0,0,2,1,0
1,17,3,9670,1,1,3,1,37,37,8,8,2,0,0,1,1,0,0,0,0,0,1,1,1,0,0,0,1,1,0,0,0,0,0,0,0
2,39,1,9773,1,1,0,1,37,37,9,10,3,0,0,1,0,1,0,3,0,0,2,3,1,0,0,0,2,3,1,2,0,1,1,2,0
1,44,1,9085,1,39,2,1,1,1,4,7,3,1,0,1,1,0,0,2,0,1,1,2,2,1,0,1,2,3,1,1,0,2,0,2,0
1,43,1,33,1,1,2,1,37,37,1,1,0,1,0,0,1,1,0,3,0,0,3,2,0,0,0,0,3,2,0,0,0,2,0,2,0
2,43,1,9991,0,1,3,1,38,19,3,3,1,0,0,0,0,0,0,3,0,3,3,3,3,1,0,3,3,3,3,1,0,1,1,2,0
1,1,1,171,1,1,3,1,19,19,8,8,3,1,0,0,1,0,1,0,0,0,0,0,0,0,0,0,0,0,0,0,0,1,1,3,0
1,1,1,9130,1,1,3,1,34,1,0,0,3,0,0,0,1,0,0,0,0,0,2,0,0,0,0,0,2,0,0,0,0,0,2,1,0
1,39,1,9119,1,1,0,1,37,38,9,8,0,0,0,1,1,1,0,2,0,0,1,3,0,0,0,0,1,1,0,0,0,3,0,1,0
2,39,1,9773,1,19,0,1,37,37,0,0,3,0,0,1,0,1,0,3,0,0,1,1,1,3,0,0,1,3,0,0,0,1,1,2,0
1,7,1,9147,1,2,3,1,3,37,2,5,3,1,0,1,0,0,0,3,0,0,1,1,0,0,0,0,1,1,0,0,0,3,3,0,0
1,17,1,9670,1,1,1,1,19,37,9,8,1,1,0,0,1,1,0,2,0,0,1,0,0,0,0,0,1,0,0,0,0,2,0,2,0
1,39,1,9670,1,9,1,1,37,37,5,3,0,0,0,1,1,1,0,3,0,0,1,1,0,0,0,0,1,1,0,0,0,0,0,0,0
1,1,1,9238,1,1,1,1,19,37,0,0,3,1,0,0,1,0,0,0,0,0,2,3,0,0,3,0,2,0,0,0,0,0,2,1,0
1,39,1,9003,1,1,2,1,1,3,4,5,2,0,0,0,1,1,0,2,0,0,2,2,0,0,0,0,2,3,0,0,0,3,0,1,0
1,17,2,9147,1,1,1,1,19,1,9,3,1,1,0,0,1,0,1,0,0,0,1,3,1,0,0,0,1,3,1,1,0,2,0,2,0
1,43,2,9670,1,1,2,1,3,19,1,7,1,1,0,0,1,1,0,2,0,0,2,3,0,0,0,0,2,1,0,0,0,3,0,1,0
1,1,3,9773,1,1,3,1,1,3,0,0,3,0,0,0,0,1,0,1,0,0,1,1,0,0,0,0,1,2,0,0,0,1,1,2,0
1,1,1,9147,1,1,1,1,34,34,0,0,1,0,0,0,1,1,0,3,0,3,3,3,3,0,0,3,3,3,3,1,2,0,2,1,0
1,18,1,9147,1,1,0,1,37,37,7,7,0,1,0,0,0,1,0,1,0,0,1,1,0,0,0,0,1,0,0,0,0,0,0,0,0
2,44,1,9991,0,39,1,1,1,37,4,9,2,0,0,0,0,0,0,2,0,0,1,3,1,1,0,0,1,3,1,2,0,3,3,0,0
1,17,1,9147,1,1,0,1,38,37,6,4,0,1,0,0,1,0,0,0,0,0,1,3,1,0,0,0,1,2,0,0,3,3,0,1,0
1,51,1,9003,1,39,1,1,1,19,4,4,1,1,0,1,0,1,0,2,0,0,1,3,1,1,0,0,1,3,1,1,0,0,1,3,0
1,18,3,9070,1,1,2,1,1,1,3,4,1,0,0,0,1,0,0,0,0,0,2,1,1,1,0,0,2,1,1,1,0,0,0,0,0
1,44,1,9003,1,39,3,1,3,2,2,2,3,0,0,0,1,1,0,2,0,3,3,3,3,2,0,2,3,3,2,1,0,3,3,0,0
1,1,2,9238,1,1,0,1,19,1,9,8,0,1,0,1,0,0,0,0,0,0,1,0,0,0,0,0,2,0,0,0,0,1,1,3,0
4,39,1,9500,1,19,1,1,38,19,5,7,3,0,0,0,1,0,1,3,0,0,3,3,1,2,0,0,3,3,2,1,0,3,0,1,0
1,42,1,9119,1,1,2,1,19,19,90,90,1,0,0,1,0,1,0,3,0,0,1,1,0,0,0,0,1,1,0,0,0,2,3,0,0
1,43,1,9500,1,19,1,1,34,34,0,0,0,1,0,0,1,1,0,3,0,0,3,2,0,0,3,0,3,2,0,0,3,0,2,1,0
4,17,5,8014,0,1,0,1,19,19,90,90,0,0,0,0,1,0,0,3,0,0,1,3,1,0,0,0,1,3,0,0,0,1,1,2,0
1,43,1,9991,0,1,0,1,37,37,9,9,2,0,0,0,0,1,0,3,0,2,3,2,1,1,0,2,1,1,1,1,0,1,1,2,0
1,44,1,9238,1,39,2,1,1,1,4,3,3,0,0,0,1,1,0,2,0,2,2,1,2,2,0,1,2,1,1,3,0,2,0,2,0
1,17,1,9853,1,1,3,1,37,37,9,9,3,1,0,0,1,0,0,2,0,0,1,3,1,0,0,0,1,3,1,1,0,0,2,1,0
1,18,1,9119,1,1,3,1,1,37,7,7,2,1,0,0,1,1,0,0,0,0,1,1,1,3,0,0,1,1,0,0,0,0,0,0,0
1,1,5,9500,1,1,3,1,38,19,7,7,2,1,0,0,0,0,0,0,0,0,3,0,0,0,0,0,3,0,0,0,0,2,3,0,0
1,1,1,171,1,1,3,1,3,3,2,5,3,1,0,0,1,0,0,0,0,3,3,3,3,2,0,2,3,3,3,2,0,0,1,3,0
1,39,1,9085,1,19,1,1,19,37,7,90,0,0,0,0,1,0,0,3,0,0,1,3,1,1,2,0,1,3,0,0,3,1,1,2,0
1,17,1,9070,1,1,2,1,38,19,7,7,1,1,0,0,1,0,0,0,0,0,2,1,1,2,0,0,2,1,0,0,0,2,1,2,0
1,17,2,9556,1,1,0,1,38,19,7,7,1,1,0,0,1,0,0,1,0,0,3,3,1,3,0,0,3,3,1,1,0,1,1,3,0
4,39,2,9670,1,19,1,1,19,1,90,90,0,0,0,0,0,1,0,3,0,0,2,1,0,0,0,0,2,2,0,0,0,1,1,2,0
1,17,5,9254,1,1,1,1,37,38,9,9,1,1,0,1,1,1,1,1,0,0,2,1,0,0,0,0,2,1,0,0,0,0,1,3,0
1,7,1,9119,1,3,1,1,34,34,90,90,2,0,0,0,1,1,0,3,0,0,1,1,0,0,0,0,1,1,0,0,0,1,1,2,0
1,17,1,9238,1,1,3,1,19,37,6,6,3,0,0,0,1,1,0,2,0,0,2,0,0,0,0,0,2,0,0,0,0,2,0,2,0
1,1,1,171,1,1,1,1,1,1,4,1,1,1,0,0,1,1,0,1,0,0,0,0,0,0,0,0,0,0,0,0,0,1,1,2,0
2,7,1,8014,0,3,3,1,19,19,4,4,3,0,0,0,1,0,0,3,0,0,1,1,0,0,0,0,2,0,0,0,0,0,0,0,0
1,1,4,9119,1,1,0,1,3,1,123,152,0,0,0,0,1,1,0,0,0,0,1,2,1,2,0,0,1,1,0,0,0,0,1,3,0
1,1,1,9254,1,1,0,1,1,3,4,1,1,1,0,0,1,1,0,0,0,0,3,3,1,1,0,0,3,3,1,2,0,1,1,2,0
1,17,4,9119,1,1,1,1,34,36,0,5,1,1,0,0,1,1,0,0,0,0,1,2,1,1,0,0,1,3,1,1,3,0,2,1,0
1,39,2,9147,1,1,3,1,19,5,4,1,0,1,0,0,1,1,0,2,0,0,1,2,1,0,1,0,1,1,1,3,0,0,0,0,0
1,1,3,9773,1,1,1,1,38,37,7,7,2,1,0,0,1,0,1,0,0,0,1,1,2,3,0,0,1,1,2,2,0,0,1,3,0
1,1,1,9254,1,1,0,1,37,38,9,8,0,1,0,0,1,1,0,0,0,0,2,3,1,1,0,0,2,3,1,2,0,0,2,1,0
1,17,3,9070,1,1,1,1,38,1,5,5,1,0,1,0,1,0,0,0,0,0,2,0,0,0,0,0,2,0,0,0,0,3,3,0,0
4,39,2,9147,1,19,1,1,37,37,9,7,0,0,0,1,0,1,0,3,0,0,1,1,0,0,0,0,1,2,0,0,0,1,1,2,0
1,43,3,9147,1,1,1,21,3,37,3,3,0,1,0,0,1,0,0,2,1,0,1,2,1,0,0,0,1,2,1,2,0,0,2,1,0
1,7,1,9500,1,3,0,1,1,1,7,10,1,1,0,0,0,1,0,2,0,0,3,0,0,0,0,0,3,0,0,0,0,2,3,0,0
1,1,1,9254,1,1,0,1,37,37,9,9,0,1,0,0,0,0,1,1,0,0,2,3,1,1,0,0,2,3,1,1,0,0,2,1,0
1,39,1,9130,1,3,3,1,3,1,90,90,3,1,0,0,1,0,0,3,0,1,1,1,1,0,0,0,1,1,0,0,0,2,3,0,0
1,1,1,171,1,1,3,1,1,38,4,9,3,1,0,0,0,0,0,0,0,0,0,0,0,0,0,0,0,0,0,0,0,0,2,1,0
1,1,3,9500,1,1,1,1,3,1,2,5,2,0,0,0,1,0,0,0,0,0,3,0,0,0,0,0,3,0,0,0,0,0,2,1,0
1,17,1,9070,1,1,0,1,38,19,9,9,0,0,0,0,1,1,1,2,0,0,2,2,1,1,0,0,2,1,1,1,0,3,3,0,0
2,43,1,9670,1,1,0,1,34,34,0,0,2,0,0,0,1,1,0,3,0,0,1,1,0,0,0,0,1,1,1,0,0,0,0,0,0
1,17,4,9254,1,1,0,1,3,3,3,3,1,1,0,0,1,0,0,1,0,0,1,1,2,1,0,0,2,3,1,1,0,1,1,2,0
1,53,1,9085,1,42,1,1,38,38,9,9,2,0,0,0,1,0,0,2,0,3,3,3,3,2,0,2,3,3,1,3,0,0,1,3,0
1,39,1,9085,1,19,1,1,19,19,9,7,3,0,0,1,0,0,0,2,0,1,1,3,1,1,0,1,1,3,1,0,0,3,0,1,0
1,39,1,9991,0,1,1,1,19,38,7,4,1,0,0,0,1,0,0,3,0,0,1,2,1,1,0,0,1,2,1,1,0,1,1,2,0
1,1,5,9500,1,1,3,1,37,37,7,9,2,1,0,1,0,0,0,0,0,0,3,0,0,0,0,0,3,0,0,0,0,0,0,0,0
1,17,2,9254,1,1,2,1,3,3,2,2,1,0,0,0,0,1,0,0,0,0,2,2,2,1,0,0,2,3,1,0,0,0,0,0,0
2,43,1,9147,1,2,0,1,37,37,9,9,1,0,0,1,0,0,0,3,0,3,3,3,3,1,0,3,3,3,3,2,0,3,3,0,0
1,17,4,9238,1,1,1,1,1,19,9,5,0,1,0,0,1,0,1,0,0,0,2,3,2,1,0,0,2,1,0,0,0,3,3,0,0
1,43,1,9500,1,1,0,1,2,4,4,5,3,0,0,0,1,1,0,2,0,0,3,3,2,1,0,0,3,3,3,1,0,2,0,2,0
1,42,1,9119,1,1,0,1,34,34,0,0,2,1,0,0,1,1,0,3,0,2,3,3,3,1,0,1,3,2,2,2,0,0,0,0,0
1,1,1,9130,1,1,1,1,19,1,9,9,1,1,0,0,0,0,0,2,0,0,1,3,1,3,2,0,1,3,1,3,0,0,0,0,0
1,17,1,9085,1,1,0,1,19,37,1,3,2,0,0,0,1,0,0,2,0,0,1,3,0,0,1,0,1,2,1,3,0,0,2,1,0
1,17,5,9254,1,1,0,1,1,19,4,7,0,1,0,0,0,1,0,0,0,0,2,3,0,0,0,0,2,0,0,0,0,0,0,0,0
1,39,1,9556,1,1,2,1,37,38,9,9,0,1,0,1,0,0,1,2,0,0,3,3,2,2,0,1,3,3,2,1,0,0,1,3,0
1,39,1,9556,1,19,0,1,37,38,9,9,1,0,0,0,1,0,0,3,0,0,3,2,1,0,0,0,3,0,0,0,0,2,3,0,0
1,39,1,9003,1,1,0,1,19,37,9,6,1,0,0,1,0,1,0,3,0,0,2,3,1,0,0,0,2,3,0,0,0,3,0,1,0
2,1,4,8014,0,1,2,1,34,34,0,0,2,1,0,0,1,1,0,3,0,0,2,0,0,0,0,0,2,0,0,0,0,0,0,0,0
1,1,2,9500,1,1,1,1,37,1,7,7,1,1,0,0,1,0,0,0,0,0,3,0,0,0,0,0,3,0,0,0,0,2,0,2,0
1,17,3,9500,1,1,2,1,3,2,3,3,2,1,0,0,1,0,0,0,0,0,3,1,3,3,0,0,3,2,3,3,0,1,1,3,0
1,1,2,9147,1,1,0,1,1,37,4,9,0,1,0,0,1,1,1,0,0,0,1,1,0,0,0,0,1,1,0,0,0,1,1,3,0
1,39,1,9238,1,1,1,1,37,29,0,4,1,0,0,0,0,1,0,3,0,0,2,3,1,0,0,0,2,3,0,0,0,0,2,1,0
5,39,1,9003,1,1,3,1,1,1,4,8,3,0,0,1,0,0,0,3,0,0,2,1,0,0,0,0,2,2,0,0,0,0,1,3,0
1,39,1,8014,0,1,1,1,37,37,9,7,2,0,0,0,1,0,0,3,0,0,2,3,1,1,0,0,2,3,1,1,0,3,0,1,0
1,17,4,9254,1,1,1,1,19,1,5,5,2,1,0,0,1,1,0,0,0,0,2,1,1,0,0,0,2,1,1,1,0,3,0,1,0
1,7,1,9556,1,3,2,1,3,3,2,2,3,0,0,1,0,1,0,3,0,0,3,2,1,2,0,0,1,1,0,0,0,2,0,2,0
1,26,1,9147,1,2,1,1,34,34,0,0,1,1,0,0,1,0,0,3,0,3,3,3,3,1,0,3,3,3,3,2,0,0,2,1,0
5,39,1,9853,1,19,1,1,37,37,9,8,1,0,0,0,1,0,0,3,0,0,3,3,3,1,0,0,3,3,1,0,0,2,1,2,0
1,1,1,9130,1,1,1,1,6,6,0,4,1,1,0,1,1,0,0,3,0,0,1,3,1,2,3,0,1,3,0,0,3,1,1,2,0
1,17,1,9853,1,1,0,1,3,3,3,3,0,1,0,0,0,0,1,0,0,0,3,1,3,1,0,0,3,2,2,2,0,0,1,3,1
1,17,2,171,1,1,2,1,1,1,4,1,3,1,0,0,1,0,0,0,0,0,0,0,0,0,0,0,0,0,0,0,0,0,0,0,1
1,39,1,9991,0,1,1,1,1,1,4,10,0,0,0,0,1,1,0,2,0,0,1,1,1,1,0,0,1,1,2,2,0,2,1,2,1
1,1,1,9254,1,1,3,1,3,1,2,1,3,0,0,0,1,1,0,1,0,0,1,3,1,0,0,0,1,2,1,1,0,3,3,0,1
1,1,1,171,1,1,1,1,19,38,9,8,2,1,0,0,1,1,1,0,0,3,3,3,3,2,0,2,3,3,3,2,0,0,1,3,1
1,44,3,9085,1,39,3,1,1,19,4,1,3,1,0,0,1,0,0,0,0,0,1,3,1,2,1,0,1,2,1,3,0,2,3,0,1
1,1,2,9773,1,1,1,1,3,1,2,4,2,0,0,0,1,1,0,0,0,0,2,2,2,2,0,3,3,3,3,1,1,0,1,3,1
1,15,1,9556,1,1,0,26,3,19,122,144,0,0,0,0,1,0,0,1,1,0,3,3,0,0,3,0,3,3,1,1,0,0,1,3,1
4,39,1,9556,1,1,3,1,19,3,9,2,2,0,0,0,1,0,0,2,0,0,3,3,3,1,0,0,3,3,3,1,0,2,3,0,1
1,1,3,9147,1,1,1,1,1,38,5,7,1,1,0,0,1,0,1,0,0,0,1,1,2,1,0,0,1,3,1,2,0,0,0,0,1
1,1,2,9670,1,1,0,1,3,1,3,5,0,1,0,0,1,1,0,1,0,0,2,3,2,3,0,0,2,3,2,1,0,1,1,3,1
1,1,3,9147,1,1,1,1,19,38,9,7,2,1,0,0,1,0,0,0,0,0,1,1,1,1,0,0,1,2,1,1,0,0,0,0,1
1,44,1,171,1,39,2,1,1,1,9,9,3,0,0,0,1,1,0,2,0,0,0,0,0,0,0,0,0,0,0,0,0,3,3,0,1
1,1,1,9147,1,1,2,1,38,19,9,5,2,0,0,0,1,1,0,0,0,0,1,3,1,3,0,0,1,3,1,2,0,0,1,3,1
1,39,1,9003,1,1,1,6,1,1,192,144,2,0,0,0,1,1,0,2,1,0,3,1,3,3,0,0,2,2,2,3,0,0,1,3,1
1,42,1,9500,1,1,0,1,3,19,2,8,3,0,0,0,1,1,0,2,0,2,2,1,1,3,0,2,3,2,1,3,0,3,3,0,1
1,1,1,9853,1,1,1,1,3,1,2,5,0,1,1,0,1,0,0,0,0,0,3,3,2,0,0,0,3,3,2,2,0,2,0,2,1
1,1,1,9085,1,1,0,1,19,37,8,8,0,0,1,0,1,0,0,2,0,0,2,3,1,1,0,0,2,3,1,1,0,1,1,3,1
1,44,1,9130,1,39,2,1,1,19,4,7,3,0,0,0,1,1,0,1,0,1,2,3,2,2,0,1,2,3,1,3,0,2,0,2,1
1,17,1,9119,1,1,0,1,19,19,9,9,0,0,0,0,1,1,0,1,0,0,1,1,2,3,0,0,1,2,2,3,0,1,1,3,1
1,17,1,9500,1,1,3,1,38,38,7,7,3,0,0,0,1,0,0,1,0,0,3,3,2,1,0,0,3,3,2,2,0,3,3,0,1
1,17,4,9500,1,1,2,1,4,1,2,1,2,1,0,0,1,0,0,0,0,0,3,2,0,0,3,0,3,2,0,0,3,0,0,0,1
1,1,1,9119,1,1,1,1,38,38,9,7,1,1,0,0,1,1,0,0,0,0,1,3,1,0,0,0,1,2,1,3,2,0,2,1,1
1,1,1,9500,1,1,3,1,37,37,9,9,3,0,0,0,1,1,0,0,0,0,3,3,2,3,1,0,3,3,2,3,1,0,0,0,1
1,17,2,9500,1,1,3,1,2,38,3,8,3,1,0,0,1,0,0,0,0,0,3,3,3,1,0,0,3,3,3,2,0,2,3,0,1
1,44,1,9003,1,1,0,1,3,2,2,6,1,1,0,0,1,1,0,2,0,2,3,3,3,1,2,1,3,3,1,2,0,2,3,0,1
1,1,1,8014,0,1,0,1,1,37,7,3,1,0,0,0,1,0,0,2,0,0,1,3,1,0,0,0,1,3,1,0,0,0,0,0,1
1,1,1,9670,1,1,0,1,1,19,4,10,0,1,0,0,1,0,0,0,0,0,1,2,1,0,0,0,1,2,1,1,0,1,1,2,1
1,39,1,33,1,1,2,1,3,1,2,4,3,0,0,0,1,0,0,3,0,0,3,2,3,3,0,0,3,3,1,3,3,3,0,1,1
1,17,2,9853,1,1,0,1,1,19,9,9,0,1,0,0,1,1,1,1,0,0,2,1,2,1,0,0,2,1,2,2,0,0,2,1,1
1,39,1,9130,1,1,3,1,19,19,9,5,3,1,0,0,1,1,0,2,0,0,1,3,1,3,1,0,1,2,1,1,0,0,0,0,1
2,39,1,9147,1,1,0,1,37,37,9,10,3,0,0,0,1,0,0,3,0,0,1,3,1,3,2,0,1,3,2,2,0,0,0,0,1
1,17,1,9670,1,1,2,1,1,1,4,3,2,0,0,0,1,1,0,2,0,0,2,1,1,1,0,0,2,2,1,0,0,1,1,2,1
1,17,3,9085,1,1,1,1,19,37,5,5,1,1,0,0,1,0,0,2,0,0,1,3,1,2,3,0,1,2,1,1,1,0,0,0,1
1,44,1,9003,1,39,3,1,1,38,4,9,3,0,0,0,1,1,1,1,0,0,2,3,1,1,0,0,2,3,1,1,0,3,3,0,1
1,1,1,9853,1,1,3,1,38,37,5,5,3,0,0,0,1,0,0,0,0,0,2,2,1,2,0,0,2,2,2,2,0,0,0,0,1
1,1,4,9147,1,1,0,1,38,38,5,10,0,0,0,0,1,1,0,1,0,0,1,2,1,0,0,0,1,1,1,1,0,2,1,2,1
1,18,1,9500,1,1,1,1,19,1,9,4,1,0,0,0,1,0,1,1,0,0,3,2,0,0,3,0,3,2,0,0,3,0,0,0,1
1,1,1,9254,1,1,0,1,38,19,9,5,0,1,0,0,1,0,0,2,0,0,2,3,2,0,0,0,2,3,1,1,0,0,2,1,1
1,17,2,9147,1,1,0,1,19,1,9,3,0,1,0,1,1,0,0,1,0,0,1,3,1,1,0,0,1,2,1,0,0,1,1,3,1
1,44,1,9003,1,39,2,1,38,1,134,134,3,1,0,1,1,1,0,3,0,0,2,1,0,0,0,0,2,1,0,0,0,0,1,3,1
1,1,1,9254,1,1,3,1,2,37,1,1,2,1,0,0,1,0,0,0,0,0,2,2,2,2,0,0,2,3,1,3,0,1,1,2,1
1,1,1,9254,1,1,1,1,19,38,9,9,2,0,0,0,1,0,0,0,0,0,1,1,2,1,0,0,1,1,1,2,0,2,1,2,1
1,1,1,9085,1,1,0,1,1,1,2,5,0,1,0,0,1,0,0,0,0,0,1,2,1,3,0,0,1,2,1,2,0,1,1,2,1
1,1,1,9085,1,1,2,6,1,19,4,7,2,1,0,0,1,0,0,1,1,0,3,2,2,3,0,1,3,3,2,2,0,2,1,2,1
2,39,1,9500,1,1,1,1,37,37,191,172,0,0,0,0,1,0,0,3,0,0,3,3,1,1,0,0,3,3,1,1,0,1,1,3,1
1,39,1,9500,1,1,0,1,37,37,9,9,0,0,0,0,1,1,0,3,0,0,3,3,2,1,0,0,3,3,1,2,0,3,0,1,1
1,1,2,9670,1,1,0,1,1,19,4,4,0,0,0,0,1,1,1,0,0,0,2,3,2,2,0,0,2,2,2,2,0,1,1,3,1
1,43,1,9670,1,1,1,1,3,19,4,8,1,0,0,0,1,1,0,0,0,0,2,3,1,2,0,0,2,2,1,2,0,2,0,2,1
1,1,1,9853,1,1,3,1,1,37,9,9,3,1,0,0,1,0,0,0,0,0,2,3,1,0,0,0,2,3,2,1,0,0,0,0,1
1,53,1,9085,1,42,2,1,1,1,5,5,3,1,0,0,0,0,0,2,0,3,3,3,3,3,0,2,3,3,2,3,0,0,1,3,1
1,43,1,9147,1,1,1,1,37,19,9,8,2,0,0,0,1,1,0,2,0,0,1,1,0,0,0,0,1,2,1,2,2,3,0,1,1
1,39,1,9119,1,19,1,1,1,19,4,5,0,0,0,0,1,1,0,2,0,0,1,3,1,0,0,0,1,3,1,0,0,2,0,2,1
1,39,1,9119,1,1,3,1,1,38,3,5,1,0,0,0,1,1,0,2,0,0,1,1,1,0,0,0,1,2,1,0,0,3,3,0,1
2,39,1,8014,0,1,1,1,37,37,6,8,0,0,0,1,1,0,0,3,0,2,3,3,3,1,0,1,3,3,2,1,0,2,0,2,1
1,1,1,9500,1,1,0,1,37,38,191,163,0,1,0,1,1,1,0,1,0,0,3,1,3,2,0,0,3,3,2,1,0,1,1,3,1
1,17,3,171,1,1,0,1,3,39,2,5,0,1,1,0,1,1,0,2,0,0,0,0,0,0,0,0,0,0,0,0,0,1,1,2,1
4,1,1,9991,0,1,2,1,37,37,9,7,3,0,0,0,1,0,1,3,0,0,1,2,2,0,0,0,1,2,2,1,0,0,0,0,1
3,17,1,9238,1,1,2,1,37,37,9,9,2,1,0,0,1,0,1,2,0,0,2,2,1,0,0,0,2,3,1,2,0,2,3,0,1
2,39,1,9991,0,1,0,1,37,37,9,3,2,0,0,0,1,0,0,3,0,0,1,2,1,0,0,0,1,3,1,0,1,0,2,1,1
1,39,1,9991,0,12,1,1,37,37,9,9,1,0,0,0,1,1,0,3,0,0,1,3,1,0,0,0,1,2,1,1,2,0,2,1,1
1,44,1,9003,1,39,2,1,37,37,9,1,3,0,0,0,1,1,1,1,0,0,2,3,2,3,0,0,2,3,2,2,0,3,3,0,1
1,43,1,9147,1,1,0,1,37,38,7,7,0,0,0,0,1,1,0,2,0,0,1,3,1,0,1,0,1,3,1,1,0,0,0,0,1
1,43,1,171,1,1,3,1,19,19,9,4,1,0,0,0,1,1,0,2,0,0,0,0,0,0,0,0,0,0,0,0,0,2,0,2,1
1,39,1,9003,1,1,3,1,1,37,191,193,3,0,0,0,1,1,0,3,0,0,2,1,0,0,0,0,2,1,0,0,0,1,1,3,1
1,18,2,9853,1,1,0,1,1,1,9,0,0,0,0,0,1,0,0,0,0,0,3,3,2,1,0,0,3,3,2,1,0,2,0,2,1
1,1,6,9500,1,1,2,1,1,38,3,9,1,1,0,0,1,0,0,0,0,0,3,3,2,3,0,0,3,2,2,2,0,2,1,2,1
2,39,1,9500,1,19,1,1,37,38,9,7,0,1,0,0,1,1,0,3,0,0,3,2,3,1,0,0,3,2,3,1,0,1,1,2,1
1,39,1,9556,1,40,1,1,1,1,4,5,3,0,0,0,1,0,0,2,0,0,3,3,2,1,0,0,3,2,3,2,0,3,3,0,1
1,1,4,9070,1,1,2,1,4,19,2,10,1,1,0,0,1,1,0,0,0,0,2,2,3,2,0,0,2,2,3,1,0,0,0,0,1
1,1,1,9670,1,1,1,1,37,37,9,9,1,1,0,0,1,0,1,0,0,0,1,1,1,1,0,0,1,1,1,3,0,0,2,1,1
1,1,1,9853,1,1,3,1,19,1,9,1,2,0,0,0,1,0,0,0,0,0,2,2,2,2,0,0,2,3,1,0,0,0,0,0,1
1,17,1,9085,1,1,2,1,2,19,2,9,2,1,0,0,1,0,0,0,0,0,1,3,1,1,0,0,1,3,1,1,2,1,1,2,1
1,1,1,9500,1,1,2,1,1,19,4,4,1,0,0,0,1,1,0,0,0,0,3,1,3,1,0,0,3,1,3,1,0,0,2,1,1
1,51,1,9070,1,1,0,1,5,1,2,10,1,1,0,0,1,0,0,2,0,0,2,1,1,1,0,0,2,1,1,2,0,0,1,3,1
1,44,1,9003,1,39,2,1,38,38,6,3,3,0,0,0,1,0,0,0,0,0,2,3,1,1,0,0,2,3,1,1,0,3,3,0,1
1,1,1,9773,1,1,0,1,38,37,9,9,0,1,1,0,1,0,0,0,0,0,1,3,1,1,0,0,1,3,1,1,0,0,2,1,1
1,39,1,9119,1,1,2,1,19,19,9,7,0,0,0,1,1,1,0,2,0,0,1,3,1,0,0,0,1,3,1,1,0,0,1,3,1
1,1,1,9500,1,1,2,1,38,1,9,4,2,1,0,0,1,0,0,0,0,0,3,3,1,2,0,0,3,1,2,3,0,3,0,1,1
1,44,1,9003,1,39,2,1,37,37,9,4,3,0,0,0,1,0,0,2,0,0,1,3,2,1,0,0,1,3,1,2,0,2,1,2,1
1,18,4,9853,1,1,0,1,19,38,4,10,1,1,0,0,1,0,0,0,0,0,2,2,2,2,0,0,2,2,2,1,0,3,3,0,1
1,1,1,9238,1,1,2,1,37,19,5,10,1,0,0,1,1,0,0,0,0,0,1,3,1,0,0,0,1,3,1,0,0,0,2,1,1
1,43,1,9147,1,1,3,1,38,19,141,171,0,0,0,0,1,0,0,0,0,0,1,3,2,1,0,0,1,2,1,0,0,2,0,2,1
1,44,1,9085,1,39,2,1,1,1,3,7,3,1,0,0,1,0,0,1,0,1,2,3,2,3,0,0,2,3,1,3,0,2,0,2,1
1,17,2,9119,1,1,1,1,19,1,9,10,1,1,0,0,1,1,1,0,0,0,1,1,1,2,0,0,1,2,1,2,0,0,1,3,1
1,1,1,9500,1,1,0,1,1,19,9,9,0,0,0,0,1,0,1,1,0,0,3,3,0,0,0,0,3,3,0,0,0,1,1,3,1
1,43,2,9147,1,1,1,1,19,37,5,9,1,1,0,0,1,0,0,0,0,0,1,3,1,3,0,0,1,3,1,3,0,0,2,1,1
1,17,1,9500,1,1,1,1,1,1,4,5,1,0,0,0,1,1,1,0,0,0,3,3,2,2,0,0,3,3,2,2,0,3,3,0,1
1,1,1,9238,1,1,1,1,37,37,9,7,2,1,0,0,1,0,0,1,0,0,2,1,2,2,0,0,2,1,2,2,0,1,1,2,1
1,17,2,9254,1,1,0,1,19,19,5,7,1,0,0,0,1,1,1,0,0,0,2,3,1,0,0,0,2,2,1,1,0,3,3,0,1
1,1,1,9853,1,1,0,1,1,38,9,6,1,1,0,0,1,0,0,0,0,0,3,3,1,1,0,0,3,2,2,2,0,1,1,3,1
1,44,1,9991,0,39,3,1,37,37,6,6,3,0,0,0,1,0,0,3,0,1,2,2,2,1,0,1,3,2,3,3,0,0,0,0,1
1,39,1,9085,1,1,1,1,37,37,9,9,3,1,0,1,1,0,0,3,0,0,3,3,3,1,0,0,3,3,2,1,0,2,1,2,1
4,39,1,9991,0,1,1,1,37,37,9,9,2,0,0,0,1,0,0,3,0,0,1,3,1,0,0,0,1,2,2,0,0,2,3,0,1
1,43,1,9147,1,1,1,1,3,19,2,9,1,0,0,0,1,0,0,0,0,0,1,1,0,0,0,0,1,2,1,2,2,3,0,1,1
5,39,1,9147,1,1,1,1,19,19,9,9,1,0,0,0,1,1,0,3,0,0,1,2,2,1,0,0,1,1,2,0,0,1,1,3,1
1,17,1,9147,1,1,0,1,19,19,7,7,0,1,0,0,1,0,0,2,0,0,1,1,1,0,1,0,1,2,1,1,0,0,0,0,1
1,1,6,9500,1,1,0,1,1,1,4,4,1,1,0,0,1,0,0,2,0,0,3,2,3,2,0,0,3,2,3,3,0,2,0,2,1
1,17,3,9070,1,1,0,1,37,37,9,9,0,0,0,0,1,0,0,0,0,0,1,1,2,1,0,0,1,1,2,2,0,0,2,1,1
1,1,1,171,1,1,1,1,19,38,4,5,2,1,0,0,1,0,0,0,0,0,0,0,0,0,0,0,0,0,0,0,0,0,2,1,1
1,17,5,9670,1,1,0,1,1,19,5,5,0,0,0,0,1,0,0,2,0,0,1,2,1,2,0,0,1,1,1,2,2,0,2,1,1
1,43,4,9670,1,1,0,1,3,3,4,4,0,0,0,0,1,1,0,2,0,0,1,3,1,0,0,0,1,3,1,0,0,0,0,0,1
2,39,1,8014,0,1,1,1,37,37,5,4,2,0,0,0,1,0,0,3,0,0,3,2,2,3,0,0,3,2,2,2,0,3,3,0,1
1,17,1,9130,1,1,2,1,38,19,5,7,2,1,0,0,1,0,0,2,0,0,2,3,2,3,0,0,2,3,1,3,0,2,1,2,1
1,1,4,9773,1,1,2,1,3,19,2,3,3,1,1,0,1,0,0,0,0,0,2,3,3,2,0,0,2,3,3,2,0,1,1,2,1
1,17,1,9238,1,1,1,1,38,19,191,175,1,1,0,0,1,0,1,2,0,0,1,2,1,2,0,0,1,1,1,1,0,0,1,3,1
1,5,2,9853,1,1,0,1,19,19,4,5,0,1,0,0,1,0,0,2,0,0,2,3,1,2,0,0,2,2,1,1,0,2,3,0,1
1,51,1,9238,1,1,0,1,19,3,5,2,0,0,0,1,1,0,0,1,0,2,3,3,3,2,0,2,3,3,1,1,0,1,1,3,1
1,18,5,9853,1,1,0,1,19,37,7,7,0,1,0,0,1,0,0,1,0,0,3,3,1,2,0,0,3,3,1,1,0,1,1,2,1
1,43,2,9670,1,1,1,1,3,3,5,5,1,1,0,0,1,0,0,0,0,0,1,1,1,3,0,0,2,2,2,2,0,2,3,0,1
2,39,1,9238,1,19,1,1,37,37,9,9,2,1,0,0,1,0,0,3,0,0,2,3,0,0,0,0,1,3,0,0,0,0,0,0,1
1,39,2,9556,1,1,1,1,37,37,9,9,3,1,0,0,1,0,0,2,0,0,3,3,3,1,0,0,3,3,2,1,0,2,1,2,1
1,51,1,9556,1,1,1,1,1,37,152,193,2,1,0,0,1,1,0,2,0,0,3,3,1,2,0,0,3,3,1,3,0,0,1,3,1
2,39,1,9147,1,1,2,1,37,37,6,10,2,0,0,0,1,0,0,3,0,0,1,1,1,3,0,0,1,3,1,1,0,1,1,2,1
1,1,1,171,1,1,1,1,37,19,9,8,3,0,0,0,1,1,1,1,0,0,0,0,0,0,0,0,0,0,0,0,0,2,0,2,1
1,17,1,9085,1,1,2,1,19,37,2,7,2,0,0,0,1,0,0,0,0,0,1,2,1,0,0,0,1,1,1,1,0,0,2,1,1
1,1,1,9500,1,1,3,1,3,1,9,9,1,0,0,0,1,0,0,0,0,0,3,2,3,3,0,0,3,2,3,3,0,2,3,0,1
1,39,1,9500,1,1,0,1,1,2,144,123,1,0,0,1,1,1,0,3,0,0,3,3,1,3,0,0,3,2,2,3,0,2,1,2,1
1,51,1,9085,1,40,0,1,3,3,4,2,1,0,0,0,1,0,0,3,0,0,2,2,3,3,0,0,2,3,1,3,0,1,1,3,1
1,51,1,9147,1,1,3,1,1,37,9,10,1,0,0,0,1,0,0,3,0,3,3,3,3,1,0,3,3,3,3,1,1,0,1,3,1
1,1,1,9238,1,1,0,1,1,38,5,8,0,0,0,0,1,0,1,1,0,0,2,3,2,0,0,0,2,2,2,1,0,1,1,3,1
1,1,5,9500,1,1,0,1,1,1,3,4,0,0,0,0,1,0,0,1,0,0,3,2,2,1,0,0,3,2,3,1,0,2,1,2,1
1,1,1,9238,1,1,2,1,19,38,7,5,1,0,0,0,1,0,0,1,0,0,2,3,1,0,0,0,2,3,1,2,0,0,0,0,1
1,17,1,171,1,1,1,1,1,1,6,7,2,1,0,0,1,0,0,0,0,0,0,0,0,0,0,0,0,0,0,0,0,2,1,2,1
1,44,1,9003,1,39,1,1,2,3,9,6,2,0,0,0,1,1,0,1,0,0,2,3,1,0,0,0,2,3,1,1,0,2,1,2,1
1,39,1,9991,0,1,0,1,38,1,9,4,1,0,0,0,1,0,0,3,0,0,1,2,1,0,0,0,1,1,1,1,0,1,1,2,1
1,1,1,9773,1,1,0,1,1,19,4,4,0,0,0,0,1,1,0,0,0,0,2,3,1,1,0,0,2,3,1,2,0,0,2,1,1
1,44,1,9003,1,1,2,1,1,1,4,5,3,0,0,0,1,1,0,1,0,0,2,3,2,1,0,0,2,3,2,1,0,3,0,1,1
1,17,1,9991,0,1,3,1,38,38,4,5,2,0,0,0,1,0,0,2,0,0,1,2,1,1,0,0,1,3,1,3,1,0,2,1,1
1,17,2,9085,1,1,0,1,1,19,4,9,0,1,0,0,1,0,0,0,0,0,1,3,1,1,2,0,1,2,1,1,0,0,0,0,1
1,44,1,9254,1,39,3,1,19,2,9,3,3,0,0,0,0,1,0,3,0,1,3,3,3,3,0,1,2,3,2,3,0,1,1,3,1
1,43,1,9119,1,1,1,1,1,38,4,7,0,0,0,0,1,1,0,0,0,0,1,2,2,1,0,0,1,3,1,0,0,2,0,2,1
1,1,1,9670,1,1,1,1,4,2,123,112,3,1,0,0,1,1,0,1,0,0,2,2,2,2,0,0,2,3,2,1,0,2,0,2,1
1,18,1,9991,0,1,1,1,38,38,5,5,3,0,0,0,1,0,1,2,0,0,1,1,1,1,0,0,1,2,1,1,0,1,1,2,1
4,39,1,9003,1,1,1,1,19,19,9,4,0,0,0,0,1,0,0,3,0,0,2,3,1,2,2,0,2,3,1,2,1,3,3,0,1
1,17,2,9085,1,1,2,1,37,37,9,7,1,1,0,0,1,0,0,0,0,0,1,3,1,3,3,0,1,3,1,1,2,0,0,0,1
1,17,3,9147,1,1,0,1,1,19,5,7,1,0,0,0,1,0,0,1,0,0,1,3,1,0,0,0,1,1,1,2,0,2,1,2,1
2,39,1,9500,1,1,1,1,37,37,191,183,3,0,0,0,1,0,0,3,0,0,3,3,2,2,0,0,3,2,2,1,0,2,1,2,1
1,17,5,9238,1,1,1,1,19,37,5,7,1,1,0,0,1,0,1,0,0,0,2,2,2,1,0,0,2,1,3,1,0,2,0,2,1
1,43,1,9085,1,1,1,1,3,3,2,5,0,0,0,0,1,0,0,2,0,0,2,3,1,1,0,0,2,3,1,3,0,2,0,2,1
1,39,2,9991,0,1,3,1,19,37,9,8,3,1,0,0,1,0,1,3,0,0,1,1,1,0,0,0,1,1,1,0,0,0,0,0,1
1,1,3,9670,1,1,0,1,37,37,7,7,0,1,0,0,1,1,0,0,0,0,1,1,1,1,0,0,1,1,1,1,0,0,0,0,1
1,7,1,9119,1,4,3,1,4,3,2,7,3,0,0,1,1,1,0,3,0,0,1,1,1,3,0,0,1,3,1,3,0,2,0,2,1
1,17,1,9853,1,1,1,1,38,37,5,7,1,1,0,1,1,0,0,0,0,0,3,3,1,3,0,0,3,3,1,0,0,1,1,2,1
1,1,2,171,1,1,1,1,3,39,1,3,2,1,0,0,1,1,0,0,0,0,0,0,0,0,0,0,0,0,0,0,0,3,3,0,1
2,39,1,8014,0,1,2,1,37,3,9,10,3,0,0,0,1,1,0,3,0,2,3,3,3,2,0,3,3,3,3,1,0,2,1,2,1
1,1,3,9500,1,1,1,1,1,19,131,181,1,1,0,0,1,0,0,0,0,0,3,3,1,2,0,0,3,2,2,1,0,2,1,2,1
1,17,2,9147,1,1,1,1,1,38,5,7,1,1,0,0,1,1,0,1,0,0,1,2,1,0,0,0,1,3,1,2,0,1,1,2,1
1,43,1,9556,1,1,3,1,3,4,3,2,0,0,0,0,1,0,0,0,0,0,1,1,0,0,0,0,1,1,1,3,0,1,1,2,1
1,1,1,9119,1,1,3,1,1,38,4,3,2,1,0,0,1,1,0,0,0,0,1,1,0,0,0,0,1,1,1,3,0,1,1,2,1
1,44,1,9130,1,39,3,1,1,1,4,4,3,1,0,0,1,0,0,1,0,0,1,1,1,1,1,0,1,1,1,2,0,1,1,2,1
1,43,1,9500,1,1,1,1,19,19,4,7,1,0,0,0,1,0,1,0,0,0,3,3,2,1,0,0,3,1,1,3,0,3,0,1,1
1,1,2,9070,1,1,1,1,3,4,2,2,3,1,0,0,1,0,0,0,0,0,2,1,2,2,0,0,2,1,2,2,0,0,2,1,1
1,1,1,9085,1,1,1,1,1,2,3,1,1,1,0,0,1,0,0,0,0,0,1,3,1,1,2,0,1,2,1,1,0,0,0,0,1
1,18,1,9238,1,1,2,1,19,38,5,8,3,1,0,0,1,0,0,0,0,0,1,3,1,1,0,0,1,3,1,1,0,1,1,2,1
1,1,3,9670,1,1,0,1,1,19,5,5,0,1,0,0,1,1,1,1,0,0,2,1,3,1,0,0,2,3,1,0,0,1,1,2,1
1,17,1,9147,1,1,0,1,1,38,9,9,1,1,0,0,1,1,0,0,0,0,1,3,1,0,0,0,1,1,1,1,0,2,1,2,1
1,1,1,9853,1,1,0,1,3,1,2,5,1,0,0,0,1,0,0,0,0,0,2,2,1,2,0,0,2,3,2,0,0,3,3,0,1
1,17,2,9254,1,1,2,1,19,19,4,3,3,1,0,0,1,1,0,1,0,0,2,2,2,1,0,0,2,2,2,0,0,0,2,1,1
1,1,1,9119,1,1,3,1,37,37,9,6,3,0,0,0,1,1,0,0,0,0,1,2,1,2,0,0,1,1,1,0,0,0,0,0,1
1,44,1,9085,1,39,2,1,38,38,9,7,3,0,0,0,1,0,0,1,0,1,1,2,2,2,0,1,1,3,1,2,0,2,0,2,1
1,39,1,9991,0,1,0,1,37,38,9,4,3,0,0,0,1,1,0,3,0,0,1,2,1,1,0,0,1,2,1,2,0,3,3,0,1
1,1,1,9147,1,1,0,1,19,19,5,7,1,0,0,0,1,1,0,1,0,0,1,2,1,0,0,0,1,3,1,1,0,0,2,1,1
1,1,1,9238,1,1,3,1,3,38,1,5,3,1,0,0,1,0,0,2,0,0,2,3,1,2,2,0,2,3,1,3,0,0,0,0,1
1,1,2,9119,1,1,1,1,1,38,141,192,1,1,0,0,1,1,0,1,0,0,1,1,2,0,0,0,1,2,1,1,0,0,1,3,1
4,43,1,8014,0,12,1,1,34,34,0,0,0,1,0,0,1,0,0,3,0,0,2,2,2,2,0,0,2,3,1,2,0,0,2,1,1
1,39,1,8014,0,1,0,1,37,37,6,6,0,0,0,0,1,1,0,3,0,0,2,2,2,1,0,1,2,3,1,1,1,0,2,1,1
1,17,1,9238,1,1,3,1,1,1,4,9,2,0,0,0,1,0,0,1,0,0,1,3,1,0,0,0,1,3,1,0,0,3,3,0,1
1,1,5,9500,1,1,2,1,37,37,7,7,1,1,0,0,1,0,1,0,0,0,3,2,3,2,2,0,3,2,3,2,2,0,0,0,1
1,16,3,9853,1,1,2,1,19,37,9,9,1,1,0,0,1,0,0,0,0,0,2,2,2,1,0,0,2,2,2,1,0,1,1,2,1
1,39,1,9500,1,1,1,1,1,38,3,7,1,0,0,0,1,0,1,3,0,0,3,2,2,2,0,0,3,2,2,1,0,2,1,2,1
1,17,3,9119,1,1,2,1,1,19,141,193,1,1,0,0,1,1,0,0,0,0,1,2,2,1,0,0,1,2,1,1,0,0,1,3,1
2,39,2,9991,0,1,3,1,37,37,9,9,1,0,0,0,1,0,0,3,0,0,1,3,1,0,0,1,1,3,1,2,0,0,0,0,1
1,17,1,9070,1,1,1,1,19,19,7,7,1,0,0,0,1,1,0,0,0,0,2,1,2,2,0,0,2,3,2,1,3,3,0,1,1
1,1,5,9147,1,1,0,1,37,38,7,7,1,1,0,0,1,0,0,0,0,0,1,2,1,0,0,0,1,2,1,2,0,0,2,1,1
1,1,4,9670,1,1,1,1,1,1,9,9,1,1,0,0,1,0,0,0,0,0,2,1,3,3,0,0,2,2,3,3,0,0,1,3,1
1,1,1,9085,1,1,2,1,1,2,9,1,2,1,0,0,1,0,0,0,0,0,1,1,1,3,2,0,1,1,1,3,0,2,3,0,1
1,17,1,9147,1,1,3,1,1,38,4,5,3,1,0,0,1,0,0,0,0,0,1,3,1,0,0,0,1,3,0,0,0,2,3,0,1
2,39,2,9556,1,1,1,105,1,3,9,2,3,1,0,0,1,0,0,3,1,0,3,2,3,2,0,0,3,2,3,2,0,2,1,2,1
1,1,1,9119,1,1,1,1,38,19,5,5,2,0,0,0,1,1,0,0,0,0,1,1,2,0,0,0,1,2,1,1,0,1,1,2,1
1,43,1,9500,1,1,1,1,38,38,9,5,0,0,0,0,1,0,0,1,0,0,3,3,2,1,0,0,3,1,3,2,0,2,0,2,1
1,53,1,9085,1,42,2,1,1,1,4,3,3,1,0,1,1,0,0,2,0,3,3,3,3,2,0,2,3,3,2,1,0,0,1,3,1
1,1,1,9500,1,1,2,1,2,2,3,3,1,1,0,0,1,1,0,0,0,0,3,2,3,1,0,0,3,2,3,1,0,0,2,1,1
1,1,1,9119,1,1,3,1,19,37,5,8,3,1,0,0,1,1,0,0,0,0,1,2,1,0,0,0,1,3,1,0,3,0,2,1,1
1,42,1,9003,1,1,2,1,19,19,4,4,3,1,0,0,1,1,0,2,0,0,2,3,2,1,0,0,2,3,1,1,0,3,3,0,1
1,42,1,9147,1,1,1,1,37,38,9,1,2,1,0,0,1,0,0,3,0,1,1,1,1,2,0,1,1,1,1,1,0,0,0,0,1
1,17,3,9147,1,1,0,1,38,19,7,7,1,0,0,0,1,0,0,1,0,0,1,1,2,1,0,0,1,2,1,0,0,3,3,0,1
1,1,1,9853,1,1,0,1,19,37,5,7,0,0,0,0,1,0,1,0,0,0,2,3,1,1,0,0,2,2,1,0,0,3,3,0,1
1,17,1,9119,1,1,1,1,1,3,9,10,1,1,0,0,1,1,0,1,0,0,1,1,1,1,0,0,1,2,1,2,0,1,1,2,1
2,43,1,9991,0,1,2,1,37,37,9,9,0,0,0,0,1,0,0,3,0,1,1,1,2,0,0,0,1,2,1,1,0,0,0,0,1
1,5,1,9853,1,1,0,1,1,38,5,8,1,1,0,0,1,0,0,2,0,0,3,3,1,3,0,0,3,3,1,0,0,0,0,0,1
1,39,1,9003,1,1,2,1,19,19,9,6,3,1,0,0,1,0,0,2,0,0,2,3,2,1,0,0,2,3,1,1,0,2,1,2,1
1,1,1,9147,1,1,3,1,19,37,4,8,3,0,0,0,1,1,0,3,0,0,1,3,1,0,0,0,1,3,1,2,0,0,2,1,1
1,44,1,9085,1,39,2,1,3,1,2,3,3,1,0,0,1,0,0,0,0,0,1,3,1,2,0,0,1,3,1,1,0,2,1,2,1
1,17,1,9773,1,1,3,1,19,19,4,4,2,1,0,0,1,0,0,1,0,0,2,2,3,1,0,0,2,2,2,1,0,0,2,1,1
1,1,1,9254,1,1,3,1,19,38,9,9,3,1,0,0,1,1,0,2,0,0,2,2,2,2,0,0,2,3,2,1,0,0,2,1,1
1,1,4,9500,1,1,1,1,19,19,7,9,1,1,0,0,1,0,1,0,0,0,3,2,2,3,0,0,3,1,3,2,0,2,1,2,1
1,51,1,9070,1,12,1,1,37,19,3,7,0,0,0,1,1,0,0,3,0,1,2,2,2,0,0,2,2,3,3,0,0,0,1,3,1
1,39,1,9003,1,19,1,1,19,37,1,1,3,0,0,1,1,1,0,2,0,0,2,3,2,3,0,0,2,3,2,3,0,3,0,1,1
1,1,3,9085,1,1,2,1,3,2,4,3,1,1,0,0,1,0,0,0,0,0,1,3,1,2,2,0,1,2,2,1,0,0,0,0,1
2,39,1,9147,1,1,1,1,37,37,9,9,3,0,0,0,1,0,0,3,0,0,1,2,1,1,0,0,1,2,1,1,0,1,1,3,1
2,39,1,9991,0,1,1,1,38,38,9,3,3,0,0,0,1,1,0,3,0,0,1,3,1,1,0,0,1,3,1,1,0,2,0,2,1
1,43,1,9556,1,1,1,1,38,38,7,8,1,1,0,0,1,0,0,2,0,0,3,3,3,0,2,0,3,3,3,1,0,2,3,0,1
1,44,1,9085,1,39,3,1,37,37,9,9,3,0,0,0,1,0,0,1,0,1,2,2,2,2,0,1,2,3,1,1,0,2,1,2,1
1,16,3,9853,1,1,2,1,37,19,9,5,1,1,0,0,1,0,1,2,0,0,2,3,1,3,1,0,2,2,2,1,0,0,2,1,1
1,39,1,9991,0,1,3,1,19,37,9,8,3,0,0,0,1,0,0,3,0,0,1,3,1,1,0,0,1,2,1,1,0,2,3,0,1
1,1,1,9500,1,1,1,1,19,19,4,4,1,1,0,0,1,0,0,1,0,0,3,2,3,3,0,0,3,2,3,3,0,2,3,0,1
1,43,1,9670,1,1,3,1,3,2,2,2,2,1,0,0,1,1,0,0,0,0,1,3,1,3,0,0,1,2,1,1,0,2,0,2,1
1,1,1,171,1,1,2,1,3,3,1,2,3,1,0,0,1,0,0,1,0,0,0,0,0,0,0,0,0,0,0,0,0,2,0,2,1
1,1,2,9238,1,1,3,1,1,19,4,8,1,0,0,0,1,0,0,1,0,0,3,3,0,0,0,0,1,3,0,0,0,0,0,0,1
2,39,1,9500,1,1,1,1,37,37,9,9,0,1,0,0,1,0,0,3,0,0,3,2,2,1,0,0,3,2,2,1,0,0,2,1,1
1,1,6,9500,1,1,3,1,37,38,9,9,2,1,0,0,1,0,1,0,0,0,3,2,3,2,0,0,3,2,3,2,0,2,3,0,2
1,39,1,9254,1,1,1,1,37,37,9,9,2,0,0,0,1,1,0,3,0,0,2,1,2,2,0,0,2,1,2,2,0,0,2,1,2
1,1,1,9254,1,1,3,1,3,19,3,8,3,1,0,0,1,0,0,0,0,0,2,1,2,3,0,0,2,1,2,3,0,2,1,2,2
1,1,2,9556,1,1,2,1,19,19,9,9,2,1,0,0,1,0,0,0,0,0,3,2,3,3,0,0,3,2,3,3,0,2,3,0,2
1,1,6,9254,1,1,1,1,38,19,9,5,0,1,0,0,1,0,0,0,0,0,2,3,2,1,0,0,2,3,1,2,0,0,1,3,2
1,1,1,9500,1,1,3,1,1,37,3,8,2,0,0,0,1,0,1,0,0,0,3,2,3,2,0,0,3,2,3,3,0,2,0,2,2
1,17,4,9773,1,1,0,1,1,38,5,7,1,1,0,0,1,0,0,1,0,0,2,3,1,2,0,0,3,3,2,1,0,2,1,2,2
1,42,1,9085,1,1,1,1,1,9,4,4,2,0,0,0,1,0,0,2,0,2,3,3,3,1,3,2,3,3,3,2,0,0,0,0,2
1,1,1,9085,1,1,0,1,38,38,4,7,0,1,0,0,1,0,0,0,0,0,2,3,2,3,0,0,2,3,2,1,0,3,0,1,2
1,1,1,171,1,1,3,1,3,1,4,4,3,1,0,0,1,0,0,0,0,0,0,0,0,0,0,0,0,0,0,0,0,2,1,2,2
1,1,2,9500,1,1,3,1,3,1,9,9,3,0,0,0,1,1,0,0,0,0,3,2,3,3,0,0,3,2,3,3,0,2,3,0,2
1,17,4,9500,1,1,2,1,19,37,4,8,2,1,0,0,1,0,0,0,0,0,3,2,3,1,0,0,3,2,3,1,0,0,2,1,2
1,1,1,9003,1,1,2,1,38,1,9,4,3,0,0,0,1,1,0,0,0,0,2,1,2,3,0,0,2,1,2,3,0,2,1,2,2
1,44,1,9003,1,39,1,1,1,37,6,6,2,1,0,0,1,1,0,1,0,0,3,3,2,1,0,0,3,3,2,1,0,3,0,1,2
1,1,1,9670,1,1,2,1,19,1,9,8,1,1,0,0,1,0,1,0,0,0,1,3,2,2,0,0,1,3,1,3,0,1,1,3,2
1,1,1,9238,1,1,1,1,37,37,9,9,1,1,0,0,1,0,1,0,0,0,2,2,2,0,0,0,2,3,1,1,0,2,1,2,2
6,39,1,8014,0,1,1,1,37,1,9,7,0,0,0,0,1,0,1,3,0,0,2,3,1,2,0,0,2,1,2,2,0,2,0,2,2
1,16,2,9238,1,1,1,1,19,38,4,5,2,1,0,0,1,0,0,0,0,0,2,1,3,3,0,0,2,1,3,1,0,1,1,2,2
1,16,1,171,1,1,3,1,1,3,5,10,3,1,0,0,1,1,0,0,0,0,0,0,0,0,0,0,0,0,0,0,0,2,0,2,2
1,42,1,9500,1,1,0,1,3,3,2,2,1,1,0,0,1,0,0,1,0,0,3,3,3,2,0,0,3,3,3,2,0,2,3,0,2
1,1,2,9500,1,1,2,1,19,19,9,10,1,1,0,0,1,0,0,0,0,0,3,3,3,2,0,0,3,3,2,2,0,3,3,0,2
2,39,1,8014,0,12,1,1,37,37,9,1,0,0,0,0,1,0,0,3,0,0,2,3,1,2,0,0,2,1,2,2,0,1,1,3,2
1,17,3,9670,1,1,0,1,1,38,3,3,0,1,0,0,1,0,0,0,0,0,2,2,2,3,0,0,2,1,2,3,0,1,1,3,2
1,44,1,9670,1,39,0,1,37,1,9,4,0,0,0,0,1,0,1,1,0,1,1,2,2,1,0,1,1,1,2,3,0,1,1,3,2
1,1,3,9500,1,1,3,1,1,1,9,9,2,1,0,0,1,0,0,0,0,0,3,2,3,2,0,0,3,2,3,2,0,2,3,0,2
1,1,4,9500,1,1,3,1,38,38,7,7,2,1,0,0,1,0,1,0,0,0,3,2,3,2,0,0,3,2,3,3,0,0,0,0,2
1,43,3,9500,1,1,2,1,1,19,9,7,2,1,0,1,1,0,1,1,0,0,3,3,3,2,0,0,3,3,3,1,0,3,3,0,2
1,17,6,9238,1,1,2,1,3,3,1,2,1,1,0,0,1,0,0,0,0,0,2,3,2,0,0,0,2,3,2,1,0,3,3,0,2
2,39,1,9254,1,1,1,1,37,37,9,9,1,0,0,0,1,0,0,3,0,0,3,2,3,1,0,0,3,3,2,2,0,0,1,3,2
1,39,1,8014,0,40,2,1,19,37,5,9,3,0,0,0,1,0,0,3,0,3,3,3,3,3,0,2,3,2,3,3,0,2,1,2,2
1,44,1,9085,1,39,3,1,19,19,9,9,3,1,0,0,1,0,0,2,0,1,2,3,2,3,0,1,2,1,2,3,0,3,0,1,2
1,44,1,9085,1,39,3,1,3,3,2,2,3,1,0,0,1,0,0,2,0,1,2,1,2,3,0,1,2,2,2,2,0,2,0,2,2
1,1,5,9254,1,1,1,1,19,19,4,7,0,1,0,0,1,0,0,0,0,0,2,2,1,1,0,0,2,3,2,1,0,2,0,2,2
1,1,2,9070,1,1,3,1,38,19,7,7,2,1,0,0,1,1,0,0,0,0,2,1,2,2,0,0,2,1,2,2,0,0,1,3,2
1,1,1,9773,1,1,3,1,1,1,141,175,3,0,0,1,1,0,1,0,0,0,1,1,2,3,0,0,1,1,2,3,0,0,1,3,2
1,1,5,9500,1,1,3,1,38,37,5,7,2,1,0,0,1,0,0,0,0,0,3,1,2,3,0,0,3,1,2,3,0,0,2,1,2
1,1,2,171,1,1,1,1,3,1,2,3,3,1,0,0,1,0,0,0,0,0,0,0,0,0,0,0,0,0,0,0,0,2,3,0,2
2,7,1,9670,1,3,0,1,37,37,7,7,0,0,0,0,1,0,0,3,0,2,3,3,3,3,0,1,3,3,3,3,0,2,0,2,2
2,7,1,9070,1,43,2,1,37,1,9,7,3,0,0,0,1,0,0,3,0,0,2,1,2,3,0,0,2,2,1,1,0,1,1,3,2
1,1,1,171,1,1,0,1,3,2,3,3,0,1,0,0,1,1,0,2,0,0,0,0,0,0,0,0,0,0,0,0,0,0,0,0,2
1,1,2,9085,1,1,3,1,37,1,9,9,3,1,0,0,1,0,1,0,0,0,1,1,1,3,0,0,1,1,2,3,0,1,1,2,2
1,17,1,9773,1,1,0,1,1,1,4,7,0,1,0,1,1,0,0,0,0,0,2,1,2,1,0,0,2,1,2,2,0,3,0,1,2
1,17,2,9254,1,1,0,1,37,37,7,7,0,1,0,0,1,0,0,0,0,0,2,1,2,2,0,0,2,1,2,2,0,1,1,3,2
1,17,1,9238,1,1,0,1,4,3,1,1,1,0,0,0,1,0,0,0,0,0,2,2,2,1,0,0,2,2,3,1,0,3,0,1,2
1,42,1,9500,1,1,0,1,37,37,3,3,1,1,0,0,1,0,1,2,0,0,3,2,3,2,0,0,3,2,3,2,0,0,0,0,2
1,1,1,9670,1,1,3,1,3,37,4,7,3,0,0,0,1,1,1,1,0,0,2,2,3,3,0,0,2,1,3,3,0,2,3,0,2
1,39,1,9003,1,1,2,1,37,37,5,5,3,0,0,1,1,0,0,3,0,0,3,3,2,3,0,0,3,3,2,2,0,3,0,1,2
1,1,4,9773,1,1,2,1,1,12,9,10,1,1,0,0,1,0,1,2,0,0,2,1,2,2,0,0,2,1,2,3,0,2,1,2,2
1,17,4,9238,1,1,1,1,37,37,9,8,0,1,0,0,1,1,0,2,0,0,2,1,2,2,0,0,2,1,2,3,0,0,1,3,2
1,42,1,9500,1,1,3,1,3,3,3,3,0,0,0,0,1,0,0,0,0,0,3,2,3,3,0,0,3,2,3,3,0,2,0,2,2
1,7,1,9147,1,40,0,1,37,37,9,9,0,0,0,0,1,0,0,3,0,3,3,3,3,0,0,3,3,3,3,1,0,2,0,2,2
1,1,6,9119,1,1,1,1,19,19,7,3,0,1,0,0,1,1,1,1,0,0,1,1,2,3,0,0,1,2,2,3,0,0,1,3,2
2,39,1,8014,0,1,0,1,38,37,5,3,0,0,0,0,1,0,1,3,0,0,2,1,2,1,0,0,2,1,2,1,0,1,1,2,2
1,1,4,9500,1,1,1,1,19,19,9,5,1,1,0,0,1,0,1,0,0,0,3,2,3,2,0,0,3,2,3,3,0,2,0,2,2
1,17,1,9085,1,1,1,1,1,3,4,1,2,1,0,0,1,0,0,0,0,0,1,3,1,1,1,0,1,3,1,0,0,2,3,0,2
1,1,1,9070,1,1,0,1,1,1,1,1,0,1,0,0,1,0,0,1,0,0,1,1,2,2,0,0,1,3,2,1,0,2,1,2,2
1,43,1,9500,1,1,2,1,38,19,5,8,1,0,0,0,1,0,1,0,0,0,3,3,3,2,0,0,3,3,3,3,0,3,0,1,2
1,1,1,9853,1,1,1,1,19,19,3,8,2,0,0,0,1,0,0,0,0,0,3,2,3,2,0,0,3,2,3,3,0,1,1,3,2
1,17,3,9556,1,1,1,1,19,38,9,7,2,0,0,0,1,0,1,0,0,0,3,2,3,2,0,0,3,2,3,3,0,2,3,0,2
1,1,2,9773,1,1,3,1,38,38,9,9,2,1,0,0,1,1,0,0,0,0,1,2,2,2,0,0,1,3,1,2,0,1,1,2,2
1,1,4,9500,1,1,1,1,19,38,9,9,1,1,0,0,1,0,1,0,0,0,3,1,2,2,0,0,3,3,3,2,0,2,1,2,2
1,1,4,9773,1,1,0,1,19,19,9,7,1,1,0,0,1,0,0,1,0,0,2,1,3,3,0,0,2,1,3,2,0,2,0,2,2
1,1,1,9773,1,1,0,1,3,19,2,3,1,1,0,0,1,0,0,0,0,0,2,1,3,2,0,0,2,2,3,1,0,0,1,3,2
1,1,1,9254,1,1,3,1,37,19,9,9,3,1,0,0,1,0,1,2,0,0,3,3,3,3,0,0,3,1,3,3,0,0,0,0,2
1,1,6,9500,1,1,3,1,38,19,7,9,2,1,0,0,1,0,1,0,0,0,3,2,3,3,0,0,3,2,3,3,0,1,1,2,2
1,1,2,9500,1,1,3,1,38,37,9,9,2,1,0,0,1,1,0,0,0,0,3,2,3,2,0,0,3,2,3,2,0,0,2,1,2
4,39,1,9991,0,1,0,1,19,19,9,3,0,1,0,0,1,0,0,3,0,0,1,2,1,0,0,0,1,1,1,1,0,0,2,1,2
2,15,1,9773,1,1,1,41,37,37,9,6,0,0,0,0,1,0,0,3,1,0,2,2,2,1,0,0,2,1,1,1,0,1,1,3,2
1,1,2,9670,1,1,2,1,19,19,7,10,1,0,0,0,1,1,0,0,0,0,1,1,1,2,0,0,1,1,1,1,0,0,0,0,2
2,43,1,9254,1,3,0,1,38,37,9,3,1,1,0,0,1,0,0,3,0,3,3,3,3,2,0,3,3,3,3,3,0,0,0,0,2
2,1,1,9500,1,1,2,1,3,38,2,4,1,0,0,0,1,0,1,0,0,0,3,2,3,3,0,0,3,2,3,3,0,1,1,2,2
2,43,1,9147,1,1,1,1,19,37,7,10,3,0,0,0,1,0,0,3,0,3,3,3,3,1,0,3,3,3,3,2,0,0,2,1,2
1,1,2,9773,1,1,3,1,1,19,9,9,3,1,0,0,1,0,0,0,0,0,2,1,2,3,0,0,2,1,2,3,0,1,1,2,2
2,39,1,9991,0,1,0,1,37,37,9,10,3,0,0,0,1,1,0,3,0,0,1,1,2,1,0,0,1,2,2,1,0,3,3,0,2
2,39,1,9991,0,1,0,1,37,19,5,3,3,1,0,0,1,1,0,3,0,0,1,1,2,3,0,0,1,1,2,3,0,1,1,2,2
1,1,1,171,1,1,1,1,29,38,9,8,1,1,0,0,1,1,0,1,0,0,0,0,0,0,0,0,0,0,0,0,0,0,2,1,2
1,1,2,9147,1,1,0,1,19,37,4,5,0,1,0,0,1,0,0,1,0,0,1,2,1,1,0,0,1,2,2,1,0,0,2,1,2
1,43,1,9238,1,1,1,1,38,19,9,4,1,0,0,1,1,0,0,3,0,3,3,3,3,1,0,3,3,3,3,1,0,3,0,1,2
1,1,1,9130,1,1,0,1,3,3,2,2,2,0,0,0,1,1,0,1,0,0,1,1,1,1,0,0,1,1,2,3,0,0,2,1,2
1,1,3,9500,1,1,3,1,19,37,7,7,2,1,0,0,1,0,0,0,0,0,3,2,3,2,0,0,3,2,3,2,0,0,0,0,2
1,43,3,171,1,1,0,1,37,37,9,9,3,1,0,0,1,0,1,1,0,0,0,0,0,0,0,0,0,0,0,0,0,0,2,1,2
1,43,1,8014,0,10,0,1,34,34,0,0,0,1,0,0,1,0,0,3,0,2,3,3,3,2,0,2,3,2,3,1,0,0,2,1,2
1,17,3,9670,1,1,2,1,1,38,4,7,3,0,0,0,1,1,0,0,0,0,2,2,2,3,0,0,2,1,2,3,0,1,1,3,2
2,39,1,9556,1,19,1,1,37,38,9,9,1,0,0,0,1,0,0,3,0,0,3,3,2,1,0,0,3,2,3,2,0,2,1,2,2
1,1,1,9070,1,1,1,41,37,19,9,8,1,1,0,0,1,0,1,0,1,0,2,1,2,3,0,0,2,1,2,3,0,1,1,3,2
1,17,1,9500,1,1,1,1,37,37,9,8,1,1,0,0,1,0,1,0,0,0,3,2,3,3,0,0,3,2,3,2,0,3,3,0,2
1,1,1,9147,1,1,0,1,38,19,5,7,1,0,0,0,1,1,0,0,0,0,1,1,1,1,0,0,1,1,2,2,0,2,1,2,2
1,17,1,9085,1,1,3,14,37,37,9,9,3,1,0,0,1,0,0,0,1,0,2,3,3,3,0,0,2,2,3,3,0,3,3,0,2
1,1,2,9773,1,1,2,1,1,19,7,7,2,1,0,0,1,0,1,0,0,0,2,1,2,3,0,0,2,1,2,3,0,2,0,2,2
1,1,1,9254,1,1,1,1,1,19,4,4,0,0,0,0,1,1,0,0,0,0,2,2,3,3,0,0,2,2,2,1,0,0,1,3,2
1,1,2,9070,1,1,3,101,2,1,9,1,3,1,0,0,1,1,0,2,1,0,2,1,1,3,0,0,2,1,2,3,0,3,0,1,2
1,43,1,9238,1,1,3,1,34,34,99,99,2,0,0,0,1,0,1,3,0,3,3,3,3,2,0,3,3,3,3,3,0,0,0,0,2
1,53,1,9003,1,42,1,1,1,19,9,7,2,0,0,1,1,0,1,2,0,3,3,3,3,2,0,3,3,3,3,2,0,0,1,3,2
1,51,1,9500,1,1,1,1,19,1,5,9,3,0,0,0,1,0,1,0,0,0,3,2,1,3,0,0,3,2,3,1,0,1,1,3,2
1,1,1,9085,1,1,1,1,37,37,9,6,2,1,0,0,1,0,1,0,0,0,2,3,2,3,0,0,2,2,2,3,0,3,3,0,2
1,1,1,9070,1,1,1,1,19,2,7,3,2,1,0,0,1,0,0,0,0,0,2,1,3,2,0,0,2,1,3,2,0,3,3,0,2
1,44,1,9003,1,39,3,1,1,19,4,10,3,0,0,0,1,1,1,2,0,0,1,2,2,2,0,0,1,3,2,2,0,3,3,0,2
1,1,2,9773,1,1,1,1,1,1,9,4,2,1,0,0,1,0,0,0,0,0,2,1,3,1,0,0,2,1,2,1,0,2,3,0,2
1,17,3,9500,1,1,3,1,3,3,9,7,2,1,0,0,1,1,0,0,0,0,3,2,3,2,0,0,3,2,3,3,0,2,0,2,2
1,1,1,8014,0,1,0,1,38,19,6,10,0,0,0,0,1,0,1,2,0,0,2,1,3,3,0,0,2,1,3,2,0,2,3,0,2
1,17,2,9147,1,1,3,1,38,37,6,6,3,0,0,0,1,0,0,0,0,0,1,3,2,1,0,0,1,2,2,1,0,2,0,2,2
1,18,1,171,1,1,0,1,1,1,4,3,0,1,0,0,1,0,0,2,0,3,3,3,3,1,0,3,3,3,3,1,0,2,1,2,2
1,16,6,9773,1,1,2,1,38,14,0,0,2,1,0,0,1,0,0,2,0,0,2,1,2,2,0,0,2,1,2,2,0,0,2,1,2
1,17,1,9085,1,1,0,1,19,37,9,9,1,1,0,0,1,0,1,2,0,0,2,1,3,3,0,0,2,2,3,3,0,0,1,3,2
1,1,1,9500,1,1,3,1,1,1,3,10,3,0,0,0,1,0,0,0,0,0,3,1,3,3,0,0,3,2,3,3,0,1,1,3,2
1,1,1,9085,1,1,2,1,12,1,1,90,3,0,0,0,1,0,0,2,0,0,1,1,2,3,0,0,1,1,2,3,0,0,2,1,2
1,1,2,9147,1,1,1,1,1,19,4,3,2,1,0,0,1,0,1,0,0,0,1,3,1,0,0,0,1,3,1,0,0,2,0,2,2
1,1,3,9670,1,1,0,1,1,1,5,5,0,0,0,0,1,0,0,1,0,0,1,1,1,2,0,0,1,1,2,2,0,0,2,1,2
1,17,1,9670,1,1,0,1,19,38,7,9,0,1,0,0,1,0,1,0,0,0,2,2,2,3,0,0,2,1,3,3,0,2,1,2,2
1,17,6,9773,1,1,2,1,1,1,4,2,3,1,0,0,1,0,0,0,0,0,3,2,3,2,0,0,3,3,3,3,0,0,2,1,2
1,17,1,9085,1,1,1,1,2,19,2,4,1,1,0,0,1,0,1,1,0,0,2,1,2,3,0,0,2,2,2,1,0,0,1,3,2
1,1,3,9773,1,1,3,22,37,37,9,9,3,0,0,1,0,0,1,1,1,0,2,1,3,2,0,0,2,2,2,1,0,1,1,2,2
1,17,4,9670,1,1,1,1,38,19,9,6,1,1,0,0,1,0,1,0,0,0,2,1,3,3,0,0,2,2,2,3,0,0,1,3,2
1,1,3,9773,1,1,0,1,19,19,3,3,0,0,0,0,1,0,1,0,0,0,1,1,2,2,0,0,2,1,2,1,0,2,1,2,2
1,1,2,9500,1,1,0,1,19,19,7,7,1,1,0,0,1,0,0,0,0,0,3,3,3,2,0,0,3,3,3,2,0,1,1,2,2
2,39,1,9254,1,1,0,1,1,19,9,9,3,0,0,0,1,1,0,3,0,2,3,3,3,3,0,3,3,2,3,3,0,1,1,2,2
2,1,1,8014,0,1,3,1,37,37,9,9,3,0,0,0,1,0,0,3,0,0,2,1,3,1,0,0,2,1,2,0,0,1,1,2,2
1,39,1,8014,0,19,1,1,37,37,9,7,0,0,0,0,1,0,1,3,0,0,2,2,3,2,0,0,3,2,3,2,0,2,3,0,2
1,1,1,9147,1,1,2,1,19,1,9,9,1,1,0,0,1,0,0,1,0,0,1,1,1,1,0,0,1,1,1,2,0,3,0,1,2
1,1,4,9085,1,1,2,1,3,1,1,4,1,1,0,0,1,0,1,0,0,0,2,1,2,3,0,0,2,3,2,2,0,2,1,2,2
1,1,1,171,1,1,2,1,19,37,7,7,3,1,0,0,1,1,0,0,0,0,0,0,0,0,0,0,0,0,0,0,0,0,0,0,2
1,1,6,9773,1,1,0,1,1,1,5,4,1,0,0,0,1,1,0,0,0,0,3,2,2,3,0,0,3,2,2,2,0,3,3,0,2
1,1,1,9238,1,1,0,1,34,34,0,0,2,0,0,0,1,0,0,0,0,0,1,2,2,1,0,0,1,1,2,1,0,0,2,1,2
1,39,1,8014,0,1,1,1,37,37,9,9,0,0,0,0,1,0,1,3,0,0,3,1,2,3,1,0,2,1,2,3,0,1,1,2,2
1,1,2,9500,1,1,3,1,19,38,9,9,2,1,0,0,1,0,0,0,0,0,3,2,3,2,0,0,3,2,3,2,0,2,3,0,2
1,1,1,9500,1,1,3,1,19,38,9,8,2,1,0,0,1,1,0,0,0,0,3,1,2,2,0,0,3,1,2,3,0,0,2,1,2
1,17,4,9670,1,1,0,1,1,37,7,7,0,1,0,0,0,0,0,0,0,0,2,1,3,2,0,0,2,2,2,3,0,0,1,3,2
1,17,4,9147,1,1,0,1,19,19,4,4,0,1,0,0,1,1,1,1,0,0,1,1,2,1,0,0,1,2,1,1,0,0,1,3,2
1,1,2,9500,1,1,3,1,3,1,4,3,3,0,0,0,1,0,0,0,0,0,3,2,3,3,0,0,3,2,3,3,0,1,1,3,2
1,51,1,9085,1,1,1,1,3,3,2,8,3,1,0,0,1,0,0,2,0,2,3,3,3,3,0,2,3,3,3,3,0,0,1,3,2
1,39,1,9500,1,1,0,1,37,37,7,7,3,1,0,0,1,0,1,2,0,0,3,3,2,2,0,0,3,3,2,2,0,1,1,2,2
1,7,1,9003,1,3,0,1,1,19,4,1,1,1,0,0,1,1,0,3,0,3,3,3,3,1,0,3,3,3,3,1,1,3,3,0,2
1,17,1,9500,1,1,1,1,1,19,4,3,1,1,0,0,1,0,0,0,0,0,3,3,2,2,0,0,3,3,3,1,0,3,3,0,2
1,1,6,9500,1,1,3,1,38,37,5,6,2,1,0,0,1,0,1,0,0,0,3,1,2,3,0,0,3,1,2,3,0,0,2,1,2
1,1,6,9147,1,1,0,1,1,37,4,9,0,1,0,1,1,0,0,2,0,0,1,1,2,3,0,0,1,1,2,2,0,0,2,1,2
2,39,1,8014,0,19,0,1,38,19,0,10,0,0,0,1,0,0,0,2,0,0,2,2,3,2,0,0,2,1,3,3,0,0,2,1,2
1,1,3,9254,1,1,0,1,19,37,4,7,0,1,0,0,1,0,0,2,0,0,1,2,2,1,0,0,1,2,1,2,0,1,1,3,2
1,43,1,9003,1,1,3,1,2,4,4,1,3,0,0,0,1,1,0,3,0,3,3,3,3,1,0,3,3,3,3,1,1,3,3,0,2
1,44,1,9003,1,39,2,1,37,37,9,6,3,1,0,0,1,1,1,1,0,0,2,3,2,2,0,0,2,1,2,2,0,2,1,2,2
1,17,6,9556,1,1,2,1,19,38,7,7,2,1,0,0,1,0,1,0,0,0,3,2,3,3,0,0,3,2,3,2,0,2,3,0,2
1,44,1,9070,1,39,2,1,19,38,4,0,3,1,0,0,1,1,0,2,0,0,2,1,2,3,0,0,2,2,2,1,0,2,1,2,2
1,39,1,9556,1,1,2,1,37,37,9,8,0,1,0,0,1,0,1,3,0,0,3,3,3,2,0,0,3,3,2,2,0,0,1,3,2
1,18,2,9853,1,1,0,1,38,38,191,171,0,1,0,0,1,0,0,0,0,0,3,1,3,2,0,0,3,2,3,2,0,0,1,3,2
1,17,1,9991,0,40,1,1,37,37,6,6,1,0,0,0,1,0,0,3,0,0,1,3,1,3,0,0,1,3,1,2,3,3,0,1,2
1,1,1,9238,1,1,0,1,1,19,4,4,2,1,0,1,1,0,0,1,0,0,2,1,2,1,0,0,2,1,2,1,0,0,0,0,2
1,1,2,9238,1,1,0,1,38,1,7,7,0,1,0,0,1,0,0,2,0,0,2,2,2,2,0,0,2,1,2,1,0,2,1,2,2
1,39,1,9500,1,19,1,1,19,37,9,4,1,0,0,0,1,0,1,2,0,0,3,2,3,2,0,0,3,2,3,3,0,0,0,0,2
1,1,1,9773,1,1,1,1,1,3,9,9,0,0,0,0,1,1,0,1,0,0,2,2,2,1,0,0,2,2,2,1,0,3,0,1,2
1,17,6,9500,1,1,3,1,1,19,4,4,2,0,0,0,1,0,1,1,0,2,3,1,3,3,0,2,3,2,3,3,0,1,1,3,2
1,39,1,9254,1,1,3,1,3,1,6,6,0,1,0,0,1,0,0,2,0,0,2,2,2,2,0,0,2,1,2,1,0,0,0,0,2
1,1,1,9147,1,1,2,1,37,37,9,6,3,1,0,0,1,0,0,0,0,0,1,1,2,2,0,0,1,1,2,3,0,0,2,1,2
1,1,2,9773,1,1,1,1,19,38,3,9,2,1,0,0,1,0,0,0,0,0,2,2,1,2,0,0,2,1,2,2,0,2,3,0,2
1,1,1,9670,1,1,2,1,38,37,9,9,1,0,0,0,1,1,1,0,0,0,2,1,2,3,0,0,2,1,2,3,0,2,1,2,2
1,39,1,9003,1,1,0,1,37,37,9,9,3,1,0,0,1,1,0,3,0,0,2,2,2,3,0,0,2,3,2,1,0,2,0,2,2
1,1,3,9238,1,1,0,1,19,1,9,10,1,1,0,0,1,0,0,1,0,0,1,3,1,0,0,0,1,2,2,1,0,0,0,0,2
1,1,1,9500,1,1,1,1,19,1,9,5,1,0,0,0,1,0,1,0,0,0,3,1,3,3,0,0,3,2,3,3,0,1,1,3,2
1,17,5,9070,1,1,1,1,37,37,9,9,1,1,0,0,0,0,0,0,0,0,2,2,1,1,1,0,2,1,2,1,0,0,2,1,2
1,1,1,9147,1,1,3,1,3,19,3,3,3,0,0,1,1,1,0,0,0,0,1,1,1,3,0,0,1,3,1,2,3,3,0,1,2
1,1,2,9085,1,1,0,1,1,1,193,101,2,0,0,0,1,0,0,0,0,0,2,2,3,3,0,0,3,3,1,2,0,2,1,2,2
1,1,1,9238,1,1,3,1,38,37,9,7,3,1,0,0,1,0,1,0,0,0,2,1,2,2,0,0,2,1,2,1,0,1,1,2,2
1,1,2,9238,1,1,0,1,19,19,191,171,1,1,0,1,1,0,0,1,0,0,2,1,2,2,0,0,2,1,2,1,0,0,1,3,2
1,53,1,9085,1,42,3,1,1,19,4,6,3,1,0,0,1,0,0,3,0,3,3,3,3,3,0,2,3,3,3,3,0,0,1,3,2
1,17,1,9238,1,1,1,1,37,38,9,5,1,0,0,0,1,0,1,0,0,0,2,3,2,1,0,0,2,3,2,1,0,3,3,0,2
1,1,1,9500,1,1,1,1,1,19,4,7,1,1,0,0,1,1,0,0,0,0,3,1,3,2,0,0,3,3,3,1,0,2,1,2,2
1,51,1,9500,1,1,1,1,37,38,3,3,3,1,0,0,1,0,1,1,0,1,3,2,3,3,0,0,3,3,3,3,0,1,1,3,2
1,1,1,9773,1,1,3,1,19,1,9,9,3,0,0,0,1,1,1,0,0,0,2,1,2,3,0,0,2,1,2,3,0,2,0,2,2
1,1,1,171,1,1,2,1,1,1,4,3,3,0,0,0,1,1,0,0,0,0,0,0,0,0,0,0,0,0,0,0,0,0,2,1,2
1,17,1,9238,1,1,3,1,3,1,2,3,2,0,0,0,1,0,0,0,0,0,1,2,1,0,0,0,1,3,1,0,0,3,3,0,2
1,1,5,9500,1,1,1,1,37,37,7,7,1,1,0,0,1,0,1,0,0,0,3,1,3,3,0,0,3,2,3,3,0,2,1,2,2
1,1,1,171,1,1,3,1,19,37,9,9,3,1,0,0,1,1,1,1,0,0,0,0,0,0,0,0,0,0,0,0,0,1,1,2,2
1,5,1,9130,1,1,3,1,5,43,2,2,3,1,0,0,1,0,0,0,0,0,2,1,3,3,0,0,3,1,3,3,0,0,1,3,2
1,17,4,9773,1,1,2,1,1,1,3,3,1,1,0,0,1,0,1,0,0,0,2,1,2,2,0,0,2,1,2,3,0,3,0,1,2
5,17,5,9500,1,1,3,1,37,38,5,8,2,1,0,0,1,0,1,0,0,0,3,2,3,1,0,0,3,2,3,1,0,2,3,0,2
1,1,5,9500,1,1,0,1,37,3,9,2,0,1,0,0,1,0,0,1,0,0,3,2,3,2,0,0,3,2,3,3,0,2,0,2,2
1,1,1,9147,1,1,2,1,3,19,2,10,2,0,0,0,1,0,0,0,0,0,1,3,1,2,0,0,1,2,1,3,0,2,0,2,2
1,1,2,9500,1,1,2,1,19,19,4,7,2,1,0,0,1,1,0,0,0,0,3,2,3,3,0,0,3,3,3,3,0,3,3,0,2
1,1,1,9500,1,1,3,1,19,1,9,5,3,0,0,0,1,0,1,0,0,0,3,1,3,3,0,0,3,2,3,3,0,2,0,2,2
1,1,2,9500,1,1,2,1,38,38,9,7,3,1,0,0,1,0,0,0,0,0,3,2,3,2,0,0,3,1,3,2,0,0,2,1,2
1,1,1,9238,1,1,1,41,19,19,9,9,1,1,0,1,1,0,1,0,1,0,2,2,3,2,0,0,2,2,3,2,0,0,1,3,2
1,17,3,9070,1,1,3,1,1,38,3,5,3,1,0,0,1,0,1,0,0,0,2,1,2,2,0,0,2,1,2,1,0,3,0,1,2
1,15,1,9853,1,1,1,41,43,1,153,135,2,0,0,0,1,0,0,2,1,3,3,3,3,3,0,3,3,3,3,3,0,0,1,3,2
1,17,1,9238,1,1,3,1,19,1,5,0,3,1,0,0,1,0,0,0,0,0,1,2,2,3,0,0,1,1,2,3,0,3,0,1,2
1,1,1,9500,1,1,2,1,1,1,4,4,1,0,0,0,1,0,0,0,0,0,3,3,2,1,0,0,3,2,3,3,0,2,0,2,2
2,43,1,9238,1,12,0,1,37,37,9,9,2,0,0,0,1,0,0,3,0,3,3,3,3,1,2,3,3,3,3,2,0,0,2,1,2
1,1,1,9238,1,1,3,1,19,37,5,4,3,1,0,0,1,0,1,0,0,0,3,1,3,3,0,0,3,1,3,3,0,0,0,0,2
1,1,1,9773,1,1,3,1,38,37,9,5,3,1,0,0,1,0,1,2,0,0,2,1,2,3,0,0,2,1,2,2,0,1,1,2,2
1,44,1,9991,0,39,0,1,37,37,7,7,1,1,0,0,1,0,1,2,0,1,3,2,2,1,0,2,3,2,3,2,0,0,0,0,2
1,1,1,9670,1,1,2,1,19,37,5,7,1,0,0,0,1,1,0,2,0,0,1,1,1,1,0,0,1,1,1,1,0,0,0,0,2
1,53,1,9147,1,42,1,1,1,19,143,172,2,1,0,0,1,0,0,2,0,2,3,3,3,1,0,2,3,3,3,2,0,0,1,3,2
1,1,1,9500,1,1,2,1,1,38,4,9,2,1,0,0,1,0,1,0,0,0,3,2,3,3,0,0,3,2,3,3,0,1,1,2,2
1,1,1,171,1,1,3,1,5,3,3,3,3,0,0,0,1,0,0,0,0,0,0,0,0,0,0,0,0,0,0,0,0,2,0,2,2
1,1,3,9085,1,1,3,1,11,11,90,90,3,0,0,0,1,0,0,0,0,0,1,1,1,3,0,0,1,1,1,2,0,0,2,1,2
1,1,1,9773,1,1,1,1,1,3,3,3,3,1,0,0,1,0,0,0,0,0,2,1,2,3,0,0,2,1,2,2,0,1,1,3,2
1,1,1,9238,1,1,3,1,1,38,4,5,3,0,0,0,1,0,0,1,0,0,1,2,2,3,0,0,1,1,2,3,0,3,0,1,2
1,17,1,9670,1,1,0,1,38,37,7,5,2,0,0,0,1,1,1,0,0,0,2,1,2,1,0,0,2,1,2,2,1,3,0,1,2
1,5,2,9238,1,1,0,1,40,38,2,9,1,1,0,0,1,0,0,0,0,0,2,1,3,3,0,0,2,1,3,2,0,0,1,3,2
1,1,3,9500,1,1,2,1,19,19,5,4,2,1,0,0,1,0,1,1,0,0,3,2,3,2,0,0,3,2,3,3,0,0,0,0,2
1,1,1,9085,1,1,2,1,3,1,2,4,1,0,0,0,1,0,0,0,0,0,1,3,2,3,3,0,1,1,2,3,0,0,0,0,2
1,1,3,171,1,1,2,1,19,19,5,3,2,1,0,0,1,1,1,0,0,0,0,0,0,0,0,0,0,0,0,0,0,1,1,2,2
1,44,1,8014,0,39,2,1,1,3,4,6,3,0,0,1,1,0,0,1,0,2,2,1,3,3,0,1,2,1,2,3,0,2,1,2,2
1,43,1,8014,0,1,3,22,37,37,9,9,3,1,0,0,1,0,0,2,1,3,3,3,3,2,0,3,3,3,3,2,0,2,0,2,2
1,17,1,9670,1,1,0,1,38,38,5,7,0,1,0,0,1,0,0,0,0,0,2,1,2,3,0,0,2,1,2,2,0,2,1,2,2
1,1,2,9773,1,1,0,1,3,3,3,4,0,1,0,0,1,0,0,2,0,0,2,2,2,2,0,0,2,1,2,1,0,1,1,3,2
1,17,2,9773,1,1,1,1,19,19,9,6,1,1,0,0,1,0,1,0,0,0,2,1,3,3,0,0,2,1,3,3,0,0,1,3,2
1,51,1,9238,1,1,0,1,3,19,3,10,0,1,0,0,1,0,0,1,0,2,3,3,3,1,0,2,3,3,3,1,0,2,1,2,2
1,1,1,9670,1,1,0,1,37,37,5,5,1,0,0,0,1,0,0,0,0,0,1,1,2,3,0,0,1,1,2,2,0,2,1,2,2
1,17,1,9070,1,1,1,1,38,19,5,5,2,0,0,0,1,0,1,2,0,0,2,1,3,1,0,0,2,1,3,2,0,0,0,0,2
1,44,1,9238,1,39,1,1,38,38,5,10,2,0,0,1,1,0,0,2,0,1,1,1,2,1,0,1,1,1,2,1,0,2,0,2,2
1,1,3,9070,1,1,3,1,38,37,5,5,3,1,0,0,1,0,0,0,0,0,2,1,3,3,0,0,2,1,3,3,0,3,0,1,2
1,17,4,9773,1,1,2,1,37,19,5,7,2,1,0,0,0,0,0,0,0,0,2,1,3,2,0,0,2,1,3,1,0,1,1,2,2
1,39,1,9238,1,12,0,1,37,37,9,9,1,0,0,0,1,1,0,3,0,1,3,2,3,2,0,2,3,1,3,3,0,1,1,2,2
1,43,1,9085,1,1,1,1,19,38,7,7,1,1,0,0,1,0,0,1,0,0,1,3,1,1,0,0,1,3,2,3,2,1,1,2,2
2,39,1,9773,1,38,0,1,37,37,9,7,3,1,0,0,1,1,0,3,0,0,2,1,2,3,0,0,2,1,2,3,0,0,0,0,2
4,43,1,9991,0,1,2,1,37,37,5,5,3,0,0,0,1,1,0,3,0,0,1,1,2,3,0,0,1,1,2,3,0,2,3,0,2
1,18,1,9773,1,1,0,1,1,1,4,7,1,1,0,0,1,1,0,0,0,0,2,1,2,3,0,0,2,1,2,3,0,0,1,3,2
1,39,1,9003,1,1,3,1,37,19,6,4,3,0,0,0,1,1,0,3,0,1,2,1,2,2,0,1,2,3,2,3,0,3,3,0,2
5,7,1,9147,1,40,0,1,37,37,9,9,0,0,0,0,1,0,0,2,0,3,3,3,3,0,0,3,3,3,3,1,0,3,3,0,2
1,1,4,9670,1,1,0,1,4,19,2,5,1,1,0,0,1,0,0,0,0,0,2,1,2,3,0,0,2,2,2,3,2,3,0,1,2
2,1,1,9500,1,1,3,1,19,38,4,5,2,0,0,0,1,0,0,0,0,0,3,1,2,3,0,0,3,1,2,3,0,0,2,1,2
1,44,1,9085,1,1,2,1,4,4,2,6,3,0,0,0,1,0,0,2,0,1,2,2,2,2,0,1,2,2,1,1,0,2,0,2,2
1,1,4,9500,1,1,2,1,1,1,9,9,1,1,0,0,1,0,1,0,0,0,3,2,3,2,0,0,3,2,3,2,0,2,3,0,2
1,44,1,9003,1,39,0,1,19,38,6,6,1,1,0,0,1,1,0,0,0,0,2,2,2,1,0,0,2,3,2,3,0,2,1,2,2
1,1,2,9670,1,1,3,1,2,1,4,4,3,1,0,0,1,0,0,0,0,0,2,1,2,2,0,0,2,1,2,2,0,2,3,0,2
1,39,1,8014,0,1,1,1,37,37,9,9,0,0,0,0,1,0,1,3,0,0,2,2,2,0,0,0,2,1,2,1,0,1,1,2,2
1,1,4,9500,1,1,2,1,1,19,9,7,1,1,0,0,1,0,1,0,0,0,3,2,3,1,0,0,3,3,3,1,0,2,1,2,2
1,1,1,171,1,1,0,1,1,1,9,9,2,1,0,0,1,1,0,2,0,3,3,3,3,1,0,3,3,3,3,1,0,2,1,2,2
1,1,2,9500,1,1,2,1,1,1,4,10,2,1,0,0,1,0,0,0,0,0,3,2,3,2,0,0,3,2,3,2,0,1,1,2,2
1,1,1,9853,1,1,3,1,19,19,9,5,3,0,0,1,1,0,1,0,0,0,2,1,2,2,0,0,2,1,2,2,0,2,3,0,2
1,1,3,9085,1,1,3,1,1,19,9,9,3,1,0,0,1,0,1,0,0,0,2,2,3,3,0,0,2,2,3,3,0,0,1,3,2
1,1,3,9500,1,1,3,1,19,19,9,9,1,1,0,0,1,0,0,0,0,0,3,2,3,3,0,0,3,2,3,3,0,2,3,0,2
1,17,5,9085,1,1,0,1,1,38,4,7,1,1,0,0,1,0,1,1,0,0,2,2,3,3,0,0,2,1,3,3,0,2,0,2,2
1,18,2,9670,1,1,0,1,37,38,4,1,0,1,0,0,1,1,0,0,0,0,2,1,3,3,0,0,2,1,3,3,0,2,0,2,2
1,17,1,9147,1,1,2,1,1,1,4,4,1,0,0,0,1,0,0,0,0,0,1,2,1,2,0,0,1,1,1,1,0,0,1,3,2
1,1,3,9500,1,1,2,1,37,38,9,9,1,1,0,0,1,0,1,0,0,0,3,2,3,1,0,0,3,2,3,1,0,1,1,2,2
1,1,1,9085,1,1,2,1,1,38,9,9,2,1,0,0,1,0,0,0,0,0,1,1,2,3,1,0,1,1,2,3,0,2,3,0,2
1,43,1,9556,1,1,1,1,1,37,5,5,2,1,0,0,1,1,0,1,0,0,3,2,3,3,0,0,3,2,3,3,0,3,3,0,2
1,53,1,9003,1,42,2,1,3,38,141,151,3,0,0,0,1,1,0,2,0,3,3,3,3,1,0,2,3,3,3,1,0,0,1,3,2
1,17,4,9500,1,1,1,1,4,4,4,4,2,1,0,0,1,0,0,0,0,0,3,1,3,3,0,0,3,2,3,3,0,2,1,2,2
4,43,1,8014,0,1,2,1,38,37,9,9,1,0,0,0,1,0,1,3,0,2,3,2,3,2,0,2,3,3,3,1,0,2,3,0,2
1,1,1,9238,1,1,1,1,37,37,9,5,3,0,0,0,1,0,0,0,0,0,2,3,1,2,0,0,2,1,2,2,0,0,0,0,2
1,1,2,9670,1,1,0,1,3,19,4,5,0,1,0,0,1,0,0,0,0,0,2,2,2,2,0,0,2,2,2,3,0,2,0,2,2
1,43,2,9147,1,1,1,1,34,37,9,9,1,1,0,0,1,1,0,2,0,2,3,3,3,1,1,2,3,3,3,1,3,0,2,1,2
1,44,1,9238,1,39,3,1,1,37,4,8,3,1,0,0,1,0,1,1,0,2,2,1,2,2,0,1,2,1,2,3,0,2,0,2,2
1,1,1,9670,1,1,0,1,1,37,1,10,0,1,0,0,1,0,0,0,0,0,2,1,2,2,0,0,2,3,2,1,0,0,1,3,2
4,39,1,9991,0,1,1,1,37,37,6,6,3,0,0,0,1,0,0,3,0,0,1,1,1,0,0,0,1,2,1,1,0,1,1,2,2
1,17,1,9500,1,1,3,1,37,37,9,9,2,0,0,0,1,0,1,0,0,0,3,2,3,3,0,0,3,2,3,3,0,2,3,0,2
1,1,3,9773,1,1,1,1,38,38,5,5,2,1,0,0,1,0,1,0,0,0,2,1,2,1,0,0,2,1,2,3,0,0,1,3,2
4,39,1,8014,0,1,3,1,37,37,3,4,0,0,0,0,1,0,1,3,0,0,2,2,2,1,0,0,2,1,2,1,0,3,3,0,2
1,1,1,9500,1,1,3,1,38,38,9,9,3,1,0,0,1,0,0,0,0,0,3,1,3,3,0,0,3,1,3,3,0,0,2,1,2
1,17,1,9238,1,1,1,1,1,38,9,7,0,0,0,0,1,0,0,0,0,0,2,3,3,3,0,0,2,1,3,3,0,3,0,1,2
1,18,4,9773,1,1,0,1,1,1,9,9,0,1,0,0,1,0,1,2,0,0,2,1,2,2,0,0,2,1,2,1,0,1,1,3,2
1,18,1,9500,1,1,2,1,1,38,4,5,2,1,0,0,1,0,1,0,0,0,3,2,2,3,0,0,3,2,3,3,0,3,0,1,2
1,7,1,9500,1,40,3,1,1,1,9,4,3,0,0,0,1,0,0,2,0,2,3,1,3,3,0,2,3,2,3,3,0,3,0,1,2
1,1,1,9773,1,1,2,1,1,38,4,5,1,0,0,0,1,1,0,0,0,0,2,1,2,1,0,0,2,1,2,2,0,2,3,0,2
2,39,1,8014,0,1,0,1,37,38,9,9,3,0,0,0,1,0,0,3,0,0,1,2,1,2,0,0,1,1,2,2,0,2,0,2,2
1,39,1,9991,0,1,0,1,37,37,9,9,0,0,0,0,1,0,0,3,0,0,1,2,1,0,0,0,1,1,2,1,0,0,2,1,2
1,1,4,9500,1,1,3,1,37,37,7,7,2,1,0,0,1,1,1,0,0,0,3,2,3,3,0,0,3,2,3,3,0,2,3,0,2
1,39,1,9500,1,1,0,1,19,1,1,1,3,0,0,0,1,0,0,2,0,0,3,2,3,1,0,0,3,2,3,1,0,1,1,2,2
1,17,2,9556,1,1,1,1,37,37,3,10,0,0,0,0,1,0,0,1,0,0,3,2,3,2,0,0,3,2,3,3,0,3,3,0,2
1,17,1,9085,1,1,1,1,38,38,191,174,1,1,0,0,1,0,0,1,0,0,2,3,3,3,0,0,2,3,2,3,0,3,3,0,2
1,1,1,8014,0,1,1,1,1,1,9,9,1,0,0,0,1,1,0,1,0,0,1,1,2,1,0,0,1,2,2,1,0,0,2,1,2
1,44,1,9003,1,39,2,1,1,38,9,1,3,1,0,0,1,1,0,2,0,0,1,3,1,2,0,0,1,3,2,1,0,2,1,2,2
2,43,1,9670,1,1,0,1,34,34,0,0,2,0,0,0,1,1,0,3,0,2,3,3,3,1,0,2,3,2,1,1,0,0,2,1,2
1,43,2,9556,1,1,0,1,1,19,4,3,0,0,0,0,1,0,0,3,0,0,3,2,3,1,0,1,3,3,3,2,0,1,1,2,2
1,51,1,9238,1,1,3,1,3,19,2,1,0,0,0,1,1,0,0,3,0,0,1,1,2,3,0,0,1,1,2,3,0,1,1,3,2
1,1,2,9238,1,1,1,1,19,19,9,9,0,1,0,0,1,0,1,1,0,0,2,1,2,2,0,0,2,1,2,2,0,2,1,2,2
1,39,1,9070,1,1,1,1,1,19,4,4,0,1,0,0,1,0,0,2,0,0,2,1,2,3,0,0,2,1,1,3,0,3,3,0,2
1,43,2,9500,1,6,0,1,1,19,4,10,1,0,0,0,1,1,0,2,0,0,3,2,3,2,0,0,3,2,3,2,0,0,2,1,2
1,1,6,9147,1,1,1,1,1,19,1,6,1,1,0,0,1,1,0,0,0,0,1,1,2,2,0,0,1,2,1,2,0,0,1,3,2
1,43,2,9500,1,1,2,1,38,38,9,5,2,0,0,0,1,0,0,2,0,3,3,3,3,2,2,3,3,3,3,2,2,0,2,1,2
1,1,1,9500,1,1,3,1,38,37,9,9,3,0,0,0,1,1,1,0,0,0,3,2,3,3,0,0,3,2,3,3,0,0,0,0,2
1,39,1,9773,1,19,0,1,37,37,0,0,2,1,0,0,1,1,0,3,0,0,2,1,2,2,0,0,2,1,2,3,0,0,2,1,2
1,1,3,9500,1,1,3,1,37,38,9,5,2,1,0,0,1,0,0,0,0,0,3,1,2,3,0,0,3,1,2,3,0,0,2,1,2
1,17,2,9773,1,1,1,1,3,1,4,5,0,1,0,0,1,0,0,0,0,0,2,1,2,2,0,0,2,1,2,2,0,3,0,1,2
1,17,1,9500,1,1,3,1,38,1,5,4,3,0,0,0,1,0,1,0,0,0,3,1,3,3,0,0,3,2,3,3,0,2,1,2,2
2,1,4,9853,1,1,2,1,37,37,5,7,1,0,1,0,1,0,1,0,0,0,1,1,2,2,0,0,1,1,2,3,0,1,1,2,2
2,39,1,8014,0,1,2,1,37,37,9,9,1,0,0,0,1,0,0,3,0,0,2,2,2,2,0,0,2,1,2,1,0,1,1,2,2
4,7,1,9500,1,3,2,1,37,38,9,7,3,0,0,0,1,1,0,3,0,2,3,1,3,3,0,3,3,2,3,3,0,2,0,2,2
1,1,5,9238,1,1,1,1,38,1,9,5,1,1,0,0,1,0,1,0,0,0,2,2,3,0,0,0,2,3,1,1,0,0,0,0,2
1,1,5,9773,1,1,0,1,19,38,3,5,0,1,0,0,1,0,0,1,0,0,2,2,3,3,0,0,2,1,3,2,0,1,1,3,2
1,1,3,9500,1,1,2,1,38,19,8,8,2,1,0,1,1,0,1,0,0,0,3,2,3,2,0,0,3,2,3,2,0,3,3,0,2
1,1,1,9773,1,1,0,1,1,3,3,7,0,1,0,0,1,1,1,0,0,0,2,1,2,1,0,0,2,3,1,0,0,2,1,2,2
1,1,1,9238,1,1,3,1,19,1,9,9,3,1,0,0,1,0,0,1,0,0,3,2,3,3,0,0,3,1,3,2,0,1,1,2,2
3,39,1,9991,0,1,0,1,37,1,9,2,3,0,0,0,1,1,0,3,0,0,1,1,1,1,0,0,1,1,1,3,0,0,0,0,2
1,39,1,8014,0,2,1,1,37,37,5,7,3,0,0,0,1,0,0,3,0,3,3,3,3,3,0,3,3,2,3,3,0,2,3,0,2
1,1,1,9238,1,1,0,1,19,19,9,9,1,1,0,0,1,0,1,0,0,0,2,2,2,0,0,0,2,1,2,1,0,2,1,2,2
1,17,2,9500,1,1,3,1,37,1,9,4,2,1,0,0,1,0,1,0,0,0,3,2,3,3,0,0,3,2,3,3,0,0,2,1,2
1,1,2,9500,1,1,2,1,19,19,7,7,1,1,0,0,1,0,1,0,0,0,3,2,3,3,0,0,3,2,3,3,0,1,1,2,2
1,1,1,171,1,3,0,1,3,3,2,2,2,0,0,0,1,0,0,2,0,3,3,3,3,0,0,3,3,3,3,1,0,1,1,3,2
1,17,2,8014,0,1,2,1,1,19,4,99,1,1,0,0,1,1,0,2,0,0,2,1,2,2,0,0,2,1,2,1,0,0,2,1,2
1,43,1,8014,0,1,3,1,19,37,4,10,0,0,0,0,1,1,0,3,0,3,3,3,3,1,0,3,3,3,3,1,0,2,3,0,2
1,1,1,9070,1,1,0,1,1,12,5,8,0,1,0,0,1,1,0,0,0,0,2,1,2,1,0,0,2,2,2,2,0,0,1,3,2
1,39,1,9003,1,3,1,1,3,3,1,2,3,0,0,0,1,0,0,3,0,0,1,3,2,3,0,0,1,3,2,2,0,3,0,1,2
1,39,1,8014,0,15,3,1,34,1,90,2,0,0,0,0,1,0,0,3,0,0,1,2,1,1,0,0,1,3,1,1,0,0,2,1,2
1,1,3,9085,1,1,2,1,10,19,90,90,3,1,0,0,1,0,0,0,0,0,1,1,2,2,0,0,1,2,1,3,0,0,2,1,2
1,1,1,9238,1,1,3,1,1,37,5,7,2,0,0,0,1,0,1,0,0,0,2,2,2,1,0,0,2,2,2,1,0,3,0,1,2
2,39,1,9130,1,19,1,1,37,38,9,9,1,0,0,0,1,1,0,3,0,0,1,2,1,1,2,0,1,2,1,1,0,0,0,0,2
1,17,6,9500,1,1,1,1,19,37,3,9,1,1,0,0,1,0,1,0,0,0,3,1,3,2,0,0,3,2,3,3,0,3,0,1,2
1,1,1,8014,0,1,1,1,3,1,1,7,0,0,0,0,1,0,0,3,0,1,3,3,3,2,0,2,3,2,3,2,0,3,0,1,2
1,1,4,9500,1,1,2,1,38,1,5,6,2,1,0,0,1,0,0,0,0,0,3,2,3,3,0,0,3,2,3,3,0,3,3,0,2
1,39,1,9670,1,1,1,1,19,19,3,9,1,0,0,0,1,1,0,3,0,0,1,1,2,3,0,0,1,1,2,3,0,0,1,3,2
1,17,1,9254,1,1,1,1,3,19,4,4,0,0,0,0,1,1,0,2,0,0,1,1,1,0,0,0,1,1,1,2,0,3,3,0,2
1,18,6,9500,1,1,0,1,37,37,9,7,0,0,0,0,1,0,1,1,0,0,3,2,3,2,1,0,3,2,3,2,1,1,1,2,2
1,51,1,9254,1,1,0,1,38,38,9,9,1,0,0,0,1,0,0,3,0,0,2,2,2,2,0,0,2,2,2,2,0,0,1,3,2
2,39,1,9500,1,19,1,1,37,37,9,9,2,1,0,0,1,0,0,3,0,0,3,1,2,1,0,0,3,1,2,1,0,0,2,1,2
1,17,5,9500,1,1,3,1,12,1,5,5,2,1,0,0,1,0,0,0,0,0,3,2,3,2,0,0,3,2,3,2,0,2,0,2,2
2,1,1,9500,1,1,3,1,37,38,9,7,2,0,0,1,1,0,1,0,0,0,3,1,2,3,0,0,3,1,2,3,0,0,2,1,2
1,1,1,9500,1,1,3,1,1,1,5,1,3,0,0,0,1,0,0,0,0,0,3,1,3,3,0,0,3,2,3,3,0,3,0,1,2
2,39,1,9991,0,1,0,1,38,38,1,4,3,0,0,0,1,1,0,3,0,0,1,1,2,3,0,0,1,1,2,3,0,1,1,2,2
1,1,1,9500,1,1,3,1,37,37,9,9,3,1,0,0,1,0,0,0,0,0,3,1,2,3,0,0,3,1,2,3,0,0,2,1,2
1,1,5,9500,1,1,2,1,38,38,4,8,2,1,0,0,1,0,0,0,0,0,3,2,3,3,0,0,3,2,3,3,0,0,0,0,2
1,16,1,9085,1,1,2,1,37,37,9,9,1,1,0,0,1,0,1,1,0,0,2,1,3,3,0,0,2,1,3,3,0,2,0,2,2
1,15,1,9670,1,1,1,26,42,1,2,7,2,0,1,1,1,0,0,1,1,0,2,1,2,3,0,0,2,2,2,2,0,0,1,3,2
1,1,1,9773,1,1,2,1,1,1,5,5,2,1,0,0,1,1,0,0,0,0,2,1,2,3,0,0,2,1,2,3,0,2,3,0,2
1,17,2,9238,1,1,1,1,37,37,3,9,1,0,1,0,1,0,1,0,0,0,1,2,2,1,0,0,1,2,2,1,0,3,3,0,2
1,1,2,9500,1,1,0,1,1,37,4,9,0,1,0,0,1,0,1,0,0,0,3,2,2,3,0,0,3,2,3,3,0,2,1,2,2
1,1,1,9773,1,1,2,1,1,19,4,8,1,1,0,0,1,0,0,0,0,0,1,1,1,3,0,0,1,1,2,3,0,3,3,0,2
1,18,1,8014,0,1,2,1,1,1,4,3,1,0,0,1,1,0,0,1,0,0,2,3,1,0,0,0,2,3,1,1,0,3,0,1,2
1,17,1,9670,1,1,1,1,1,19,141,114,3,1,0,0,1,0,0,2,0,0,2,1,3,3,0,0,2,1,3,3,0,2,0,2,2
1,42,1,9085,1,39,2,1,19,3,9,1,3,1,0,0,1,0,0,2,0,1,2,3,1,3,0,1,2,3,2,2,0,3,0,1,2
1,17,6,9254,1,1,0,1,1,1,4,3,1,1,0,0,1,1,0,0,0,0,2,1,2,3,0,0,2,1,2,3,0,1,1,3,2
1,17,4,9238,1,1,1,1,19,19,4,7,1,1,0,0,1,0,0,0,0,0,2,1,3,1,0,0,2,1,3,2,0,1,1,3,2
1,17,2,9773,1,1,3,1,19,19,9,9,3,0,0,0,1,0,1,0,0,0,2,1,2,3,0,0,2,1,2,2,0,2,0,2,2
1,39,1,9003,1,1,1,1,38,37,9,4,1,0,0,0,1,1,0,3,0,0,2,3,3,1,0,0,2,3,2,1,0,2,0,2,2
1,1,1,9085,1,1,1,1,1,38,4,7,1,0,0,0,1,0,0,0,0,0,1,1,1,2,0,0,1,1,1,3,0,0,2,1,2
1,1,1,9238,1,1,1,1,38,38,7,8,2,1,0,0,1,0,0,0,0,0,2,3,1,2,0,0,2,1,2,1,0,0,2,1,2
1,16,1,9070,1,1,0,1,1,1,4,4,1,1,0,0,1,0,0,0,0,0,2,1,2,3,0,0,2,1,2,2,0,2,1,2,2
2,39,1,9130,1,19,1,1,2,1,2,9,3,1,0,0,1,1,0,3,0,1,1,3,1,3,3,1,1,2,1,3,2,1,1,2,2
1,1,3,9500,1,1,1,1,38,38,5,5,1,1,0,0,1,0,1,0,0,0,3,2,2,1,0,0,3,2,3,3,0,2,0,2,2
1,1,1,9500,1,1,2,1,2,1,2,8,2,0,0,0,1,0,1,0,0,0,3,1,3,2,0,0,3,2,3,2,0,1,1,3,2
1,39,1,9085,1,1,3,1,38,38,9,9,2,1,0,0,1,0,0,2,0,0,1,1,2,1,0,0,1,1,2,2,0,1,1,2,2
1,1,1,9500,1,1,1,1,37,38,9,9,2,1,0,0,1,1,1,0,0,0,3,1,3,3,0,0,3,2,3,3,0,3,0,1,2
1,1,1,9670,1,1,3,1,19,38,9,7,3,1,0,0,1,0,1,1,0,0,2,2,3,3,0,0,2,1,3,3,0,1,1,3,2
1,44,1,9130,1,39,3,1,2,1,3,6,3,1,0,0,1,1,0,2,0,3,3,3,3,2,1,3,3,3,3,3,0,3,0,1,2
2,39,1,9147,1,1,0,1,37,37,9,5,3,0,0,0,1,1,0,3,0,0,1,1,2,3,0,0,1,1,2,3,0,3,3,0,2
1,1,4,9500,1,1,3,1,19,19,9,3,1,1,0,0,1,0,0,0,0,0,3,2,3,3,0,0,3,1,3,3,0,0,2,1,2
1,1,1,9670,1,1,1,1,38,38,9,9,2,0,0,0,1,0,1,0,0,0,1,1,1,2,0,0,1,1,1,3,0,0,0,0,2
1,1,2,9556,1,1,1,1,1,38,3,8,1,1,0,0,1,0,1,2,0,0,3,2,3,1,0,0,3,2,3,3,0,3,3,0,2
1,1,3,9147,1,1,1,1,37,37,9,5,1,1,0,0,1,1,0,0,0,0,1,2,2,2,0,0,1,1,2,1,0,2,0,2,2
1,44,1,9003,1,39,3,1,19,19,5,5,3,1,0,0,1,1,0,1,0,0,2,2,2,3,0,0,2,3,2,3,0,3,0,1,2
2,39,1,9003,1,1,0,1,37,37,9,9,3,0,0,0,1,1,0,3,0,0,2,2,2,3,0,0,2,1,2,3,0,2,0,2,2
1,1,4,9070,1,1,3,1,3,3,2,2,3,1,0,0,1,1,0,0,0,0,2,2,3,3,0,0,2,1,3,3,0,0,0,0,2
1,1,1,9147,1,1,1,1,38,38,7,7,3,0,0,0,1,0,1,0,0,0,1,1,1,2,0,0,1,2,1,2,0,0,0,0,2
1,1,1,9500,1,1,2,1,19,19,3,6,1,1,0,0,1,0,1,0,0,0,3,1,3,3,0,0,3,3,3,3,0,3,0,1,2
1,1,1,9500,1,1,1,1,1,1,9,9,1,0,0,0,1,1,0,1,0,0,3,2,3,3,0,0,3,2,3,3,0,2,3,0,2
1,15,1,9238,1,1,3,26,3,37,2,8,2,1,0,0,0,0,0,1,1,0,1,2,1,2,0,0,1,1,2,3,0,2,0,2,2
2,39,1,8014,0,1,1,1,19,1,4,8,3,0,0,0,1,1,0,3,0,2,3,3,3,2,0,2,3,1,3,1,0,1,1,2,2
1,17,1,9238,1,1,1,1,37,37,9,7,1,0,0,0,1,0,1,0,0,0,2,2,2,3,0,0,2,1,2,1,0,3,0,1,2
1,1,4,9773,1,1,1,1,1,19,9,9,1,1,0,0,1,1,0,0,0,0,3,2,3,2,0,0,3,3,2,2,0,3,0,1,2
1,17,1,9238,1,1,1,1,38,38,9,6,1,0,0,0,1,0,1,0,0,0,2,2,3,3,0,0,2,1,3,3,0,3,0,1,2
1,1,2,9238,1,1,2,1,19,19,4,7,1,1,0,0,1,0,1,2,0,0,2,2,2,2,0,0,2,1,2,1,0,2,0,2,2
1,1,1,9670,1,1,0,1,19,19,9,8,1,0,0,0,0,0,1,0,0,0,2,1,3,3,0,0,2,2,3,3,0,0,1,3,2
1,1,1,9070,1,1,3,1,1,1,3,5,2,1,0,0,1,0,1,1,0,0,2,1,3,2,0,0,2,2,3,2,0,1,1,2,2
1,17,4,9070,1,1,3,1,38,1,9,9,3,1,0,0,1,1,0,0,0,0,2,1,2,3,0,0,2,2,2,2,0,1,1,2,2
1,17,4,9147,1,1,0,1,19,19,5,7,0,1,0,1,1,0,1,0,0,0,1,1,2,1,0,0,1,1,2,1,0,1,1,3,2
1,1,2,9500,1,1,0,1,37,37,9,9,0,1,0,0,1,0,1,2,0,0,3,2,3,3,0,0,3,2,3,3,0,2,3,0,2
1,1,1,9853,1,1,3,1,19,19,5,7,3,0,0,0,1,0,1,0,0,0,1,2,1,2,0,0,1,1,2,2,0,0,0,0,2
1,1,1,9853,1,1,3,1,37,37,9,5,3,0,0,0,1,0,0,0,0,0,2,1,2,2,0,0,2,1,2,2,0,0,2,1,2
1,1,2,9773,1,1,1,1,19,37,9,10,1,1,0,0,1,0,1,0,0,0,3,2,3,2,0,0,3,1,3,2,0,1,1,3,2
1,1,2,9085,1,1,0,1,38,1,9,3,1,1,0,0,1,0,0,1,0,0,1,3,2,2,2,0,1,1,2,2,0,0,0,0,2
1,1,1,9773,1,1,2,1,37,37,9,9,3,1,0,0,1,0,0,0,0,0,2,1,2,2,0,0,2,2,2,2,0,0,0,0,2
1,1,1,9773,1,1,0,1,1,38,4,9,0,0,0,0,1,0,1,0,0,0,2,1,3,2,0,0,2,1,3,2,0,1,1,3,2
1,1,3,9500,1,1,1,1,19,19,4,8,2,1,0,0,1,0,1,1,0,0,3,1,2,2,0,0,3,1,2,2,0,0,2,1,2
1,1,1,9085,1,1,2,1,1,3,9,1,1,1,0,0,1,0,0,0,0,1,2,3,3,3,0,0,3,3,3,2,0,3,3,0,2
1,17,6,9500,1,1,1,1,3,19,5,5,2,1,0,0,1,0,1,0,0,0,3,1,3,3,0,0,3,2,3,3,0,1,1,3,2
1,1,5,9500,1,1,3,1,1,1,9,9,2,0,0,0,1,0,1,0,0,0,3,2,3,3,0,0,3,2,3,3,0,2,3,0,2
1,1,1,9773,1,1,3,2,1,1,5,9,3,0,0,0,1,0,1,0,1,0,2,1,3,2,0,0,2,1,3,3,0,2,3,0,2
1,1,1,9238,1,1,3,1,19,1,6,5,2,1,0,0,1,0,0,0,0,0,2,2,3,3,0,0,2,1,3,2,0,2,3,0,2
1,16,1,9003,1,1,3,1,1,37,4,9,3,1,0,1,1,0,1,1,0,3,3,3,3,3,0,3,3,3,3,3,0,3,3,0,2
1,17,6,9500,1,1,1,1,1,19,7,7,2,1,0,0,1,0,1,0,0,0,3,2,3,3,0,0,3,2,3,2,0,1,1,3,2
1,1,1,9500,1,1,3,1,1,1,5,3,3,0,0,0,1,1,1,0,0,0,3,1,3,3,0,0,3,2,3,3,0,3,0,1,2
1,51,1,9070,1,1,1,1,3,1,2,8,1,0,0,1,1,0,0,1,0,2,3,3,3,2,0,2,3,3,3,2,0,1,1,3,2
1,1,2,9773,1,1,1,1,1,34,9,9,1,1,0,0,1,0,1,1,0,0,1,1,1,2,0,0,2,1,2,2,0,2,1,2,2
1,1,1,9070,1,1,1,1,37,37,3,3,2,1,0,0,1,0,0,1,0,0,2,1,3,1,0,0,2,2,2,3,0,2,3,0,2
1,43,1,9991,0,3,0,1,37,37,9,9,1,0,0,0,1,0,0,3,0,3,3,3,3,1,0,3,3,3,3,1,0,2,3,0,2
1,1,1,9130,1,1,3,1,1,1,4,10,3,1,0,0,1,1,0,0,0,0,1,1,2,3,0,0,1,1,1,2,1,1,1,2,2
1,1,1,9500,1,1,0,1,37,19,9,9,1,1,0,0,1,1,0,0,0,0,3,1,3,3,0,0,3,2,3,3,0,1,1,3,2
1,1,2,9254,1,1,0,1,1,19,5,7,0,1,0,0,1,0,1,1,0,0,2,1,3,3,0,0,2,1,3,3,0,1,1,3,2
1,1,1,9238,1,1,3,1,19,37,4,7,3,1,0,0,1,0,1,0,0,0,2,1,2,3,0,0,2,1,2,2,0,1,1,2,2
1,1,1,9147,1,1,2,1,1,38,5,5,1,0,0,1,1,0,0,0,0,0,1,3,2,0,0,0,1,2,1,2,0,2,0,2,2
1,43,1,9070,1,1,1,1,1,2,9,2,2,0,0,0,1,1,0,0,0,2,3,3,3,2,0,3,3,3,3,2,0,1,1,2,2
1,1,1,9070,1,1,0,1,37,19,9,4,1,0,0,0,1,1,1,1,0,1,3,2,3,3,0,1,3,3,2,2,0,1,1,2,2
1,17,1,9085,1,1,0,1,38,19,90,90,2,0,0,0,1,0,0,0,0,0,1,1,1,1,0,0,1,1,1,2,0,0,2,1,2
1,1,1,9853,1,1,0,1,38,38,3,7,0,0,0,0,1,0,1,1,0,0,3,2,3,1,0,0,3,1,3,2,0,1,1,3,2
1,1,3,9773,1,1,1,1,1,37,4,5,1,1,0,1,1,0,0,0,0,0,2,1,2,3,0,0,2,1,2,3,0,0,1,3,2
1,1,1,9670,1,1,0,1,38,38,9,10,0,0,0,0,1,0,0,1,0,0,2,2,2,2,0,0,2,3,2,3,0,1,1,3,2
1,43,1,9670,1,1,1,22,37,37,9,9,2,1,0,0,1,1,0,2,1,2,3,3,2,0,0,2,3,3,3,1,0,0,0,0,2
1,44,1,9003,1,39,3,1,37,37,9,9,3,0,0,0,1,1,1,2,0,0,2,2,3,2,0,0,2,3,3,2,0,3,0,1,2
1,43,1,9147,1,1,1,1,19,38,9,9,2,1,0,0,1,0,0,0,0,0,1,1,1,2,0,0,1,1,1,2,0,3,0,1,2
1,1,1,9500,1,1,0,1,1,19,9,10,0,1,0,0,1,0,0,0,0,0,3,1,3,3,0,0,3,2,3,3,0,1,1,3,2
1,1,3,9500,1,1,3,1,19,19,9,7,2,1,0,0,1,0,1,0,0,0,3,3,3,3,0,0,3,3,3,2,0,3,3,0,2
1,16,2,9238,1,1,1,1,38,37,3,5,2,1,0,0,1,0,1,0,0,0,2,3,1,2,0,0,2,1,2,1,0,0,0,0,2
1,17,1,9254,1,1,0,1,38,37,9,6,0,1,0,0,1,0,0,2,0,0,2,1,2,3,0,0,2,1,2,3,0,1,1,3,2
1,1,1,9853,1,1,0,1,19,19,5,5,0,0,0,0,1,0,1,0,0,0,1,1,2,3,0,0,1,1,2,2,0,3,3,0,2
1,1,1,9085,1,1,1,1,19,1,5,4,3,1,0,0,1,0,0,1,0,0,1,1,1,2,0,0,1,1,1,3,0,1,1,2,2
1,1,3,9773,1,1,2,1,3,1,2,4,2,1,0,0,1,1,0,1,0,0,2,1,2,2,0,0,2,3,1,2,0,3,3,0,2
1,7,1,9500,1,3,1,1,37,37,7,7,2,1,0,0,1,0,0,3,0,0,3,2,3,3,0,0,3,2,3,3,0,2,3,0,2
1,17,1,9670,1,1,1,1,1,1,3,3,1,1,0,0,1,0,1,0,0,0,2,1,3,3,0,0,2,3,3,3,0,0,1,3,2
1,17,2,9147,1,1,3,1,19,19,4,8,2,0,0,0,1,0,1,0,0,0,1,1,1,1,0,0,1,1,1,1,0,1,1,3,2
1,1,1,171,1,1,3,1,19,38,9,5,3,1,0,0,1,1,0,2,0,0,0,0,0,0,0,0,0,0,0,0,0,0,2,1,2
1,1,3,9070,1,1,1,1,19,38,5,7,3,1,0,0,1,1,1,0,0,0,2,1,2,3,0,0,2,1,2,2,0,2,1,2,2
1,43,1,9773,1,1,0,1,1,1,4,5,2,0,0,0,1,0,0,2,0,0,1,2,2,1,0,0,1,1,2,1,0,0,2,1,2
1,1,1,9773,1,1,0,1,19,19,9,9,0,1,0,0,1,0,0,0,0,0,2,1,2,2,0,0,2,2,3,1,0,1,1,3,2
1,1,3,9500,1,1,2,1,38,38,7,9,2,1,0,0,1,0,1,0,0,0,3,2,3,3,0,0,3,2,3,3,0,1,1,2,2
1,7,1,9238,1,3,2,1,37,37,9,9,3,1,0,0,1,0,0,3,0,3,3,3,3,2,0,2,3,3,3,2,0,3,0,1,2
2,39,1,9991,0,1,0,1,37,37,9,4,3,0,0,0,1,0,0,3,0,0,1,1,2,1,0,0,1,1,2,2,0,3,3,0,2
1,17,3,171,1,1,3,1,19,1,5,4,3,1,0,0,1,0,1,1,0,0,0,0,0,0,0,0,0,0,0,0,0,2,3,0,2
1,44,1,9003,1,39,2,1,19,38,6,7,3,1,0,0,1,1,0,0,0,0,2,2,3,2,0,0,2,2,3,3,0,2,1,2,2
1,17,4,9085,1,1,2,1,38,38,151,151,3,0,0,0,1,1,0,2,0,0,1,2,1,1,0,0,1,2,2,1,0,0,2,1,2
1,43,4,9500,1,6,2,1,37,37,9,9,2,1,0,0,1,0,0,1,0,0,3,2,3,3,0,0,3,2,3,3,0,0,2,1,2
1,1,1,9085,1,1,2,1,38,37,9,6,2,1,0,0,1,1,0,0,0,0,1,1,1,1,0,0,1,3,2,2,1,1,1,2,2
2,39,1,9500,1,1,1,1,3,1,5,5,3,0,0,0,1,0,1,3,0,0,3,1,2,2,0,0,3,2,3,2,0,2,1,2,2
1,17,3,9500,1,1,2,1,37,38,4,5,1,1,0,0,1,0,0,0,0,0,3,2,3,3,0,0,3,2,3,3,0,1,1,2,2
1,17,5,9119,1,1,0,11,4,12,2,9,1,1,0,0,1,1,0,1,1,0,1,1,1,3,0,0,1,1,2,3,0,0,1,3,2
1,1,1,9254,1,1,1,1,19,1,3,7,1,0,0,0,1,0,1,2,0,0,3,3,3,2,0,0,3,1,1,2,0,3,0,1,2
1,51,1,9500,1,1,3,1,1,1,4,10,1,0,0,0,1,1,0,1,0,0,3,1,3,3,0,3,3,3,3,3,0,1,1,3,2
1,17,1,9500,1,1,3,1,19,1,4,10,3,1,0,0,1,0,0,0,0,0,3,1,2,2,0,0,3,1,2,2,0,0,2,1,2
1,17,1,9853,1,1,3,1,1,38,4,10,3,1,0,0,1,0,0,0,0,0,3,3,1,2,0,0,3,3,2,3,0,0,0,0,2
1,17,1,9085,1,1,1,1,1,37,9,9,1,1,0,0,1,0,1,0,0,0,1,1,1,2,0,0,1,2,2,3,0,1,1,2,2
1,17,1,171,1,1,3,1,19,37,5,9,3,1,0,0,1,1,1,0,0,0,0,0,0,0,0,0,0,0,0,0,0,1,1,3,2
1,7,1,9991,0,40,1,1,1,37,4,1,0,0,0,0,1,0,0,3,0,3,3,3,3,2,0,2,3,1,3,2,0,2,1,2,2
1,1,6,9500,1,1,0,1,19,19,9,9,0,0,0,0,1,0,0,0,0,0,3,2,3,3,0,0,3,3,3,2,0,2,1,2,2
1,1,1,9085,1,1,3,1,19,19,4,6,3,1,0,0,1,0,0,1,0,0,2,3,2,3,0,0,2,2,2,3,0,3,3,0,2
1,1,1,9254,1,1,2,1,19,1,9,8,3,1,0,0,1,0,1,0,0,0,2,2,3,2,0,0,2,3,1,2,0,2,3,0,2
1,18,3,9085,1,1,3,103,1,1,9,9,2,1,0,0,1,0,1,0,1,0,1,2,1,1,0,0,1,2,1,2,0,1,1,2,2
1,44,1,9003,1,39,2,1,38,38,6,6,3,0,0,0,1,0,0,0,0,0,2,1,2,1,0,0,2,1,2,2,0,2,1,2,2
1,1,2,9070,1,1,3,1,38,38,9,7,3,1,0,0,1,0,0,0,0,0,2,1,2,3,0,0,2,1,2,3,0,0,0,0,2
1,17,5,9500,1,1,1,1,1,1,4,5,1,1,0,0,1,0,1,0,0,0,3,2,3,3,0,0,3,3,3,2,0,3,0,1,2
1,17,1,9773,1,1,2,1,1,19,9,9,1,0,0,0,1,0,1,0,0,0,1,1,2,2,0,0,2,1,2,3,0,1,1,3,2
1,1,3,9500,1,1,2,1,19,38,7,7,2,1,0,0,1,0,1,0,0,0,3,2,3,3,0,0,3,2,3,3,0,0,0,0,2
1,1,1,9500,1,1,3,1,3,3,2,2,2,0,0,0,1,1,0,0,0,0,3,2,3,2,0,0,3,2,3,2,0,1,1,2,2
1,17,1,9085,1,1,1,1,19,1,4,5,2,1,0,0,1,0,0,0,0,0,1,1,2,3,0,0,1,1,2,3,0,1,1,3,2
1,17,1,9238,1,1,3,1,1,40,9,2,2,0,0,0,1,0,1,0,0,0,1,1,2,1,0,0,2,1,2,2,0,1,1,3,2
2,39,1,9991,0,1,3,1,38,19,4,8,2,0,0,0,1,0,0,3,0,0,1,1,2,2,0,0,1,1,2,3,0,1,1,2,2
2,1,1,9238,1,1,2,1,37,37,5,5,1,0,0,0,1,0,0,1,0,0,1,1,2,1,0,0,1,1,2,1,0,0,2,1,2
1,39,1,9003,1,1,2,1,3,3,2,2,0,0,0,0,1,1,0,3,0,0,2,2,2,3,0,0,2,3,2,3,0,3,0,1,2
2,44,1,9085,1,39,3,1,37,37,192,192,3,0,0,0,1,0,0,3,0,0,1,3,1,3,3,0,1,2,2,1,1,0,0,0,2
1,1,1,9853,1,1,2,1,37,37,9,9,2,1,0,0,1,0,0,0,0,0,1,1,2,2,0,0,1,2,1,1,0,0,2,1,2
1,1,1,9147,1,1,1,1,38,19,9,10,0,0,0,0,1,0,1,1,0,2,3,3,3,2,0,2,3,3,3,2,0,0,1,3,2
1,39,1,8014,0,19,1,1,19,19,144,141,2,0,0,1,1,0,1,3,0,0,2,2,3,1,0,0,2,2,1,3,0,1,1,3,2
1,1,4,171,1,1,1,1,1,1,9,10,0,1,0,0,1,0,0,1,0,0,0,0,0,0,0,0,0,0,0,0,0,3,0,1,2
1,17,6,9670,1,1,0,1,1,14,4,5,0,1,0,0,1,0,0,0,0,0,1,2,1,1,0,0,1,1,1,1,0,0,0,0,2
1,1,4,9070,1,1,2,1,3,19,1,5,3,1,0,0,1,0,0,0,0,0,2,1,3,3,0,0,2,1,3,2,0,0,0,0,2
1,1,1,9070,1,1,3,1,19,1,5,7,3,1,0,0,1,0,0,0,0,0,2,1,2,2,0,0,2,2,2,2,0,1,1,2,2
1,53,1,9085,1,42,2,1,1,3,4,2,3,1,0,0,0,0,1,1,0,3,3,3,3,2,0,2,3,3,3,3,0,0,1,3,2
1,1,1,9238,1,1,3,1,34,38,4,7,2,0,0,0,1,0,1,0,0,0,3,3,1,0,0,0,3,3,3,1,0,0,0,0,2
1,39,1,9085,1,40,1,1,3,2,3,2,3,1,0,0,1,0,0,3,0,0,3,2,3,3,0,0,3,2,3,3,0,2,0,2,2
1,1,3,9500,1,1,3,6,37,37,9,9,2,1,0,0,1,0,0,0,1,0,3,2,3,3,0,0,3,2,3,3,0,0,2,1,2
1,1,4,9500,1,1,2,1,19,37,9,7,2,0,0,1,1,0,0,0,0,0,3,2,3,3,1,0,3,2,3,3,1,0,0,0,2
1,17,1,9085,1,1,2,1,38,38,5,3,3,0,0,0,1,0,0,0,0,0,1,2,2,2,2,0,1,2,2,2,0,0,2,1,2
1,1,2,9670,1,1,2,1,3,1,2,6,3,1,0,0,1,1,1,2,0,0,2,2,2,3,0,0,2,1,2,3,0,0,1,3,2
1,43,1,9500,1,1,2,1,38,19,9,5,2,1,0,0,1,0,0,0,0,0,3,3,3,1,0,0,3,3,3,1,0,2,3,0,2
1,17,4,9254,1,1,0,1,38,19,7,7,0,1,0,0,1,0,1,0,0,0,2,1,3,1,0,0,2,1,3,1,0,2,1,2,2
1,1,1,9254,1,1,0,1,19,19,5,8,0,1,0,0,1,0,0,0,0,0,1,1,2,0,0,0,1,3,1,1,0,3,0,1,2
1,1,2,171,1,1,3,1,38,19,9,9,3,1,0,0,1,0,1,2,0,0,0,0,0,0,0,0,0,0,0,0,0,1,1,3,2
1,43,1,9500,1,1,2,1,1,38,4,7,0,0,0,0,1,0,1,0,0,0,3,2,3,3,0,0,3,2,3,3,0,2,0,2,2
1,1,1,171,1,1,3,1,3,3,2,2,3,1,0,0,1,0,0,2,0,2,3,3,3,3,0,2,3,3,3,3,0,0,1,3,2
1,1,1,9070,1,1,3,1,3,1,2,3,3,1,0,0,1,1,0,1,0,2,3,3,3,3,0,2,3,3,3,3,0,3,0,1,2
1,1,1,9500,1,1,1,1,1,19,5,5,2,1,0,0,1,0,0,0,0,0,3,2,3,2,0,0,3,3,3,3,0,3,3,0,2
2,39,1,8014,0,1,3,1,37,38,3,7,2,0,0,0,1,0,0,3,0,0,3,2,2,1,0,0,3,1,3,2,0,3,0,1,2
1,17,1,9147,1,1,2,1,1,3,7,3,2,1,0,1,1,0,1,0,0,0,1,1,2,3,0,0,1,1,2,2,0,0,1,3,2
4,39,1,8014,0,19,1,1,37,37,9,9,0,0,0,0,1,0,1,3,0,0,2,1,3,3,0,0,3,1,3,3,0,1,1,3,2
1,44,1,9070,1,39,1,1,1,1,9,9,2,0,0,0,1,1,1,2,0,1,3,2,3,1,0,3,3,3,3,2,0,2,1,2,2
1,1,5,9500,1,1,3,1,38,38,9,9,1,1,0,0,1,0,1,0,0,0,3,2,3,3,0,0,3,2,3,3,0,0,0,0,2
1,1,4,9147,1,1,1,1,1,19,4,8,1,1,0,0,1,0,0,0,0,0,1,1,1,2,0,0,1,1,1,3,0,0,1,3,2
1,1,1,171,1,1,2,1,1,38,4,5,2,1,0,0,1,1,0,0,0,0,0,0,0,0,0,0,0,0,0,0,0,3,3,0,2
2,39,1,8014,0,1,1,1,37,37,9,7,3,0,0,0,1,1,0,3,0,2,3,2,3,3,0,1,3,1,3,3,0,0,1,3,2
1,1,2,9773,1,1,3,1,38,38,9,9,2,1,0,0,1,0,1,0,0,0,1,1,1,1,0,0,1,2,1,2,0,2,3,0,2
1,17,2,9500,1,1,1,1,38,38,7,7,1,1,0,0,1,0,0,0,0,0,3,2,3,3,0,0,3,2,3,3,0,1,1,2,2
1,1,2,9070,1,1,2,1,19,38,9,9,2,1,0,0,1,0,1,1,0,1,3,3,2,2,2,0,3,3,3,2,0,2,0,2,2
1,1,1,9085,1,1,3,13,3,3,6,6,3,1,0,0,1,0,1,0,1,0,1,1,1,3,0,0,1,1,1,3,0,1,1,2,2
1,1,1,9147,1,1,0,1,38,1,3,10,0,1,0,0,1,1,0,0,0,0,1,1,1,3,0,0,1,1,1,2,0,0,0,0,2
1,44,1,9003,1,39,3,1,37,38,9,6,3,0,0,0,1,0,1,1,0,0,2,2,2,2,0,0,2,3,2,2,0,3,0,1,2
2,43,1,9003,1,1,1,1,37,37,9,7,3,0,0,0,1,1,0,3,0,3,3,3,3,2,0,3,3,3,3,2,0,3,3,0,2
1,1,4,9500,1,1,3,1,3,19,1,5,2,1,0,0,1,0,0,0,0,0,3,2,3,3,0,0,3,2,3,3,0,0,0,0,2
1,1,2,9773,1,1,2,1,1,1,4,3,2,0,0,0,1,1,1,0,0,0,2,1,2,2,0,0,2,1,2,1,0,3,0,1,2
1,1,1,9238,1,1,2,1,1,19,4,4,3,0,0,0,1,0,0,0,0,0,2,1,2,1,0,0,2,1,2,1,0,2,1,2,2
1,1,2,9773,1,1,0,1,19,19,4,7,0,1,0,0,1,0,0,0,0,0,2,1,2,2,0,0,2,1,2,1,0,1,1,3,2
1,17,2,9070,1,1,2,1,19,38,4,7,3,1,0,0,1,0,0,0,0,0,3,1,3,3,0,0,3,1,3,3,0,0,0,0,2
1,1,1,9130,1,1,1,1,19,38,9,9,2,1,0,0,1,1,0,0,0,0,1,1,2,3,0,0,1,2,1,2,0,0,1,3,2
1,1,1,9238,1,1,1,1,37,1,9,9,3,1,0,0,1,0,0,0,0,0,3,2,2,2,0,0,3,1,3,1,0,0,0,0,2
1,1,6,171,1,1,2,1,19,37,5,5,1,1,0,0,1,0,1,0,0,0,0,0,0,0,0,0,0,0,0,0,0,0,0,0,2
1,39,1,9500,1,1,1,1,19,19,5,5,3,0,0,0,1,1,0,3,0,0,3,1,3,3,0,0,3,3,3,3,0,3,0,1,2
1,17,2,9254,1,1,0,1,19,38,6,6,0,1,0,0,1,1,0,0,0,0,2,2,2,1,0,0,2,3,1,2,0,3,3,0,2
1,1,1,9853,1,1,2,1,37,37,9,9,3,0,0,0,1,0,0,0,0,0,1,1,2,3,0,0,1,2,2,2,0,0,2,1,2
1,1,1,8014,0,1,0,1,34,37,9,90,1,1,0,0,1,0,0,2,0,0,2,1,2,2,0,0,2,1,2,2,0,0,2,1,2
1,44,1,9238,1,1,3,1,1,38,4,9,3,0,0,0,1,0,1,0,0,2,2,1,2,3,0,1,2,1,2,3,0,2,0,2,2
1,1,3,171,1,1,2,1,37,37,9,9,1,1,0,0,1,1,0,0,0,0,0,0,0,0,0,0,0,0,0,0,0,0,2,1,2
1,17,6,9238,1,1,2,1,1,19,7,7,2,1,0,0,1,0,1,0,0,0,2,2,2,3,0,0,2,1,2,1,0,2,3,0,2
1,39,1,9085,1,1,1,1,19,1,9,10,3,1,0,0,1,0,0,3,0,0,2,1,3,3,0,0,2,2,3,3,0,0,1,3,2
1,17,3,9238,1,1,0,1,3,1,2,5,0,1,0,0,1,0,0,0,0,0,1,1,2,1,0,0,2,1,1,3,0,0,1,3,2
1,1,1,9070,1,1,3,1,3,1,2,10,3,1,0,0,1,0,0,1,0,3,3,3,3,3,0,3,3,3,3,3,0,3,3,0,2
1,1,1,9500,1,1,3,1,38,37,9,9,3,0,0,0,1,1,1,0,0,0,3,2,3,3,0,0,3,2,3,3,0,0,0,0,2
2,39,1,171,1,12,0,1,37,37,7,7,0,1,0,0,1,1,0,3,0,0,0,0,0,0,0,0,0,0,0,0,0,0,2,1,2
1,1,2,9670,1,1,3,1,37,38,9,9,2,0,0,0,1,0,1,2,0,0,1,1,1,2,0,0,1,1,1,2,0,0,0,0,2
1,16,2,9238,1,1,1,1,37,37,5,6,2,1,0,0,1,0,0,0,0,0,2,2,2,3,0,0,2,3,2,1,0,0,0,0,2
1,1,2,9254,1,1,2,1,1,1,9,4,1,1,0,0,1,0,1,0,0,0,2,2,2,3,0,0,2,1,2,1,0,0,1,3,2
1,1,1,9147,1,1,1,1,37,38,7,7,0,1,0,0,1,1,0,2,0,0,1,2,1,1,0,0,1,1,1,1,0,1,1,3,2
5,7,1,9500,1,40,3,1,37,37,4,9,3,0,0,0,1,0,0,3,0,1,3,3,3,3,0,1,3,3,3,3,0,2,3,0,2
1,39,1,9500,1,19,1,1,37,37,9,7,0,0,0,0,1,0,1,3,0,0,3,2,2,0,0,0,3,2,2,1,0,0,2,1,2
1,17,1,9670,1,1,1,1,3,19,5,5,1,0,0,0,1,0,0,0,0,0,2,1,2,3,0,0,2,2,2,3,0,0,1,3,2
1,1,2,9853,1,1,0,1,37,37,191,182,0,1,0,1,1,0,1,1,0,0,3,1,3,3,0,0,3,2,3,2,0,0,1,3,2
1,17,1,9070,1,1,2,1,19,37,5,9,3,0,0,0,1,0,1,0,0,0,2,1,2,2,0,0,2,1,2,1,0,3,0,1,2
1,1,4,9773,1,1,1,11,12,12,90,4,2,1,0,0,1,0,0,0,1,0,2,1,2,2,0,0,2,2,2,3,0,0,2,1,2
1,1,6,9500,1,1,2,1,37,37,9,8,2,1,0,0,1,0,1,0,0,0,3,2,3,2,0,0,3,2,3,3,0,3,3,0,2
1,1,5,9254,1,1,1,1,19,1,7,10,0,1,0,0,1,0,1,0,0,0,2,1,2,3,0,0,2,1,2,2,0,0,1,3,2
1,1,2,9085,1,1,3,1,3,3,5,2,3,1,0,0,1,0,0,0,0,0,2,1,2,3,0,0,2,1,2,3,0,2,0,2,2
1,1,1,171,1,1,2,1,37,37,9,9,1,1,0,0,1,0,0,0,0,0,0,0,0,0,0,0,0,0,0,0,0,0,2,1,2
1,17,2,9853,1,1,0,1,1,1,3,9,0,1,0,0,1,0,0,0,0,0,2,2,2,2,0,0,2,2,1,0,0,0,0,0,2
1,1,1,171,1,1,3,1,19,19,4,7,3,1,0,0,1,0,1,0,0,0,0,0,0,0,0,0,0,0,0,0,0,2,1,2,2
1,39,1,9670,1,12,3,1,1,37,3,5,0,0,0,0,1,1,1,2,0,0,2,2,2,3,0,0,2,1,2,3,0,3,3,0,2
1,17,1,9070,1,1,1,1,37,38,9,5,2,1,0,0,1,1,0,0,0,0,2,1,2,1,0,0,2,1,2,2,0,0,2,1,2
4,39,1,9670,1,1,0,1,37,37,4,10,1,0,0,1,1,0,1,3,0,0,1,1,2,0,0,0,1,1,1,0,0,0,0,0,2
1,43,1,9853,1,1,1,1,2,39,2,5,1,0,0,0,1,1,0,3,0,3,3,3,3,2,0,3,3,3,3,2,0,2,1,2,2
1,17,2,9147,1,1,0,1,19,19,7,7,0,1,0,0,1,0,1,0,0,0,1,2,1,1,0,0,1,1,1,1,0,2,1,2,2
1,44,1,9085,1,39,2,1,1,19,3,3,3,1,0,0,1,0,0,2,0,1,2,1,2,2,0,1,2,3,1,2,0,2,1,2,2
1,17,2,9254,1,1,0,41,19,38,9,9,1,1,0,0,1,0,0,2,1,0,1,1,2,0,0,0,1,1,2,0,0,2,0,2,2
1,1,4,9500,1,1,3,1,38,38,9,8,2,1,0,0,1,0,0,0,0,0,3,2,3,1,0,0,3,2,3,2,0,2,3,0,2
1,17,2,9254,1,1,0,1,19,38,5,5,0,1,0,0,1,0,0,0,0,0,3,2,3,2,0,0,3,1,3,1,0,0,1,3,2
1,1,1,9500,1,1,2,1,19,37,4,9,3,0,0,0,1,1,0,0,0,0,3,1,2,3,0,0,3,1,2,3,0,0,2,1,2
1,17,6,9500,1,1,1,1,1,37,8,9,2,1,0,0,1,0,0,0,0,0,3,1,3,3,0,0,3,2,3,3,0,2,1,2,2
1,17,1,9238,1,1,2,1,38,19,152,171,2,1,0,0,1,0,1,0,0,0,2,2,3,2,0,0,2,1,3,1,0,0,1,3,2
1,1,1,9238,1,1,0,1,1,1,1,1,0,1,0,0,1,0,0,0,0,0,1,3,2,0,0,0,2,1,2,1,0,1,1,3,2
1,1,2,9500,1,1,1,1,1,1,4,3,1,1,0,0,1,0,0,0,0,0,3,3,3,3,0,0,3,3,3,3,0,3,3,0,2
1,1,6,9500,1,1,1,1,38,19,5,6,1,1,0,0,1,0,0,0,0,0,3,3,3,2,0,0,3,3,3,2,0,3,3,0,2
1,1,1,9147,1,1,0,1,38,38,9,9,0,1,0,0,1,0,1,2,0,0,1,3,2,3,0,0,1,1,2,3,0,1,1,3,2
1,1,1,9070,1,1,0,1,37,19,9,3,0,1,0,0,1,0,0,1,0,0,2,2,2,1,0,0,2,1,3,1,0,3,0,1,2
1,17,4,9070,1,1,3,1,1,19,5,7,3,1,0,0,1,0,0,0,0,0,1,1,2,3,0,0,1,1,2,3,0,1,1,3,2
1,1,4,9500,1,1,3,1,1,3,1,2,2,0,0,0,1,0,1,1,0,0,3,2,3,3,0,0,3,2,3,3,0,1,1,2,2
2,7,1,9991,0,43,2,1,40,5,3,3,3,0,0,0,1,0,0,3,0,1,1,1,2,3,0,0,1,1,1,3,0,1,1,3,2
2,39,1,9003,1,19,1,1,37,19,9,4,3,0,0,1,1,0,0,3,0,0,2,3,2,2,0,0,2,1,3,2,0,1,1,3,2
1,1,1,9670,1,1,0,1,1,19,3,5,0,1,0,0,1,0,0,2,0,0,1,2,1,1,0,0,1,1,1,2,0,0,2,1,2
1,44,1,9003,1,39,1,1,19,37,9,9,2,1,0,0,1,1,0,2,0,0,1,2,2,2,0,0,1,1,2,2,0,0,1,3,2
1,7,1,8014,0,3,0,1,19,37,5,3,1,0,0,0,1,0,0,3,0,3,3,3,3,3,0,3,3,3,3,2,0,2,3,0,2
1,1,6,9500,1,1,2,1,19,38,5,7,2,1,0,0,1,0,1,0,0,0,3,2,3,3,0,0,3,2,3,3,0,0,0,0,2
1,1,1,9500,1,1,2,1,38,38,9,9,2,0,0,0,1,1,1,0,0,0,3,2,3,3,0,0,3,3,3,2,0,3,3,0,2
1,18,1,9500,1,1,0,1,37,37,3,3,1,1,0,0,1,0,1,0,0,0,3,2,3,1,0,0,3,2,3,1,0,1,1,2,2
1,1,4,9254,1,1,1,1,1,38,5,6,1,1,0,0,1,0,1,0,0,0,2,1,2,1,0,0,2,1,2,1,0,0,1,3,2
1,17,4,9238,1,1,2,1,19,37,9,9,2,1,0,0,1,0,1,0,0,0,2,2,2,2,0,0,2,3,2,1,0,2,3,0,2
1,17,3,9500,1,1,1,1,19,37,7,6,1,1,0,0,1,0,1,0,0,0,3,2,3,2,0,0,3,2,3,2,0,1,1,2,2
1,17,4,9670,1,1,2,1,38,38,9,7,2,1,0,0,1,0,0,0,0,0,1,3,2,1,0,0,1,2,2,3,0,1,1,3,2
1,1,2,9500,1,1,1,1,19,19,9,7,2,1,0,0,1,1,1,0,0,0,3,2,3,3,0,0,3,2,3,3,0,1,1,2,2
1,42,1,9500,1,1,1,1,1,1,4,4,0,0,0,0,1,0,0,1,0,1,3,2,3,1,0,1,3,2,3,1,0,2,3,0,2
1,1,1,9670,1,1,0,1,37,1,7,0,0,0,0,0,1,0,0,1,0,0,1,2,1,1,0,0,1,2,2,1,2,0,2,1,2
1,53,1,9556,1,42,2,1,1,19,4,5,3,0,0,0,1,0,1,2,0,1,3,3,3,2,0,2,3,3,3,2,0,0,1,3,2
1,17,4,9085,1,1,2,1,19,37,4,7,1,0,0,0,1,0,0,0,0,0,1,3,1,1,2,0,1,1,1,2,0,0,0,0,2
1,17,6,9670,1,1,0,1,38,1,9,7,1,1,0,0,1,1,0,1,0,0,2,2,1,3,0,0,2,3,2,3,0,1,1,2,2
1,1,2,9670,1,1,1,1,38,37,5,5,1,1,0,0,1,0,0,2,0,0,1,1,1,1,0,0,1,1,1,2,0,0,0,0,2
1,1,1,9500,1,1,1,1,38,37,9,7,1,1,0,0,1,0,1,1,0,0,3,2,3,3,0,0,3,2,3,3,0,1,1,2,2
1,44,1,9238,1,39,2,1,1,19,191,102,3,0,0,0,1,0,0,1,0,2,2,1,2,3,0,1,2,2,2,2,0,2,0,2,2
1,17,1,9254,1,1,0,1,37,37,7,7,0,0,0,0,1,0,0,0,0,0,1,2,1,1,0,0,1,2,1,1,0,1,1,2,2
1,39,1,9773,1,12,0,1,1,1,9,9,2,1,0,0,1,1,0,3,0,0,1,1,1,2,0,0,1,1,2,3,0,0,0,0,2
1,1,1,9500,1,1,3,1,1,37,9,9,2,0,0,0,1,0,0,0,0,0,3,2,3,3,0,0,3,2,3,3,0,2,3,0,2
1,1,1,171,1,1,3,1,1,1,3,3,2,1,0,0,1,0,0,0,0,0,0,0,0,0,0,0,0,0,0,0,0,1,1,2,2
1,1,2,8014,0,1,0,1,19,11,0,0,0,1,0,0,1,0,0,2,0,0,2,1,1,2,0,0,2,2,2,1,0,0,2,1,2
1,1,4,9238,1,1,0,1,19,38,9,9,0,0,0,0,1,0,1,0,0,0,2,1,3,1,0,0,2,2,3,1,0,2,1,2,2
1,17,2,9500,1,1,2,1,19,37,4,7,2,1,0,0,1,0,0,0,0,0,3,2,3,3,0,0,3,2,3,3,0,2,0,2,2
1,1,3,9070,1,1,2,1,37,38,9,9,1,1,0,0,1,0,1,0,0,0,2,1,2,3,0,0,2,2,2,3,0,1,1,2,2
1,1,4,9500,1,1,2,1,1,19,9,7,2,1,0,0,1,0,0,0,0,0,3,2,3,3,0,0,3,2,3,3,0,2,3,0,2
1,17,4,9773,1,1,0,1,1,19,9,8,1,1,0,1,1,1,1,0,0,0,1,1,2,3,0,0,1,1,2,2,0,0,1,3,2
1,1,2,9500,1,1,0,1,1,3,5,10,0,1,0,0,1,1,0,0,0,0,3,2,3,1,0,0,3,2,3,2,0,2,0,2,2
1,1,3,9085,1,1,3,1,19,19,9,1,3,1,0,0,1,0,0,1,0,0,2,1,2,3,0,0,2,1,2,3,0,2,0,2,2
1,44,1,9085,1,39,3,1,19,37,4,7,3,1,0,0,1,0,0,0,0,1,2,2,3,3,0,1,2,2,3,2,0,2,0,2,2
1,1,1,9130,1,1,1,1,38,38,5,8,1,1,0,0,1,0,0,1,0,0,1,2,1,1,1,0,1,1,2,3,0,0,0,0,2
1,17,1,9853,1,1,1,1,38,38,9,9,2,0,0,1,1,0,1,0,0,0,3,2,3,2,0,0,3,2,3,2,0,3,0,1,2
1,18,1,9003,1,1,1,1,1,38,9,6,0,0,0,0,1,1,0,2,0,2,3,3,3,1,0,2,3,3,3,2,0,3,3,0,2
1,1,1,9070,1,1,3,1,37,37,9,6,2,0,0,0,1,0,1,0,0,0,2,1,2,2,0,0,2,1,2,2,0,3,3,0,2
1,1,1,9773,1,1,2,1,19,37,9,9,2,1,1,0,1,0,0,0,0,0,1,3,1,1,0,0,1,3,1,1,0,1,1,2,2
1,18,2,9147,1,1,0,1,37,38,191,143,0,1,0,0,1,0,1,1,0,0,1,1,1,1,0,0,1,1,2,1,0,0,1,3,2
1,15,1,9670,1,1,3,1,37,12,9,9,3,1,0,0,0,1,0,0,0,0,2,1,3,2,0,0,2,2,3,2,0,2,0,2,2
5,39,1,9254,1,1,1,1,2,2,2,2,0,0,0,0,1,0,0,3,0,0,2,1,3,3,0,0,2,3,3,2,0,1,1,2,2
1,15,1,9254,1,1,3,1,1,3,3,3,3,1,0,0,0,1,0,0,0,0,1,1,2,3,0,0,1,1,2,3,0,2,0,2,2
1,1,1,9085,1,1,1,1,19,38,4,7,1,1,0,0,1,0,0,0,0,0,1,3,2,3,0,0,1,3,2,1,0,3,3,0,2
1,1,1,9238,1,1,3,1,37,37,6,7,3,1,0,0,1,0,0,0,0,0,1,2,2,3,0,0,1,1,2,3,0,2,0,2,2
1,17,1,9773,1,1,0,1,19,38,9,7,0,1,0,0,1,0,1,2,0,0,2,1,2,2,0,0,2,1,2,2,0,0,1,3,2
1,1,1,9773,1,1,0,1,36,37,0,0,2,1,0,0,1,1,0,1,0,0,2,2,1,2,0,0,2,3,1,1,0,0,2,1,2
1,1,4,9500,1,1,2,1,37,37,9,9,2,1,0,0,1,0,0,0,0,0,3,2,3,2,0,0,3,2,3,2,0,0,0,0,2
1,1,4,9238,1,1,0,1,38,1,4,10,2,1,0,0,1,0,0,0,0,0,2,2,2,1,0,0,2,1,2,2,0,1,1,2,2
1,1,1,9147,1,1,3,1,19,37,9,7,2,1,0,0,1,0,0,1,0,0,1,2,1,1,0,0,1,1,2,0,0,0,2,1,2
1,42,1,9500,1,1,0,1,3,37,2,6,2,1,0,0,1,0,0,2,0,0,3,3,3,2,2,0,3,3,3,2,2,0,2,1,2
1,16,1,9085,1,1,2,1,1,1,9,9,2,1,0,0,1,0,0,0,0,0,1,2,1,2,1,0,1,3,1,0,0,2,3,0,2
1,1,1,9238,1,1,1,1,19,37,9,9,2,0,0,0,0,0,1,1,0,0,3,3,2,2,0,0,3,3,2,1,0,1,1,2,2
1,42,1,9085,1,1,0,1,1,38,4,9,0,1,0,0,1,0,1,1,0,1,1,1,1,1,0,1,2,3,2,2,0,2,0,2,2
1,1,3,171,1,1,2,1,37,19,9,8,3,1,0,0,1,1,1,1,0,2,3,3,3,3,0,2,3,3,3,3,0,0,1,3,2
2,1,4,9500,1,1,3,1,38,38,5,5,2,1,0,0,1,0,0,0,0,0,3,3,3,3,0,0,3,2,3,3,0,3,3,0,2
1,17,1,9085,1,1,1,1,38,37,9,9,0,1,0,0,1,1,0,0,0,0,1,1,2,1,0,0,1,2,2,1,0,1,1,2,2
1,1,5,9500,1,1,3,1,19,37,7,7,2,1,0,0,1,0,0,0,0,0,3,2,3,2,1,0,3,2,3,2,1,0,0,0,2
1,1,4,9238,1,1,1,1,1,38,9,7,1,1,0,0,1,0,1,0,0,0,2,1,3,3,0,0,2,2,3,3,0,1,1,3,2
1,1,1,9500,1,1,2,1,38,37,9,7,2,1,0,0,1,1,1,0,0,0,3,2,3,2,0,0,3,2,3,2,0,0,2,1,2
1,1,1,9853,1,1,3,1,19,3,4,4,3,0,0,0,1,0,0,0,0,0,3,1,3,3,0,0,3,1,3,3,0,1,1,3,2
1,1,4,9500,1,1,1,1,19,1,4,4,1,1,0,0,1,1,0,0,0,0,3,2,3,2,0,0,3,2,3,2,0,1,1,2,2
1,1,1,9773,1,1,1,1,37,38,7,7,1,0,0,0,1,0,1,0,0,0,2,1,3,1,0,0,3,2,3,1,0,3,3,0,2
1,17,1,9085,1,1,0,1,19,38,7,7,0,1,0,0,1,0,1,1,0,0,1,2,2,1,1,0,1,2,1,3,1,2,3,0,2
1,1,1,9147,1,1,3,1,1,38,3,6,3,0,0,0,1,1,1,0,0,0,1,1,2,1,0,0,1,2,1,1,0,0,0,0,2
2,39,1,9991,0,1,0,1,37,37,9,9,1,0,0,0,1,0,0,3,0,0,1,1,2,0,0,0,1,1,2,2,0,0,2,1,2
1,17,3,9670,1,1,0,1,38,38,7,8,1,1,1,0,1,0,1,0,0,0,2,3,1,1,0,0,2,3,2,2,0,1,1,3,2
1,1,2,9500,1,1,3,1,37,37,9,9,3,1,0,0,1,0,0,0,0,0,3,1,2,3,0,0,3,1,2,3,0,0,2,1,2
1,17,2,9500,1,1,2,1,19,19,9,4,2,1,0,0,1,0,0,0,0,0,3,2,3,2,0,0,3,2,3,3,0,2,0,2,2
1,43,2,9238,1,1,0,1,37,37,9,7,0,1,0,0,1,0,1,3,0,2,3,3,2,0,0,1,3,2,3,1,0,0,0,0,2
1,1,1,9500,1,1,1,1,1,38,1,7,1,0,0,0,1,0,0,0,0,0,3,1,2,3,0,0,3,1,2,3,0,0,2,1,2
4,39,1,9773,1,19,1,1,37,37,9,1,0,0,0,0,1,0,0,3,0,0,2,3,1,1,0,0,2,1,2,1,0,1,1,2,2
2,39,2,8014,0,1,0,1,34,34,0,0,0,1,0,0,1,0,0,3,0,0,2,2,2,1,0,1,2,3,1,0,1,0,2,1,2
1,17,1,9238,1,1,2,1,37,38,9,8,2,1,0,0,1,0,1,0,0,0,2,1,3,3,0,0,2,1,3,3,0,1,1,3,2
4,39,1,9238,1,1,0,1,37,37,9,9,1,1,0,0,1,0,1,3,0,0,2,1,3,3,0,0,2,1,2,3,0,2,3,0,2
1,1,1,9238,1,1,2,1,19,38,9,9,1,0,1,0,1,0,1,1,0,0,2,2,2,1,0,0,2,1,2,3,0,3,0,1,2
2,39,1,9085,1,1,1,1,37,37,90,90,0,0,0,0,1,1,0,3,0,0,1,1,1,3,0,0,1,1,1,1,0,0,2,1,2
1,18,6,9500,1,1,3,1,1,19,1,1,2,1,0,0,1,0,1,0,0,0,3,2,3,3,0,0,3,2,3,3,0,2,3,0,2
1,17,1,9070,1,1,0,1,37,38,9,8,1,1,0,0,1,0,0,1,0,0,2,1,3,2,0,0,2,1,3,2,0,0,2,1,2
1,1,2,9500,1,1,2,1,38,37,5,6,1,1,0,0,1,0,1,0,0,0,3,3,3,2,0,0,3,2,3,3,0,2,0,2,2
1,17,6,9500,1,1,2,1,19,38,9,3,2,1,0,0,1,0,0,0,0,0,3,2,3,2,0,0,3,2,3,2,0,2,3,0,2
1,1,1,9085,1,1,1,1,19,37,9,9,0,1,0,0,1,0,0,0,0,0,1,2,2,3,2,0,1,1,2,2,0,2,3,0,2
1,1,3,9556,1,1,1,1,38,37,7,7,1,1,0,0,1,0,0,0,0,0,3,2,3,1,0,0,3,2,3,3,0,2,3,0,2
1,1,1,9085,1,1,0,1,9,19,90,6,0,0,0,0,1,0,0,0,0,0,1,1,1,3,0,0,1,1,1,2,0,0,2,1,2
1,1,3,9238,1,1,2,1,1,1,3,3,2,1,0,0,1,0,0,1,0,0,2,2,1,1,0,0,2,1,2,1,0,0,2,1,2
1,1,1,9853,1,1,3,1,12,12,9,4,2,1,0,0,1,0,0,0,0,0,2,2,2,3,0,0,2,1,2,1,0,0,2,1,2
1,1,1,9773,1,1,3,1,38,38,9,7,3,1,0,0,1,0,1,0,0,0,2,1,3,3,0,0,2,1,3,3,0,2,3,0,2
1,1,2,9085,1,1,0,1,3,1,4,7,0,1,0,0,1,0,0,0,0,0,2,3,2,2,0,0,2,3,1,1,0,3,3,0,2
1,17,6,9500,1,1,2,1,37,37,9,6,2,1,0,0,1,0,1,0,0,0,3,2,3,3,0,0,3,2,3,3,0,2,3,0,2
1,1,1,9085,1,1,2,1,1,1,4,7,2,1,0,0,1,0,0,0,0,0,1,2,1,3,0,0,1,3,1,3,2,1,1,2,2
1,1,1,9085,1,1,1,1,37,37,90,90,3,0,0,0,1,0,0,0,0,0,1,1,1,3,0,0,1,1,1,3,0,0,2,1,2
1,17,3,9500,1,1,3,1,12,1,4,10,3,1,0,0,1,0,0,0,0,0,3,1,3,3,0,0,3,2,3,3,0,2,0,2,2
1,17,1,9147,1,1,2,1,19,38,4,8,2,0,0,0,1,0,1,0,0,0,1,1,2,1,0,0,1,3,1,2,0,1,1,2,2
2,44,1,8014,0,39,3,1,37,19,9,10,3,0,0,0,1,0,0,3,0,2,2,2,3,3,0,2,2,2,3,3,0,2,0,2,2
1,1,4,9500,1,1,3,1,1,1,4,9,1,1,0,0,1,0,1,0,0,0,3,3,3,2,0,0,3,3,3,2,0,1,1,2,2
1,16,2,9147,1,1,2,1,38,37,9,9,1,1,0,0,1,0,1,2,0,0,1,2,1,1,0,0,1,2,1,1,2,3,0,1,2
1,17,1,171,1,1,2,1,19,1,4,1,2,1,0,0,1,1,0,0,0,2,3,3,3,3,0,2,3,3,3,3,0,0,1,3,2
1,1,2,9670,1,1,1,1,1,19,4,7,3,1,0,0,1,0,1,0,0,0,2,1,3,2,0,0,2,2,2,2,0,0,1,3,2
1,17,4,9500,1,1,2,1,1,37,9,9,2,1,0,0,1,0,1,0,0,0,3,1,3,2,0,0,3,2,3,3,0,2,0,2,2
1,1,5,9500,1,1,3,1,19,38,4,8,3,1,0,0,1,0,1,0,0,0,3,2,3,2,1,0,3,2,3,2,1,0,0,0,2
1,1,1,9853,1,1,1,1,19,12,9,4,2,1,0,0,1,0,0,0,0,0,2,1,2,3,0,0,2,1,2,3,0,0,2,1,2
1,1,2,171,1,1,2,1,19,19,4,7,3,1,0,0,1,1,0,2,0,3,3,3,3,2,0,3,3,3,3,1,0,1,1,3,2
1,7,1,9500,1,3,1,1,19,38,5,3,2,0,0,0,1,0,0,2,0,0,3,2,3,2,0,0,3,2,3,2,0,0,0,0,2
1,1,2,9670,1,1,0,1,19,19,9,9,0,1,0,0,1,0,0,0,0,0,2,2,1,2,0,0,2,3,2,2,0,2,1,2,2
1,1,4,9500,1,1,2,1,38,38,7,7,2,1,0,0,1,0,1,1,0,0,3,3,3,3,0,0,3,3,2,2,0,3,3,0,2
1,1,1,171,1,1,3,1,12,12,4,1,3,1,1,0,1,0,0,0,0,0,0,0,0,0,0,0,0,0,0,0,0,1,1,3,2
1,1,1,9238,1,1,3,1,1,3,4,2,3,0,0,0,1,0,0,0,0,0,2,1,2,3,0,0,2,1,2,2,0,1,1,2,2
2,43,1,8014,0,1,1,1,34,34,0,0,0,0,0,0,1,0,1,3,0,3,3,3,3,2,0,3,3,3,3,1,0,0,0,0,2
1,1,1,9670,1,1,1,1,1,37,4,9,1,0,0,0,1,1,0,0,0,0,1,1,2,0,0,0,1,1,1,2,0,0,0,0,2
1,17,4,9119,1,1,1,1,3,1,9,3,1,1,0,0,1,1,0,0,0,0,1,1,2,3,0,0,1,1,2,3,0,0,1,3,2
1,43,3,9500,1,1,2,1,38,37,9,8,3,0,0,0,1,0,0,2,0,3,3,3,3,3,2,3,3,3,3,3,2,0,2,1,2
1,17,1,9238,1,1,2,1,38,19,7,7,1,0,0,0,1,0,1,2,0,0,3,3,1,1,0,0,3,3,1,1,0,3,3,0,2
1,1,6,9500,1,1,3,1,19,19,9,9,2,1,0,0,1,0,0,0,0,0,3,3,3,1,0,0,3,3,3,1,0,2,3,0,2
1,18,2,9500,1,1,1,1,38,37,5,5,1,1,0,0,1,0,1,0,0,0,3,2,3,2,0,0,3,2,3,2,0,1,1,2,2
1,16,2,9085,1,1,2,1,37,37,9,9,1,1,0,0,1,0,1,0,0,0,1,2,2,2,3,0,1,1,2,2,0,0,0,0,2
1,1,6,9500,1,1,2,1,37,1,5,5,2,1,0,0,1,0,1,0,0,0,3,2,3,2,0,0,3,2,3,2,0,1,1,2,2
4,39,1,9147,1,1,2,1,37,37,9,9,3,0,0,0,1,0,0,3,0,0,1,1,2,3,0,0,1,1,2,3,0,0,2,1,2
2,1,1,9991,0,3,3,1,1,3,4,9,3,0,0,0,1,0,0,2,0,0,1,1,2,0,0,0,1,2,1,1,0,0,0,0,2
1,1,1,9773,1,1,2,1,37,38,9,6,1,1,0,0,1,1,0,0,0,0,2,1,2,3,0,0,2,1,2,3,0,2,3,0,2
2,39,1,8014,0,1,3,1,37,37,9,9,3,0,0,0,0,1,0,3,0,0,2,1,2,3,0,0,2,1,2,3,0,0,0,0,2
1,17,4,9773,1,1,1,1,1,19,4,1,0,1,0,0,1,0,0,0,0,0,1,1,2,2,0,0,1,1,2,3,0,2,0,2,2
1,15,1,9773,1,1,0,26,19,19,4,5,1,1,0,0,1,0,0,2,1,0,2,1,2,2,0,0,2,1,2,3,0,2,1,2,2
1,1,1,9085,1,1,0,1,1,19,3,4,0,0,0,0,1,0,0,1,0,0,1,3,1,2,2,0,1,2,1,2,1,0,0,0,2
1,1,2,9670,1,1,0,1,1,19,4,7,3,1,0,0,1,0,1,0,0,0,2,1,2,2,0,0,2,3,2,3,0,0,1,3,2
2,43,1,9853,1,1,0,1,37,37,7,7,0,0,0,0,1,1,0,3,0,0,1,1,1,3,0,0,1,1,1,3,0,2,0,2,2
1,1,4,9500,1,1,2,1,19,38,9,3,1,1,0,0,1,0,0,0,0,0,3,2,3,3,0,0,3,1,3,3,0,0,2,1,2
1,1,3,9773,1,1,1,1,38,37,5,5,3,1,0,0,1,0,0,0,0,0,2,2,2,2,0,0,2,1,2,2,0,0,0,0,2
1,15,1,9238,1,1,3,26,19,1,9,9,3,1,0,1,0,1,0,2,1,0,2,3,2,1,0,0,2,2,2,2,0,2,0,2,2
1,1,1,9238,1,1,1,1,38,38,191,192,1,0,0,1,1,0,1,1,0,0,2,1,2,1,0,0,2,2,2,1,0,0,1,3,2
1,1,1,171,1,1,3,1,37,19,7,7,2,1,0,0,1,1,1,0,0,0,0,0,0,0,0,0,0,0,0,0,0,1,1,2,2
1,18,1,9670,1,1,2,1,1,37,9,9,2,1,0,0,1,1,0,2,0,0,2,3,1,2,0,0,2,3,1,2,0,2,3,0,2
1,7,1,9500,1,3,2,1,1,37,9,5,3,0,0,0,1,0,0,3,0,0,3,2,3,3,0,0,3,2,3,3,0,1,1,2,2
1,53,1,9003,1,42,1,1,1,38,9,6,2,0,0,0,1,1,0,2,0,3,3,3,3,2,0,3,3,3,3,1,0,0,1,3,2
1,17,1,9085,1,1,0,1,1,37,4,9,0,1,0,0,1,0,1,0,0,0,1,1,1,1,0,0,1,2,2,2,2,1,1,2,2
1,17,4,9853,1,1,2,1,19,38,4,1,2,1,0,0,1,0,0,0,0,0,1,1,2,1,0,0,1,3,2,1,0,1,1,2,2
1,17,1,9670,1,1,1,1,19,19,7,7,1,0,0,0,1,0,1,0,0,0,2,1,2,2,0,0,2,1,2,3,0,2,0,2,2
1,1,1,9254,1,1,2,41,1,1,9,9,2,1,0,0,1,0,1,1,1,0,2,2,3,2,0,0,2,2,2,1,0,0,1,3,2
1,1,1,9238,1,1,2,1,19,19,9,5,3,1,0,0,1,0,0,1,0,0,2,1,2,3,0,0,2,1,2,1,0,1,1,2,2
1,43,1,9500,1,1,3,1,38,3,5,2,3,0,0,0,1,0,0,2,0,2,3,2,3,2,0,1,3,2,3,3,0,2,0,2,2
1,1,1,9500,1,1,3,1,37,19,7,7,2,1,0,0,1,0,1,0,0,0,3,2,3,3,0,0,3,2,3,3,0,0,0,0,2
1,1,1,171,1,1,3,1,1,1,4,9,3,0,0,0,1,1,1,0,0,0,0,0,0,0,0,0,0,0,0,0,0,3,0,1,2
1,1,1,9238,1,1,3,1,38,34,9,9,2,1,0,0,1,0,0,0,0,0,2,2,1,1,0,0,2,2,1,1,0,0,0,0,2
1,1,1,9500,1,1,3,1,19,19,3,3,3,0,0,0,1,1,0,0,0,0,3,2,3,3,0,0,3,2,3,3,0,2,3,0,2
1,1,3,9238,1,1,2,62,1,1,9,9,2,0,0,0,1,0,1,2,1,0,1,2,2,3,0,0,1,1,2,3,0,3,0,1,2
1,1,6,9500,1,1,3,1,2,1,4,4,3,1,0,0,1,0,0,0,0,0,3,2,3,3,0,0,3,2,3,3,0,1,1,2,2
1,17,4,9500,1,1,0,1,37,37,5,5,1,1,0,0,1,0,0,2,0,0,3,2,3,3,0,0,3,3,3,3,0,3,0,1,2
1,17,4,9085,1,1,0,1,19,19,4,10,1,1,0,0,1,0,0,0,0,0,1,3,2,3,0,0,1,2,2,3,0,3,3,0,2
1,17,1,9773,1,1,0,1,37,37,9,9,1,0,0,0,1,0,0,0,0,0,2,1,2,2,0,0,2,1,2,2,0,2,0,2,2
2,1,1,9991,0,1,3,1,19,19,9,9,3,0,0,0,1,0,0,3,0,0,1,1,2,1,0,0,1,1,2,1,0,0,2,1,2
1,1,2,9773,1,1,3,1,1,1,3,3,3,1,0,0,1,0,0,0,0,0,2,1,2,3,0,0,2,1,2,3,0,2,3,0,2
1,44,1,9070,1,39,0,1,3,38,3,9,1,0,0,0,1,1,0,1,0,1,3,2,3,2,0,3,3,3,3,2,2,3,0,1,2
1,1,2,9254,1,1,2,1,1,37,4,5,1,1,0,0,1,0,0,0,0,0,1,3,2,2,0,0,1,1,1,2,0,2,3,0,2
4,43,1,9670,1,1,3,1,37,37,9,6,0,0,0,0,1,0,0,3,0,2,3,2,3,1,0,2,3,3,2,1,0,0,0,0,2
1,18,1,8014,0,1,2,1,19,1,9,5,2,1,0,0,1,0,0,0,0,0,1,1,2,2,0,0,1,2,2,3,0,2,1,2,2
1,1,5,9254,1,1,0,1,3,19,3,9,0,1,0,0,1,1,0,1,0,0,2,3,1,2,0,0,2,1,2,2,0,2,1,2,2
1,1,3,9085,1,1,1,1,1,38,9,90,2,0,0,0,1,0,0,2,0,0,1,2,2,1,0,0,1,2,1,2,0,0,2,1,2
1,1,1,9670,1,1,0,1,1,38,5,1,0,1,0,0,1,0,0,1,0,0,1,1,1,1,0,0,1,1,1,0,0,0,0,0,2
1,17,1,9773,1,1,0,1,37,37,5,5,1,0,0,0,1,0,0,0,0,0,2,2,2,2,0,0,2,2,2,2,0,0,2,1,2
1,1,3,9500,1,1,3,1,1,1,4,4,2,1,0,0,1,0,0,0,0,0,3,2,3,3,0,0,3,2,3,3,0,2,3,0,2
1,39,1,9070,1,1,1,1,1,1,5,3,0,1,0,0,1,1,1,2,0,0,2,1,2,3,0,0,2,1,1,3,0,3,3,0,2
1,17,1,9670,1,1,0,1,19,19,1,1,0,0,0,0,1,0,0,0,0,0,1,1,1,0,0,0,1,1,1,1,0,0,0,0,2
2,39,1,8014,0,3,0,1,37,37,9,9,3,0,0,0,1,0,0,3,0,3,3,3,3,2,0,3,3,2,3,1,0,2,0,2,2
1,39,1,9119,1,1,0,1,37,37,9,9,0,0,0,0,1,1,1,3,0,0,1,3,1,0,0,0,1,3,1,2,0,2,1,2,2
1,1,1,9147,1,1,2,1,19,19,9,9,1,1,0,0,1,0,1,0,0,0,1,2,1,0,0,0,1,1,2,2,0,2,1,2,2
1,17,4,9147,1,1,0,1,38,37,6,7,0,1,0,0,1,0,1,0,0,0,1,3,1,0,0,0,1,2,1,1,0,2,0,2,2
1,42,3,9500,1,1,2,1,1,1,4,4,3,1,0,0,1,0,1,0,0,0,3,2,3,3,0,0,3,2,3,3,0,0,0,0,2
1,7,1,9070,1,40,0,1,1,19,3,9,1,1,0,0,1,0,0,2,0,3,3,3,3,3,1,3,3,3,3,3,0,2,0,2,2
1,17,1,9070,1,1,1,1,19,38,9,7,1,0,0,0,1,0,0,0,0,0,1,1,1,1,0,0,1,1,2,2,0,3,0,1,2
1,1,1,9085,1,1,2,1,38,19,9,4,2,1,0,0,1,0,1,0,0,0,1,1,2,2,0,0,1,2,2,2,0,1,1,2,2
1,17,3,9070,1,1,1,1,1,4,4,2,2,0,0,0,1,1,0,1,0,0,2,1,2,3,0,0,2,2,2,2,0,1,1,3,2
1,1,1,9500,1,1,2,1,1,19,5,7,3,0,0,0,1,0,1,0,0,0,3,2,3,2,0,0,3,2,3,3,0,2,0,2,2
1,1,1,9500,1,1,3,1,37,37,9,9,3,1,0,0,1,1,1,0,0,0,3,2,3,3,0,0,3,2,3,3,0,0,2,1,2
1,1,3,9773,1,1,0,1,19,19,5,5,0,1,0,0,1,0,0,0,0,0,2,1,2,2,0,0,2,2,1,2,0,2,1,2,2
1,1,1,9238,1,1,3,1,37,37,9,9,3,0,0,0,1,0,0,0,0,0,2,1,2,2,0,0,2,1,2,2,0,1,1,2,2
1,1,1,9238,1,1,2,1,4,5,2,2,2,0,0,0,1,1,0,2,0,0,2,3,2,1,0,0,2,2,2,1,0,1,1,2,2
1,39,1,8014,0,1,1,1,37,37,9,9,1,0,0,0,1,0,0,3,0,0,2,3,2,2,0,0,2,3,2,1,0,0,0,0,2
1,1,1,9085,1,1,1,1,37,11,90,90,1,0,0,0,1,0,0,0,0,0,1,1,2,2,0,0,1,1,2,2,0,0,2,1,2
1,1,1,9500,1,1,0,1,37,37,9,9,1,0,0,0,1,1,0,2,0,0,3,1,2,2,0,0,3,1,2,2,0,0,2,1,2
1,17,2,9773,1,1,1,1,2,1,2,7,2,1,0,0,1,0,0,1,0,0,3,1,3,3,0,0,3,1,3,3,0,2,1,2,2
1,1,1,9670,1,1,1,1,37,37,0,0,0,1,0,0,1,0,0,2,0,0,1,2,1,2,0,0,1,1,1,1,1,0,2,1,2
1,17,4,9500,1,1,1,1,38,37,5,7,2,1,0,0,1,1,1,0,0,0,3,1,3,3,0,0,3,2,3,3,0,1,1,3,2
1,17,5,9238,1,1,0,1,37,37,7,5,0,1,0,0,1,0,1,0,0,0,1,2,2,1,0,0,1,1,2,2,0,3,0,1,2
1,17,2,9556,1,1,2,1,1,1,9,9,2,0,0,0,1,0,1,0,0,0,3,1,3,3,0,0,3,2,3,3,0,3,3,0,2
1,1,3,9500,1,1,2,1,1,19,9,3,2,1,0,0,1,0,1,0,0,0,3,2,3,3,0,0,3,2,3,3,0,0,0,0,2
1,1,2,9085,1,1,1,1,19,19,90,90,1,0,0,0,1,0,0,1,0,0,1,1,2,2,0,0,1,2,1,2,0,0,2,1,2
1,1,2,9238,1,1,0,1,38,19,9,7,2,1,0,0,1,1,0,0,0,0,2,3,3,1,0,0,2,2,3,1,0,0,2,1,2
1,1,2,9500,1,1,3,1,4,2,2,3,2,1,0,0,1,1,0,0,0,0,3,2,3,1,0,0,3,2,3,1,0,1,1,2,2
1,7,1,9003,1,4,0,1,3,1,2,4,1,1,0,0,1,0,0,3,0,3,3,3,3,3,0,2,3,3,3,3,0,3,3,0,2
1,44,1,9238,1,39,1,1,19,1,9,9,2,0,0,0,1,0,1,2,0,1,1,1,2,1,0,1,1,1,2,1,0,2,0,2,2
1,1,5,9500,1,1,1,1,1,1,5,8,1,1,0,0,1,0,0,0,0,0,3,2,3,3,0,0,3,2,3,3,0,2,3,0,2
1,1,1,9556,1,1,0,1,19,19,4,9,0,1,0,0,1,0,0,0,0,0,3,2,3,1,0,0,3,3,3,1,0,2,3,0,2
1,1,4,9500,1,1,2,1,38,37,9,8,2,1,0,0,1,0,1,0,0,0,3,2,3,3,0,0,3,2,3,3,0,0,2,1,2
1,43,1,9773,1,1,1,1,38,19,9,9,1,1,0,0,1,1,1,1,0,0,3,1,3,2,0,0,3,2,3,3,0,2,1,2,2
1,10,1,9254,1,1,0,24,3,1,9,9,0,1,0,0,1,0,0,0,1,0,2,1,2,3,0,0,2,1,2,3,0,2,1,2,2
1,39,1,8014,0,38,1,1,38,37,4,8,0,0,0,0,1,1,0,3,0,0,2,3,2,1,0,0,2,1,2,3,0,1,1,3,2
1,1,1,9500,1,1,2,1,19,37,9,9,2,1,0,0,1,0,0,0,0,0,3,2,3,3,0,0,3,2,3,3,0,1,1,2,2
1,1,3,171,1,1,3,1,12,19,9,3,3,1,0,0,1,0,0,0,0,0,0,0,0,0,0,0,0,0,0,0,0,2,0,2,2
1,1,1,9500,1,1,3,1,41,19,3,5,3,0,0,0,1,0,0,0,0,0,3,1,3,3,0,0,3,2,3,3,0,1,1,3,2
1,1,1,9147,1,1,1,1,1,19,3,3,1,0,0,0,1,0,1,0,0,0,1,1,2,2,0,0,1,1,2,3,0,2,3,0,2
1,1,2,9853,1,1,1,1,37,19,9,8,3,1,0,0,1,0,0,2,0,0,2,1,2,3,0,0,2,2,2,2,0,0,2,1,2
1,39,1,8014,0,1,0,1,38,38,9,9,3,0,0,0,1,0,1,3,0,0,2,1,3,3,0,0,2,1,3,2,0,1,1,2,2
1,17,2,9670,1,1,0,1,3,3,4,10,0,1,0,0,1,1,0,2,0,0,1,3,2,1,0,0,1,2,1,1,0,1,1,3,2
1,17,2,9773,1,1,3,1,3,38,2,6,3,1,0,0,1,0,0,0,0,0,2,1,2,3,0,0,2,1,2,3,0,2,1,2,2
1,1,1,9238,1,1,0,1,38,38,8,7,0,1,0,0,1,0,1,0,0,0,2,1,2,1,0,0,2,2,2,2,0,2,1,2,2
1,43,1,9991,0,1,3,1,3,3,4,4,0,1,0,0,1,1,0,2,0,0,1,3,1,1,0,0,1,3,1,1,0,2,0,2,2
1,1,3,9254,1,1,0,1,37,37,9,3,1,1,0,0,1,0,0,0,0,0,1,3,2,1,0,0,1,3,1,1,0,0,2,1,2
1,1,2,9500,1,1,2,1,38,37,9,7,1,1,0,0,1,0,1,0,0,0,3,2,3,2,0,0,3,2,3,2,0,0,2,1,2
1,17,1,9238,1,1,0,1,37,37,4,9,0,1,0,0,1,0,1,0,0,0,1,3,1,0,1,0,1,2,1,1,0,2,3,0,2
2,42,1,9500,1,2,1,1,37,37,9,9,2,0,0,0,1,0,1,3,0,0,3,2,3,3,0,0,3,2,3,3,0,0,0,0,2
1,43,1,9070,1,1,2,1,19,37,7,7,2,1,0,0,1,1,0,2,0,3,3,3,3,3,0,3,3,3,3,2,0,3,3,0,2
1,1,2,9254,1,1,1,1,1,19,9,9,2,1,0,0,1,0,1,0,0,0,2,2,3,2,0,0,2,1,3,1,0,0,1,3,2
1,17,3,9773,1,1,2,1,2,1,3,3,2,1,0,0,1,1,0,0,0,0,2,2,3,2,0,0,2,2,3,2,0,3,0,1,2
2,7,1,9238,1,3,3,1,37,37,191,192,3,0,0,0,1,0,0,3,0,1,2,3,1,2,0,0,2,3,1,3,0,2,3,0,2
1,1,6,9500,1,1,2,1,1,1,4,4,1,1,0,0,1,0,0,0,0,0,3,2,3,1,0,0,3,2,3,1,0,1,1,2,2
1,39,1,9500,1,19,1,1,38,37,9,9,2,0,0,0,1,0,0,2,0,0,3,2,2,2,0,0,3,2,3,3,0,2,0,2,2
1,1,1,9254,1,1,0,1,1,37,9,9,2,0,0,0,1,0,1,2,0,0,1,2,1,0,0,0,1,2,1,1,0,3,3,0,2
1,18,1,9500,1,1,3,1,37,37,6,6,2,1,0,0,1,0,1,0,0,0,3,2,3,3,0,0,3,2,3,3,0,2,3,0,2
1,43,2,9500,1,1,1,1,38,37,4,4,2,1,0,0,1,1,1,3,0,3,3,3,3,3,3,3,3,3,3,3,3,0,2,1,2
1,7,1,9991,0,40,2,1,37,37,6,6,3,0,0,0,1,0,0,3,0,1,1,1,1,3,0,1,1,1,1,3,0,2,1,2,2
1,17,3,9773,1,1,0,1,1,19,5,5,0,1,0,0,1,0,1,0,0,0,1,1,2,2,0,0,2,1,2,3,0,3,0,1,2
1,39,1,9085,1,1,1,1,19,37,9,6,2,1,0,0,1,0,0,3,0,0,2,3,2,2,0,0,2,3,1,2,0,3,3,0,2
1,1,1,9500,1,1,2,1,38,19,9,5,3,0,0,0,1,0,0,1,0,0,3,2,2,2,0,0,3,2,3,3,0,2,0,2,2
1,1,5,9238,1,1,1,1,30,19,0,2,1,1,0,0,1,0,0,0,0,0,2,2,2,1,0,0,2,1,2,1,0,0,2,1,2
1,1,1,9085,1,1,2,1,3,4,2,2,2,0,0,0,1,0,0,0,0,0,1,3,2,2,3,0,1,3,2,1,2,0,0,0,2
1,1,1,9147,1,1,1,1,38,38,9,9,2,0,0,0,1,0,1,0,0,0,1,1,1,0,0,0,1,1,1,1,0,2,1,2,2
1,39,1,9085,1,1,1,1,19,19,7,7,2,1,0,0,1,0,0,2,0,0,2,1,2,3,0,0,2,3,2,3,0,2,0,2,2
1,53,1,9085,1,42,3,1,19,37,4,9,3,1,0,0,1,0,0,1,0,3,3,3,3,3,0,2,3,2,3,3,0,0,1,3,2
1,17,2,9238,1,1,1,1,37,37,9,4,1,0,0,0,1,0,1,0,0,0,2,1,2,3,0,0,2,1,2,3,0,2,0,2,2
1,17,1,9500,1,1,1,1,1,1,5,5,2,0,0,0,1,1,0,0,0,0,3,2,3,2,0,0,3,3,3,1,0,3,0,1,2
1,18,1,9147,1,1,3,1,19,19,5,8,3,1,0,0,1,0,1,0,0,0,1,1,2,2,0,0,1,2,2,1,0,1,1,2,2
1,1,1,9238,1,1,0,1,1,1,9,8,1,1,0,0,1,0,1,0,0,0,1,2,1,1,0,0,1,2,1,2,0,2,1,2,2
1,1,2,9070,1,1,0,1,19,19,3,3,0,1,0,0,1,0,0,2,0,0,1,1,2,1,0,0,1,1,1,2,0,2,3,0,2
1,1,2,9500,1,1,1,1,38,1,7,4,2,1,0,0,1,0,1,0,0,0,3,2,3,2,0,0,3,2,3,2,0,2,3,0,2
1,1,2,9773,1,1,2,1,19,1,9,3,2,1,0,0,1,0,0,0,0,0,1,1,2,2,0,0,1,1,2,3,0,2,3,0,2
1,1,1,9500,1,1,3,1,38,38,9,9,3,0,0,0,1,1,0,0,0,0,3,2,3,3,0,0,3,2,3,3,0,2,3,0,2
1,44,1,171,1,39,2,1,3,3,2,2,3,0,0,1,1,1,0,1,0,0,0,0,0,0,0,0,0,0,0,0,0,3,3,0,2
1,1,1,9500,1,1,3,1,19,38,5,3,3,0,0,0,1,0,0,0,0,0,3,2,3,3,0,0,3,2,3,3,0,0,0,0,2
1,53,1,9147,1,42,2,1,3,4,2,1,3,0,0,0,1,0,0,1,0,2,3,3,3,2,0,2,3,3,3,1,0,0,1,3,2
1,17,1,9085,1,1,3,1,3,37,4,8,2,1,0,0,1,0,0,0,0,0,2,2,2,3,0,0,2,3,2,2,0,2,1,2,2
1,1,1,9500,1,1,1,1,19,19,3,7,1,0,0,0,1,0,0,0,0,0,3,2,2,2,0,0,3,2,3,3,0,1,1,3,2
1,17,3,9070,1,1,0,1,3,1,4,4,0,1,0,0,1,0,0,0,0,0,2,1,3,3,0,0,2,2,3,3,0,0,1,3,2
1,1,6,9500,1,1,3,1,1,38,4,5,1,1,0,0,1,0,1,0,0,0,3,2,3,2,0,0,3,2,3,2,0,0,0,0,2
1,1,2,9773,1,1,3,1,19,1,3,9,3,1,0,0,1,0,1,0,0,0,2,1,2,3,0,0,2,1,2,3,0,3,0,1,2
1,42,1,9500,1,1,3,1,37,1,9,4,2,1,0,0,1,0,0,2,0,3,3,3,3,3,0,3,3,3,3,3,0,3,3,0,2
1,43,1,9500,1,1,0,1,1,1,5,8,0,1,0,0,1,0,1,0,0,0,3,3,3,1,0,0,3,3,3,1,0,2,3,0,2
1,17,1,9130,1,1,3,1,38,37,9,7,2,1,0,0,1,0,0,0,0,0,1,1,2,1,0,0,1,1,2,2,0,1,1,2,2
1,17,2,9238,1,1,3,1,19,38,7,6,2,1,0,0,1,0,1,0,0,0,2,3,1,1,0,0,2,3,2,1,0,2,3,0,2
2,39,1,8014,0,19,1,1,37,37,9,6,0,0,0,0,1,1,0,3,0,1,3,1,3,2,0,0,2,1,2,2,0,2,3,0,2
1,1,4,9500,1,1,2,1,19,38,9,9,1,1,0,0,1,0,0,0,0,0,3,2,3,3,0,0,3,2,3,3,0,1,1,2,2
1,1,4,9500,1,1,0,1,1,1,4,7,0,1,0,0,1,0,1,0,0,0,3,1,3,2,0,0,3,2,3,2,0,1,1,3,2
1,17,3,9238,1,1,0,1,19,19,7,7,0,1,0,0,1,0,0,0,0,0,3,2,2,0,0,0,3,3,3,0,0,0,1,3,2
2,39,1,8014,0,1,2,1,19,19,9,7,0,0,0,0,1,0,1,3,0,0,2,1,3,1,0,0,2,2,2,2,0,3,3,0,2
2,39,1,8014,0,1,2,1,37,37,9,9,0,0,0,0,1,0,0,3,0,0,2,1,2,2,0,0,2,1,2,1,0,3,3,0,2
1,1,3,9070,1,1,2,1,1,38,4,7,3,1,0,0,1,0,1,0,0,0,2,1,3,2,0,0,2,1,3,2,0,0,0,0,2
1,1,1,9773,1,1,2,1,38,38,9,9,3,1,0,0,1,0,1,0,0,0,2,1,2,2,0,0,2,1,2,2,0,0,0,0,2
1,17,3,9238,1,1,1,1,1,39,5,3,1,1,0,0,1,0,0,0,0,0,1,1,2,2,0,0,1,1,2,3,0,2,1,2,2
1,1,1,9500,1,1,3,1,1,1,4,4,3,1,0,0,1,0,1,0,0,0,3,1,3,3,0,0,3,2,3,3,0,2,1,2,2
1,53,1,9238,1,42,2,1,37,37,9,10,3,1,0,0,1,0,0,2,0,2,3,3,3,2,0,2,3,2,3,2,0,0,1,3,2
1,1,3,9500,1,1,3,1,19,37,7,7,3,1,0,0,1,0,1,0,0,0,3,2,3,2,0,0,3,2,3,2,0,0,0,0,2
1,1,2,9500,1,1,1,1,19,38,7,9,1,1,0,0,1,0,1,2,0,0,3,3,3,2,0,0,3,3,3,2,0,3,3,0,2
1,1,1,9238,1,1,1,1,37,19,9,3,0,1,0,0,1,0,1,0,0,0,1,1,2,2,0,0,1,1,2,3,0,2,1,2,2
1,39,2,8014,0,1,3,1,37,37,9,9,3,0,0,0,1,0,0,3,0,0,3,2,3,2,0,0,3,2,3,3,0,2,1,2,2
1,1,5,9238,1,3,2,1,1,38,9,3,2,0,0,1,1,0,0,0,0,0,2,1,2,1,0,0,2,1,2,2,0,1,1,2,2
1,1,1,9500,1,1,0,1,38,38,7,7,0,1,0,0,1,0,0,0,0,0,3,2,3,2,0,0,3,2,3,2,0,1,1,3,2
1,17,1,9070,1,1,3,1,19,38,4,5,2,1,0,0,1,1,0,2,0,0,2,1,2,1,0,0,2,1,2,1,0,0,2,1,2
1,17,1,9500,1,1,1,1,19,1,4,3,0,1,0,0,1,0,0,1,0,0,3,2,2,1,0,0,3,3,3,2,0,3,0,1,2
1,44,1,9085,1,39,3,1,38,37,9,4,3,1,0,0,1,1,1,2,0,0,3,3,3,3,0,1,3,3,3,3,0,2,1,2,2
5,7,1,9991,0,2,0,1,37,37,6,6,1,0,0,0,1,0,0,3,0,2,3,3,3,2,0,2,3,3,2,2,0,0,1,3,2
1,1,1,9500,1,1,1,1,19,37,9,9,0,1,0,0,1,0,1,0,0,0,3,2,3,2,0,0,3,2,3,2,0,2,3,0,2
1,17,2,9500,1,1,2,1,1,38,5,8,2,1,0,0,1,0,0,0,0,0,3,2,2,2,0,0,3,2,3,3,0,2,0,2,2
1,43,4,171,1,1,0,1,19,12,9,10,0,0,0,0,1,1,0,0,0,0,0,0,0,0,0,0,0,0,0,0,0,0,0,0,2
1,44,1,9003,1,39,3,1,37,19,9,9,3,0,0,0,1,1,1,2,0,0,3,3,3,3,0,0,3,2,3,2,0,2,0,2,2
1,1,5,9119,1,1,2,1,37,37,90,90,1,1,0,0,1,1,0,1,0,0,1,3,1,0,0,0,1,1,1,2,0,0,2,1,2
1,1,5,171,1,1,2,1,19,3,9,2,3,1,0,0,1,1,1,0,0,0,0,0,0,0,0,0,0,0,0,0,0,0,0,0,2
1,43,1,9085,1,1,0,25,38,38,9,6,0,1,0,0,1,1,0,3,1,3,3,3,3,2,3,3,3,3,3,1,3,3,3,0,2
1,1,1,9238,1,1,1,1,19,19,0,5,1,1,0,0,1,0,0,0,0,0,2,3,1,2,0,0,2,2,2,1,0,0,2,1,2
1,39,1,9500,1,1,0,1,1,19,4,8,1,0,0,0,1,0,0,2,0,0,3,2,3,2,0,0,3,2,3,2,0,1,1,2,2
1,1,6,9500,1,1,1,1,1,1,9,9,1,1,1,1,1,1,0,0,0,1,3,2,3,2,0,1,3,3,3,2,0,2,1,2,2
1,17,4,9500,1,1,2,1,1,1,4,4,2,1,0,0,1,0,0,0,0,0,3,2,3,3,0,0,3,2,3,3,0,1,1,3,2
1,17,5,9773,1,1,0,1,19,12,7,3,0,1,0,0,1,0,0,2,0,0,2,2,3,3,0,0,2,2,3,3,0,2,0,2,2
1,1,1,9500,1,1,3,1,38,37,9,9,1,0,0,0,1,0,1,0,0,0,3,3,3,2,0,0,3,3,3,2,0,2,3,0,2
1,1,1,9238,1,1,1,1,38,37,5,5,0,0,0,0,1,0,1,1,0,0,2,2,2,1,0,0,2,1,2,3,0,3,0,1,2
1,17,5,9500,1,1,2,1,1,1,5,5,2,1,0,0,1,0,1,0,0,0,3,1,3,3,0,0,3,2,3,3,0,2,0,2,2
1,17,4,9500,1,1,3,1,38,37,3,3,2,1,0,0,1,0,0,0,0,0,3,2,3,2,0,0,3,2,3,2,0,1,1,2,2
1,1,1,9254,1,1,0,1,3,2,4,5,0,0,0,0,1,1,1,1,0,0,2,2,3,2,0,0,2,1,3,1,0,0,1,3,2
1,1,1,171,1,1,3,1,37,37,9,7,3,1,0,0,1,0,0,0,0,0,0,0,0,0,0,0,0,0,0,0,0,0,2,1,2
1,15,1,9147,1,1,1,26,1,1,2,3,2,0,0,0,1,0,0,0,1,0,1,3,1,1,0,0,1,1,2,1,0,1,1,3,2
1,1,2,9085,1,1,2,1,37,38,9,7,3,0,0,0,1,0,0,0,0,0,1,3,1,2,2,0,1,1,1,1,0,0,0,0,2
1,1,1,9500,1,1,2,1,19,3,9,4,1,1,0,0,1,0,0,0,0,0,3,1,2,2,0,0,3,1,2,2,0,0,2,1,2
1,17,2,9853,1,1,0,1,19,38,5,7,0,1,0,0,1,0,1,0,0,0,3,2,3,1,0,0,3,2,2,3,0,1,1,3,2
1,1,3,9773,1,1,0,1,19,38,9,7,0,1,0,0,1,1,0,0,0,0,2,1,3,3,0,0,2,1,3,3,0,1,1,3,2
1,39,1,8014,0,1,0,1,1,19,6,8,1,0,0,0,1,0,1,2,0,0,1,3,1,0,0,0,1,2,1,2,0,1,1,3,2
1,1,1,9670,1,1,0,1,3,3,3,3,0,1,0,0,1,1,0,0,0,0,2,2,2,2,0,0,2,1,2,2,0,2,1,2,2
1,17,1,9500,1,1,1,1,1,3,9,2,2,1,0,0,1,0,0,0,0,0,3,1,3,3,0,0,3,3,3,3,0,3,0,1,2
1,1,1,9500,1,1,3,1,3,4,3,3,3,0,0,0,1,0,0,0,0,0,3,1,3,3,0,0,3,2,3,3,0,1,1,3,2
1,17,1,9500,1,1,3,1,19,19,4,9,2,0,0,0,1,1,0,2,0,0,3,2,3,3,0,0,3,2,3,3,0,1,1,2,2
1,1,1,9147,1,1,0,1,38,38,9,9,0,0,0,0,1,1,1,1,0,0,1,2,2,2,0,0,1,2,2,1,0,2,0,2,2
4,43,1,9991,0,1,3,1,37,37,6,6,2,0,0,0,1,0,0,3,0,3,3,3,3,1,0,3,3,3,3,1,1,0,0,0,2
1,1,1,9500,1,1,1,1,38,37,5,10,0,1,0,0,1,1,0,0,0,0,3,2,3,3,0,0,3,2,3,3,0,1,1,2,2
1,1,1,9119,1,1,3,1,19,19,4,4,3,0,0,0,1,1,1,0,0,0,1,1,1,3,0,0,1,2,2,3,0,2,1,2,2
1,39,1,9500,1,1,3,1,38,3,9,1,3,0,0,0,1,1,0,2,0,0,3,3,3,1,0,0,3,3,1,2,0,3,3,0,2
1,1,1,9254,1,1,3,1,19,19,9,9,3,1,0,0,1,0,1,0,0,0,3,2,3,3,0,0,3,3,1,3,0,3,3,0,2
1,17,1,9500,1,1,3,1,37,37,9,8,2,1,0,0,1,0,0,1,0,0,3,2,3,2,0,0,3,3,3,3,0,3,0,1,2
1,1,4,9500,1,1,1,1,1,1,4,10,1,1,0,0,1,1,1,0,0,0,3,1,3,3,0,0,3,2,3,3,0,2,1,2,2
1,17,5,9500,1,1,3,1,19,19,9,7,2,1,0,0,1,0,1,0,0,0,3,2,3,3,0,0,3,2,3,3,0,3,3,0,2
1,51,1,33,1,1,0,1,19,37,5,7,1,0,0,0,1,0,0,3,0,3,3,3,3,2,0,3,3,3,3,1,0,0,1,3,2
1,1,1,9254,1,1,1,1,38,38,6,6,1,1,0,0,1,0,0,0,0,0,2,1,2,0,0,0,2,1,2,1,0,0,2,1,2
1,1,1,9147,1,1,3,1,1,38,4,3,3,0,0,0,1,0,0,0,0,0,1,1,1,3,0,0,1,1,1,3,0,1,1,3,2
2,1,1,9556,1,1,3,1,19,19,193,144,3,0,0,1,1,1,0,2,0,0,3,2,3,1,0,0,3,3,3,3,0,1,1,2,2
1,16,6,9147,1,1,1,1,37,37,9,9,0,1,0,0,1,0,0,1,0,0,1,2,1,1,0,0,1,3,1,2,0,0,2,1,2
1,1,3,9500,1,1,3,1,1,1,4,4,2,1,0,0,1,1,0,0,0,0,3,2,3,2,0,0,3,2,3,2,0,2,3,0,2
1,1,1,9147,1,1,3,1,37,37,9,6,3,0,0,0,1,0,1,0,0,0,1,1,1,3,0,0,1,1,2,3,0,2,1,2,2
1,1,1,9238,1,1,3,1,19,19,9,9,3,1,0,0,1,0,1,2,0,0,2,1,2,3,0,0,2,1,2,3,0,1,1,2,2
1,1,1,171,1,1,1,1,3,1,2,4,2,1,0,0,1,0,0,1,0,2,3,3,3,1,0,2,3,3,3,2,0,1,1,3,2
1,17,1,9773,1,1,3,1,2,1,123,135,3,0,0,1,1,0,1,0,0,0,2,1,3,3,0,0,2,1,3,3,0,0,1,3,2
1,1,1,9070,1,1,2,1,37,37,9,9,2,1,0,0,1,0,1,0,0,0,1,1,2,2,0,0,1,2,2,2,0,1,1,2,2
1,17,2,8014,0,1,0,1,37,34,0,0,0,1,0,0,1,0,0,0,0,0,2,2,2,1,0,0,2,1,2,1,0,0,2,1,2
1,1,2,9085,1,1,0,1,38,37,9,9,0,1,0,0,1,0,1,2,0,0,1,1,1,1,0,0,1,1,1,1,0,1,1,2,2
1,17,1,9003,1,1,1,1,38,37,9,9,1,1,0,0,1,0,0,2,0,3,3,3,3,1,1,3,3,3,3,1,0,3,3,0,2
1,1,1,9238,1,1,0,1,3,3,3,3,0,0,0,0,1,0,0,1,0,0,2,1,2,3,0,0,2,1,2,2,0,2,1,2,2
1,1,1,9500,1,1,1,1,38,38,5,5,1,0,0,0,1,0,0,0,0,0,3,1,3,2,0,0,3,2,3,2,0,3,0,1,2
1,1,1,171,1,1,2,1,1,38,5,7,3,1,0,1,0,1,0,0,0,0,0,0,0,0,0,0,0,0,0,0,0,2,3,0,2
1,39,1,8014,0,1,1,1,3,19,4,7,1,0,0,0,1,1,0,3,0,2,3,3,3,2,0,1,3,2,3,2,0,0,1,3,2
1,1,1,9254,1,1,0,1,38,38,5,8,0,1,0,0,1,0,0,0,0,0,1,2,2,1,0,0,1,1,2,3,0,1,1,3,2
1,1,3,9773,1,1,2,1,3,1,2,3,3,1,0,0,1,0,0,0,0,0,2,1,2,3,0,0,2,1,2,3,0,2,0,2,2
1,1,1,9238,1,1,2,1,19,38,5,8,2,0,0,0,1,0,1,0,0,0,2,1,3,3,0,0,2,1,3,2,0,0,1,3,2
1,17,5,9500,1,1,3,1,19,38,9,5,2,1,0,0,1,0,1,0,0,0,3,2,3,3,0,0,3,2,3,3,0,2,0,2,2
2,39,1,9254,1,1,1,1,37,37,4,7,1,1,0,0,1,0,0,3,0,0,2,2,2,2,0,0,2,2,2,2,0,0,0,0,2
1,1,3,9254,1,1,0,1,1,1,4,3,1,1,0,0,1,1,0,0,0,0,2,2,2,2,0,0,2,1,2,3,0,1,1,3,2
1,17,6,9238,1,1,0,1,1,38,4,7,0,0,0,0,1,0,1,0,0,0,2,2,3,1,0,0,2,1,3,2,0,2,0,2,2
1,1,6,9500,1,1,3,1,19,19,5,5,2,1,0,0,1,0,1,0,0,0,3,2,3,3,0,0,3,2,3,3,0,2,3,0,2
1,1,1,9773,1,1,3,1,37,37,8,8,3,0,0,0,1,0,0,0,0,0,2,1,2,3,0,0,2,1,2,3,0,2,0,2,2
1,1,4,9500,1,1,2,1,37,38,9,9,1,1,0,0,1,1,1,0,0,0,3,2,3,2,0,0,3,2,3,2,0,1,1,2,2
1,43,1,9853,1,1,2,1,3,1,3,3,2,1,0,0,1,0,0,3,0,3,3,3,3,2,0,3,3,3,3,2,0,2,1,2,2
1,43,1,9070,1,1,1,1,37,37,9,9,2,1,0,0,1,0,0,2,0,0,2,1,2,3,0,0,2,1,2,2,0,0,0,0,2
1,1,1,9773,1,1,1,1,1,19,9,7,1,0,0,0,1,0,0,0,0,0,2,1,3,1,0,0,2,1,3,1,0,2,3,0,2
1,17,1,9500,1,1,2,1,38,1,9,6,2,1,0,0,1,1,1,1,0,0,3,2,3,1,0,0,3,2,3,2,0,3,3,0,2
1,18,1,9130,1,1,2,1,38,19,9,5,1,1,0,0,1,0,1,0,0,0,1,1,1,1,0,0,1,1,2,2,0,1,1,2,2
1,43,1,9853,1,1,2,1,37,37,6,6,1,0,0,1,1,0,0,3,0,3,3,3,3,2,0,3,3,3,3,1,0,2,1,2,2
1,1,1,9238,1,1,1,1,1,38,9,7,2,1,0,0,1,0,1,1,0,0,1,2,2,2,0,0,1,1,2,1,0,0,1,3,2
1,16,4,9254,1,1,1,1,38,37,9,7,1,1,0,0,1,0,1,2,0,0,2,1,2,3,0,0,2,1,2,2,0,0,1,3,2
1,17,2,9500,1,1,1,1,19,37,9,7,2,1,0,0,1,0,0,1,0,0,3,2,2,3,0,0,3,3,3,3,0,2,1,2,2
1,1,1,9670,1,1,1,1,19,37,4,5,1,0,0,0,1,0,1,0,0,0,1,1,2,3,0,0,1,2,2,3,0,2,3,0,2
1,1,1,9238,1,1,2,1,1,1,9,6,2,0,0,1,1,0,0,0,0,0,1,3,2,1,0,0,1,2,1,1,0,2,0,2,2
1,44,1,9003,1,39,3,1,1,38,4,4,3,1,0,0,1,1,1,1,0,0,2,2,2,3,0,0,2,2,2,2,0,2,0,2,2
1,51,1,8014,0,1,0,1,1,38,5,7,0,0,0,0,1,0,0,2,0,3,3,3,3,0,0,3,3,3,3,1,0,3,0,1,2
1,17,2,8014,0,1,0,1,19,1,5,10,0,1,0,0,1,0,0,0,0,0,2,2,1,0,0,0,2,2,1,1,0,1,1,2,2
1,1,1,9773,1,1,1,1,19,37,9,9,2,0,0,0,1,1,0,0,0,0,2,2,2,2,0,0,2,2,2,2,0,3,3,0,2
1,17,1,9670,1,1,1,1,12,38,9,5,1,0,0,0,1,0,1,0,0,0,2,1,2,3,0,0,2,2,2,3,0,0,1,3,2
1,1,3,9070,1,1,0,1,43,3,123,123,0,1,0,1,1,1,0,0,0,0,3,1,3,1,0,0,3,2,3,3,0,0,1,3,2
1,51,1,9147,1,1,2,1,19,19,9,7,1,0,0,1,0,0,0,3,0,3,3,3,3,0,0,3,3,3,3,1,0,3,0,1,2
1,1,1,9085,1,1,2,1,3,3,2,2,3,0,0,0,1,0,0,0,0,0,1,1,2,2,0,0,1,1,2,1,0,0,2,1,2
1,1,1,9238,1,1,3,1,38,19,9,10,1,1,0,0,1,0,1,0,0,0,2,1,2,2,0,0,2,1,2,1,0,0,0,0,2
1,1,5,9500,1,1,1,1,19,19,7,8,1,1,0,0,1,0,1,0,0,0,3,2,3,2,0,0,3,2,3,2,0,1,1,2,2
1,1,1,9500,1,1,1,1,1,19,9,6,1,1,0,0,1,0,1,1,0,0,3,2,2,2,0,0,3,2,3,2,0,1,1,3,2
1,17,1,9556,1,1,1,1,38,37,9,9,1,1,0,0,1,0,1,0,0,0,3,2,3,2,0,0,3,2,3,3,0,3,3,0,2
1,39,1,9003,1,1,1,1,38,37,7,7,1,0,0,0,1,1,0,3,0,3,3,3,3,3,0,3,3,3,3,3,2,3,3,0,2
1,17,4,9070,1,1,0,1,1,1,3,3,1,1,0,0,1,1,1,0,0,0,2,1,2,2,0,0,2,1,2,1,0,1,1,3,2
1,39,1,8014,0,19,3,1,34,34,0,0,2,0,0,0,1,0,0,3,0,0,2,1,3,3,0,1,2,1,3,2,0,0,2,1,2
1,1,1,9238,1,1,0,1,2,12,3,10,0,1,0,0,1,0,0,1,0,0,2,1,2,1,0,0,2,1,2,1,0,1,1,3,2
1,18,1,9500,1,1,0,1,38,37,5,5,0,0,0,0,1,0,0,1,0,0,3,3,2,1,0,0,3,2,3,2,0,3,3,0,2
1,1,1,9130,1,1,1,1,3,1,2,4,1,0,0,0,1,1,0,0,0,0,1,1,1,3,0,0,1,1,1,2,0,0,2,1,2
1,1,1,9773,1,1,1,1,3,19,4,5,0,1,0,0,1,0,0,1,0,0,1,1,2,3,0,0,1,1,2,2,0,2,3,0,2
1,1,1,9070,1,1,1,1,1,19,4,0,1,0,1,0,1,0,1,1,0,0,2,1,2,2,0,0,2,1,2,2,0,1,1,3,2
1,17,1,9147,1,1,2,1,37,38,9,9,2,1,0,1,1,0,1,0,0,0,1,1,2,2,0,0,1,1,2,2,0,1,1,3,2
1,17,6,9500,1,1,3,1,1,38,3,3,2,1,0,0,1,0,0,0,0,0,3,1,3,3,0,0,3,2,3,3,0,1,1,3,2
1,17,2,9238,1,1,1,1,19,19,9,9,2,1,0,0,1,0,0,0,0,0,1,1,2,1,0,0,1,2,1,2,0,1,1,3,2
1,1,1,9254,1,1,0,1,1,1,191,193,0,0,0,0,1,1,0,1,0,0,2,2,2,2,0,0,2,1,2,2,0,0,1,3,2
1,17,4,9254,1,1,0,1,38,38,5,5,0,1,0,0,1,0,0,1,0,0,2,1,2,0,0,0,2,2,1,2,0,0,0,0,2
1,1,1,8014,0,1,0,1,38,38,9,7,0,1,0,0,1,0,0,3,0,0,3,2,2,2,0,0,3,2,2,1,0,0,0,0,2
1,1,5,9500,1,1,1,1,19,1,9,5,1,1,0,0,1,0,1,0,0,0,3,2,3,1,0,0,3,3,3,2,0,2,1,2,2
1,17,2,9500,1,1,1,1,19,37,9,7,1,1,0,0,1,0,1,1,0,0,3,2,3,2,0,0,3,2,3,2,0,1,1,2,2
1,1,6,9500,1,1,2,1,37,1,5,4,1,1,0,0,1,0,0,0,0,2,3,3,3,1,3,3,3,3,3,1,3,0,2,1,2
2,39,1,8014,0,1,3,1,34,34,0,0,0,0,0,0,1,0,0,3,0,0,2,3,2,1,0,1,3,2,3,1,0,0,2,1,2
1,1,1,9254,1,1,3,41,37,37,5,5,3,1,0,0,1,0,1,1,1,0,2,1,2,3,0,0,2,1,2,2,0,1,1,2,2
1,1,1,9500,1,1,2,1,38,19,3,10,1,0,0,0,1,0,0,0,0,0,3,3,3,3,0,0,3,2,3,2,0,3,3,0,2
2,39,1,9991,0,19,1,1,37,37,9,9,3,0,0,0,1,0,0,3,0,0,1,1,2,3,0,0,1,1,2,3,0,0,2,1,2
1,1,1,9773,1,1,0,1,1,37,5,9,1,0,0,0,1,1,1,0,0,0,2,2,3,1,0,0,2,3,1,2,0,3,3,0,2
1,1,1,9773,1,1,3,1,1,19,9,9,3,0,0,1,1,1,1,0,0,0,2,1,2,2,0,0,2,1,2,3,0,3,0,1,2
1,17,1,9773,1,1,0,1,37,37,9,8,0,1,0,0,1,0,1,0,0,0,2,2,3,3,0,0,2,2,3,3,0,2,0,2,2
1,1,2,9147,1,1,0,1,19,19,9,7,1,1,0,0,1,0,0,0,0,0,1,2,1,0,0,0,1,2,1,1,2,3,0,1,2
1,7,1,9500,1,3,2,1,37,37,4,4,3,0,0,0,1,0,0,2,0,0,3,2,3,3,0,0,3,2,3,3,0,1,1,2,2
1,1,1,9254,1,1,0,1,1,1,5,5,0,1,0,0,1,1,1,2,0,0,3,1,3,1,0,0,3,2,2,1,0,1,1,2,2
1,17,4,9500,1,1,1,1,19,19,3,10,2,1,0,0,1,0,0,0,0,0,3,2,3,3,0,0,3,2,3,3,0,2,0,2,2
1,17,4,9500,1,1,1,1,38,37,9,5,1,1,0,0,1,0,0,0,0,0,3,2,3,2,0,0,3,2,3,2,0,1,1,2,2
1,17,1,9003,1,1,0,1,38,37,5,9,2,1,0,0,1,1,1,2,0,3,3,3,3,1,0,3,3,3,3,2,0,3,3,0,2
1,17,3,9500,1,1,2,1,19,37,7,7,2,1,0,0,1,0,1,0,0,0,3,1,3,3,0,0,3,3,3,3,0,3,0,1,2
1,1,4,9500,1,1,0,1,19,1,1,1,0,1,0,0,1,0,0,0,0,0,3,3,3,2,0,0,3,2,3,2,0,3,3,0,2
1,53,1,9670,1,42,0,1,1,19,9,9,0,0,0,0,1,1,1,2,0,0,2,1,2,2,0,0,2,1,2,2,0,0,1,3,2
2,39,1,8014,0,1,1,1,34,34,99,99,0,0,0,0,1,0,0,3,0,0,1,2,2,1,0,1,1,3,1,1,1,0,2,1,2
1,39,1,9991,0,1,3,1,1,37,9,7,2,0,0,0,1,0,1,2,0,0,1,2,2,1,0,0,1,3,2,2,2,3,0,1,2
1,51,1,9238,1,39,2,1,38,38,5,7,2,1,0,0,1,0,1,1,0,2,3,3,3,2,0,3,3,3,3,3,0,2,1,2,2
1,17,4,9670,1,1,0,1,1,19,5,5,0,1,0,0,1,0,0,0,0,0,1,2,2,1,0,0,1,3,1,3,0,1,1,3,2
5,39,1,9500,1,3,2,1,37,38,9,9,3,0,0,0,1,0,0,3,0,0,3,2,3,3,0,0,3,2,3,3,0,2,3,0,2
1,17,1,9070,1,1,0,1,38,19,9,3,0,1,0,0,1,0,0,2,0,0,2,1,3,2,0,0,2,1,3,2,0,0,2,1,2
1,44,1,9085,1,39,3,1,3,19,2,4,3,1,0,0,1,0,0,2,0,1,2,3,3,2,0,1,2,3,1,2,0,2,1,2,2
1,1,1,9773,1,1,1,1,37,19,9,9,2,1,0,0,1,0,1,0,0,0,2,2,2,2,0,0,2,1,2,2,0,3,3,0,2
1,1,1,9238,1,1,2,1,19,1,4,3,1,1,0,0,1,0,0,1,0,0,2,2,3,1,0,0,2,3,3,1,0,0,2,1,2
1,17,1,9853,1,1,3,1,19,19,9,8,3,0,0,0,1,0,1,0,0,0,3,1,3,3,0,0,3,1,3,3,0,3,0,1,2
1,1,1,9853,1,1,3,1,1,19,9,4,3,1,0,0,1,0,1,0,0,0,3,1,3,3,0,0,3,1,3,3,0,1,1,3,2
1,44,1,9238,1,1,2,1,1,1,5,5,3,0,0,0,1,0,1,2,0,2,2,1,2,3,0,1,2,1,2,2,0,2,0,2,2
1,18,1,9238,1,1,0,1,1,3,9,2,0,1,0,0,1,1,0,2,0,0,2,2,2,0,0,0,2,3,2,0,0,2,3,0,2
1,43,1,9500,1,1,3,1,29,38,90,3,2,1,0,0,1,0,1,2,0,3,3,3,3,3,3,3,3,3,3,3,3,0,2,1,2
1,44,1,9003,1,39,1,1,1,3,9,6,2,0,0,0,1,1,1,2,0,0,2,3,3,1,0,0,2,2,1,1,0,2,0,2,2
1,17,1,9085,1,1,0,1,2,3,2,2,0,0,0,0,1,0,0,1,0,0,1,3,1,1,3,0,1,3,1,1,2,0,0,0,2
1,44,1,9003,1,39,2,1,2,1,4,6,3,0,0,0,1,1,0,2,0,0,1,3,1,1,0,0,1,3,1,1,0,2,0,2,2
1,18,2,9556,1,1,1,1,3,3,2,2,0,0,0,0,1,1,0,0,0,0,3,3,2,3,0,0,3,3,1,3,0,0,1,3,2
1,1,1,9238,1,1,0,1,1,1,3,3,1,1,0,0,1,0,0,0,0,0,1,3,2,1,0,0,1,2,2,2,0,2,1,2,2
1,7,1,9119,1,40,2,1,3,1,2,5,3,0,0,0,1,1,0,2,0,0,1,1,2,3,0,0,1,1,2,3,0,1,1,3,2
