urea,hbeag,nausea,flatulence,joints,triglycerides,itching,pain,hcv_anti,alt,hbc_anti,hospital,injections,hepatomegaly,cholesterol,edge,encephalopathy,le_cells,gallstones,fatigue,fat,vh_amn,inr,albumin,palms,platelet,hepatotoxic,diabetes,anorexia,spleen,obesity,jaundice,hepatalgia,ama,ESR,phosphatase,bleeding,transfusion,upper_pain,irregular_liver,Cirrhosis,proteins,RHepatitis,sex,pressure_ruq,Steatosis,age,surgery,spiders,edema,alcohol,Hyperbilirubinemia,carcinoma,ast,PBC,THepatitis,hbsag,ascites,fibrosis,pain_ruq,alcoholism,choledocholithotomy,consciousness,bilirubin,density,skin,amylase,ChHepatitis,hbsag_anti,ggtp
a39_0,absent,absent,absent,present,a1_0,absent,present,absent,a99_35,present,present,present,present,a239_0,present,absent,present,absent,present,absent,absent,a109_70,a70_50,absent,a299_150,present,present,absent,absent,absent,absent,present,present,a200_50,a239_0,present,absent,absent,absent,absent,a10_6,absent,female,absent,absent,age51_65,present,present,absent,present,absent,absent,a149_40,present,present,absent,absent,absent,present,absent,absent,present,a1_0,absent,absent,a299_0,absent,absent,a9_0
a39_0,absent,present,absent,absent,a17_4,absent,absent,absent,a34_0,absent,present,present,present,a239_0,absent,absent,present,absent,absent,absent,present,a109_70,a70_50,absent,a299_150,present,present,absent,absent,present,present,present,present,a49_15,a4000_700,present,absent,absent,absent,absent,a10_6,absent,female,absent,present,age65_100,present,present,present,absent,absent,absent,a39_0,present,absent,absent,present,absent,absent,present,absent,present,a6_2,absent,present,a299_0,absent,absent,a640_70
a39_0,absent,present,absent,present,a17_4,present,present,absent,a99_35,absent,present,present,present,a999_350,present,absent,present,present,absent,present,present,a109_70,a70_50,present,a597_300,present,present,present,absent,present,present,absent,present,a14_0,a239_0,absent,present,present,present,decompensate,a10_6,absent,female,present,present,age65_100,present,present,present,present,absent,present,a149_40,present,present,present,present,present,absent,present,present,present,a6_2,absent,present,a299_0,active,absent,a9_0
a165_50,absent,absent,present,present,a17_4,present,present,absent,a199_100,absent,present,present,present,a999_350,present,present,present,present,present,present,present,a109_70,a70_50,present,a299_150,absent,present,absent,present,present,present,present,present,a14_0,a239_0,absent,present,present,present,decompensate,a10_6,absent,female,absent,present,age65_100,present,present,present,present,absent,present,a399_150,present,absent,present,absent,present,absent,present,present,present,a19_7,present,present,a299_0,active,absent,a9_0
a165_50,absent,absent,present,present,a17_4,absent,present,absent,a34_0,absent,present,present,present,a239_0,present,present,present,present,present,absent,present,a109_70,a70_50,present,a597_300,present,present,absent,present,present,absent,present,present,a14_0,a239_0,absent,present,present,present,decompensate,a10_6,absent,female,present,present,age65_100,present,present,present,present,absent,absent,a39_0,present,present,present,absent,present,absent,present,present,present,a6_2,present,present,a299_0,active,absent,a9_0
a39_0,absent,absent,present,absent,a1_0,present,absent,absent,a850_200,absent,present,present,present,a239_0,absent,absent,present,present,present,present,present,a109_70,a70_50,absent,a149_100,present,absent,absent,absent,absent,absent,present,present,a49_15,a699_240,absent,present,present,absent,compensate,a10_6,absent,female,present,absent,age65_100,present,absent,absent,absent,absent,present,a39_0,present,absent,present,present,present,present,present,present,present,a6_2,absent,absent,a299_0,active,absent,a9_0
a165_50,absent,present,present,present,a17_4,present,present,absent,a99_35,absent,present,present,present,a999_350,present,present,present,present,absent,present,present,a109_70,a70_50,present,a597_300,present,present,absent,present,present,present,present,present,a200_50,a239_0,absent,present,present,present,decompensate,a10_6,absent,female,present,present,age65_100,present,present,present,present,absent,present,a149_40,present,present,present,present,present,absent,present,present,present,a6_2,present,present,a299_0,active,absent,a9_0
a39_0,absent,present,absent,present,a1_0,present,present,absent,a99_35,absent,present,present,present,a349_240,absent,absent,present,absent,absent,absent,present,a109_70,a49_30,absent,a299_150,present,absent,present,absent,absent,absent,present,present,a49_15,a4000_700,absent,absent,absent,absent,absent,a10_6,absent,female,absent,absent,age65_100,present,absent,absent,absent,absent,absent,a149_40,present,absent,absent,absent,absent,present,absent,absent,present,a6_2,absent,present,a299_0,absent,absent,a69_30
a39_0,absent,absent,present,present,a17_4,absent,present,absent,a34_0,present,present,present,present,a239_0,absent,absent,absent,present,absent,absent,absent,a109_70,a70_50,absent,a299_150,absent,present,absent,absent,present,absent,present,present,a49_15,a4000_700,absent,present,absent,absent,absent,a10_6,absent,female,absent,present,age65_100,present,absent,absent,absent,absent,absent,a39_0,present,absent,absent,present,absent,present,present,present,present,a19_7,absent,present,a299_0,absent,absent,a9_0
a165_50,absent,absent,present,absent,a17_4,present,absent,absent,a34_0,absent,present,present,present,a999_350,present,present,present,present,absent,present,present,a109_70,a70_50,present,a597_300,present,present,absent,present,present,absent,present,present,a49_15,a239_0,absent,present,present,present,decompensate,a10_6,absent,female,present,present,age65_100,present,present,present,present,absent,present,a149_40,present,present,present,present,present,absent,present,present,present,a6_2,present,present,a299_0,active,absent,a9_0
a165_50,absent,absent,present,present,a17_4,present,present,absent,a34_0,absent,present,present,absent,a349_240,present,present,present,present,present,present,present,a109_70,a70_50,absent,a299_150,present,absent,absent,absent,absent,present,absent,present,a14_0,a239_0,absent,present,absent,present,decompensate,a10_6,absent,female,present,present,age65_100,present,present,present,present,absent,present,a39_0,present,absent,present,present,present,absent,present,present,present,a6_2,present,present,a299_0,active,absent,a9_0
a165_50,absent,present,present,present,a17_4,absent,present,absent,a99_35,absent,present,present,present,a999_350,present,present,present,present,absent,present,present,a109_70,a70_50,present,a299_150,present,present,absent,present,present,absent,present,present,a14_0,a239_0,present,present,present,present,decompensate,a10_6,absent,female,present,present,age65_100,present,present,present,present,absent,present,a149_40,present,present,present,present,present,absent,present,present,present,a6_2,present,present,a299_0,active,absent,a9_0
a39_0,absent,absent,present,present,a1_0,absent,present,absent,a99_35,absent,present,present,present,a999_350,present,absent,present,present,present,present,present,a109_70,a70_50,present,a597_300,present,present,absent,absent,present,absent,present,present,a14_0,a239_0,absent,present,present,present,decompensate,a10_6,absent,female,present,present,age65_100,present,present,present,present,absent,present,a149_40,present,present,present,absent,present,absent,present,present,absent,a1_0,absent,present,a299_0,active,absent,a9_0
a39_0,absent,absent,present,absent,a1_0,present,absent,absent,a99_35,absent,present,present,present,a239_0,present,absent,present,present,present,present,present,a109_70,a49_30,absent,a299_150,present,present,absent,absent,present,absent,present,present,a14_0,a239_0,absent,absent,present,absent,absent,a10_6,absent,female,absent,absent,age65_100,present,present,absent,absent,absent,absent,a149_40,present,present,absent,present,absent,absent,absent,present,present,a1_0,absent,absent,a299_0,absent,absent,a9_0
a39_0,absent,absent,present,absent,a1_0,present,absent,absent,a850_200,absent,present,present,present,a239_0,present,absent,present,present,present,present,present,a109_70,a70_50,absent,a149_100,present,present,present,present,present,absent,present,present,a14_0,a699_240,absent,present,present,absent,compensate,a10_6,absent,female,present,absent,age65_100,present,present,absent,absent,absent,absent,a39_0,present,absent,present,present,present,present,absent,present,present,a1_0,absent,absent,a299_0,active,absent,a9_0
a39_0,absent,present,present,present,a1_0,absent,present,absent,a199_100,absent,present,present,present,a349_240,absent,absent,absent,present,present,present,present,a109_70,a70_50,present,a299_150,present,absent,absent,absent,absent,present,absent,present,a200_50,a699_240,present,present,present,absent,absent,a10_6,absent,female,present,absent,age65_100,present,absent,absent,absent,absent,absent,a39_0,present,present,present,present,present,present,present,present,present,a6_2,absent,present,a299_0,active,absent,a69_30
a39_0,absent,present,present,present,a17_4,present,present,absent,a99_35,absent,present,present,present,a999_350,absent,absent,present,present,absent,absent,present,a109_70,a70_50,absent,a299_150,present,present,present,absent,present,absent,present,present,a200_50,a4000_700,absent,present,present,absent,absent,a10_6,absent,female,present,present,age65_100,present,absent,absent,absent,absent,absent,a39_0,present,present,present,present,absent,absent,present,present,present,a6_2,absent,absent,a299_0,active,absent,a29_10
a165_50,absent,absent,present,present,a17_4,present,present,absent,a34_0,absent,present,present,present,a999_350,present,present,present,present,present,absent,present,a109_70,a70_50,present,a597_300,present,absent,present,absent,absent,present,present,present,a49_15,a239_0,absent,present,present,present,decompensate,a10_6,absent,female,present,present,age65_100,present,present,present,absent,absent,present,a149_40,present,present,present,absent,present,absent,present,present,present,a6_2,present,present,a299_0,active,absent,a9_0
a39_0,absent,present,present,present,a1_0,absent,present,absent,a99_35,absent,present,present,present,a349_240,present,absent,present,present,present,present,present,a69_0,a70_50,absent,a299_150,present,absent,present,absent,absent,absent,present,present,a49_15,a239_0,absent,present,present,absent,absent,a10_6,absent,female,present,absent,age65_100,present,absent,absent,absent,absent,absent,a149_40,present,absent,present,absent,present,absent,absent,present,present,a6_2,absent,present,a299_0,active,absent,a9_0
a39_0,absent,absent,present,present,a1_0,absent,present,absent,a99_35,absent,present,present,present,a239_0,absent,absent,absent,present,absent,absent,present,a109_70,a70_50,absent,a299_150,present,absent,absent,absent,absent,absent,present,present,a49_15,a239_0,absent,present,present,absent,absent,a10_6,absent,female,present,absent,age65_100,present,absent,absent,absent,absent,absent,a399_150,present,absent,present,absent,present,absent,absent,present,present,a1_0,absent,absent,a299_0,active,absent,a9_0
a39_0,absent,absent,present,present,a1_0,absent,present,absent,a850_200,absent,present,present,present,a239_0,absent,absent,present,present,present,present,present,a109_70,a70_50,absent,a99_0,absent,present,absent,absent,present,absent,absent,present,a49_15,a699_240,absent,present,present,absent,compensate,a10_6,absent,female,present,absent,age65_100,present,absent,absent,absent,absent,absent,a39_0,present,absent,present,present,present,present,absent,present,present,a1_0,absent,present,a299_0,active,absent,a9_0
a39_0,absent,absent,present,present,a17_4,present,present,absent,a34_0,absent,present,present,present,a999_350,present,absent,present,present,absent,present,present,a109_70,a70_50,present,a597_300,present,present,absent,present,present,absent,present,absent,a49_15,a239_0,absent,present,present,present,decompensate,a10_6,absent,female,present,present,age65_100,present,present,present,present,absent,present,a149_40,present,present,present,present,present,absent,present,present,absent,a6_2,absent,absent,a299_0,active,absent,a9_0
a39_0,absent,absent,absent,present,a17_4,absent,present,absent,a34_0,absent,present,present,present,a999_350,present,absent,present,absent,absent,absent,present,a109_70,a49_30,present,a299_150,absent,absent,absent,absent,absent,absent,present,present,a49_15,a4000_700,present,absent,absent,absent,absent,a10_6,absent,female,absent,present,age51_65,present,absent,absent,absent,absent,absent,a39_0,present,absent,absent,present,absent,absent,present,absent,present,a6_2,absent,present,a299_0,absent,absent,a640_70
a39_0,absent,absent,absent,present,a1_0,present,present,absent,a99_35,absent,present,present,present,a349_240,present,absent,present,absent,absent,absent,present,a109_70,a70_50,absent,a299_150,absent,present,absent,absent,absent,present,present,present,a200_50,a239_0,absent,absent,absent,absent,absent,a10_6,absent,female,absent,absent,age65_100,present,present,absent,absent,absent,absent,a149_40,present,absent,absent,present,absent,absent,present,absent,present,a6_2,absent,present,a299_0,absent,absent,a69_30
a39_0,absent,present,present,present,a17_4,present,present,absent,a199_100,absent,present,present,present,a999_350,present,absent,present,present,absent,present,present,a109_70,a70_50,present,a597_300,absent,absent,absent,absent,absent,absent,present,present,a14_0,a239_0,absent,present,present,present,decompensate,a10_6,absent,female,present,present,age65_100,present,present,present,present,absent,present,a39_0,present,absent,present,absent,present,absent,present,present,present,a6_2,absent,present,a299_0,active,absent,a9_0
a39_0,absent,present,present,present,a1_0,present,present,absent,a99_35,absent,present,present,present,a239_0,absent,absent,present,present,absent,absent,absent,a109_70,a70_50,absent,a299_150,present,absent,absent,absent,absent,absent,present,present,a49_15,a4000_700,absent,present,present,absent,absent,a10_6,absent,female,absent,absent,age65_100,present,absent,absent,absent,absent,present,a149_40,present,absent,absent,present,absent,present,absent,present,present,a19_7,absent,present,a299_0,absent,absent,a69_30
a39_0,absent,present,present,present,a1_0,absent,present,absent,a99_35,absent,present,present,present,a239_0,absent,absent,present,present,absent,absent,present,a109_70,a70_50,absent,a299_150,absent,present,present,absent,present,present,present,present,a200_50,a4000_700,present,absent,present,absent,absent,a10_6,absent,female,present,absent,age65_100,absent,absent,absent,absent,absent,absent,a149_40,present,absent,absent,absent,absent,present,absent,present,present,a19_7,absent,present,a299_0,absent,absent,a640_70
a165_50,absent,absent,present,absent,a17_4,present,absent,absent,a34_0,absent,present,present,present,a999_350,present,present,present,present,present,present,present,a109_70,a70_50,present,a597_300,present,present,absent,present,present,present,present,present,a49_15,a239_0,absent,present,present,present,decompensate,a10_6,absent,female,present,present,age65_100,present,present,present,present,absent,present,a39_0,present,present,present,present,present,absent,present,present,present,a6_2,present,present,a299_0,active,absent,a29_10
a165_50,absent,absent,present,present,a17_4,present,present,absent,a99_35,absent,present,present,present,a999_350,present,present,absent,present,absent,present,present,a109_70,a70_50,present,a597_300,present,present,present,present,present,absent,present,present,a49_15,a239_0,absent,present,present,present,decompensate,a10_6,absent,female,present,present,age65_100,present,present,present,present,absent,absent,a149_40,present,present,absent,present,present,present,present,present,present,a6_2,present,present,a299_0,active,absent,a9_0
a165_50,absent,present,present,absent,a1_0,absent,absent,absent,a99_35,absent,present,present,present,a349_240,present,present,present,present,present,present,present,a109_70,a70_50,present,a597_300,present,present,present,present,present,present,present,present,a49_15,a239_0,absent,present,present,present,decompensate,a10_6,absent,female,present,absent,age65_100,present,present,present,present,absent,present,a39_0,present,present,present,absent,present,absent,present,present,present,a6_2,present,present,a299_0,active,absent,a69_30
a39_0,absent,absent,present,present,a1_0,absent,present,absent,a199_100,absent,absent,present,present,a349_240,present,absent,present,present,absent,present,present,a109_70,a70_50,present,a299_150,present,present,present,absent,present,absent,present,present,a14_0,a4000_700,absent,absent,present,absent,absent,a10_6,absent,female,absent,absent,age65_100,present,absent,absent,absent,absent,present,a149_40,present,absent,absent,present,absent,absent,absent,present,present,a1_0,absent,absent,a299_0,absent,absent,a640_70
a165_50,absent,absent,present,present,a17_4,present,present,absent,a99_35,absent,present,present,present,a999_350,present,present,present,present,present,present,present,a109_70,a70_50,present,a299_150,present,present,absent,present,present,absent,present,present,a49_15,a239_0,absent,present,present,present,decompensate,a10_6,absent,female,present,present,age65_100,present,present,present,present,absent,present,a149_40,present,present,present,present,present,absent,present,present,absent,a6_2,present,present,a299_0,active,absent,a29_10
a39_0,absent,absent,present,present,a1_0,absent,present,absent,a99_35,absent,absent,present,present,a349_240,absent,absent,absent,present,absent,present,present,a109_70,a70_50,absent,a299_150,present,absent,present,absent,absent,present,present,present,a200_50,a4000_700,absent,absent,present,absent,absent,a10_6,absent,female,absent,absent,age65_100,present,present,absent,absent,absent,absent,a149_40,present,absent,present,present,absent,present,absent,present,present,a19_7,absent,present,a299_0,absent,absent,a640_70
a39_0,absent,present,present,present,a1_0,absent,present,absent,a99_35,absent,present,present,present,a239_0,absent,absent,absent,present,absent,present,absent,a109_70,a70_50,present,a299_150,present,absent,present,absent,absent,absent,present,present,a200_50,a239_0,absent,present,present,absent,absent,a10_6,absent,female,present,absent,age65_100,present,present,absent,absent,absent,absent,a149_40,present,present,absent,absent,absent,present,present,present,present,a19_7,absent,present,a299_0,absent,absent,a9_0
a39_0,absent,absent,present,present,a17_4,present,present,absent,a99_35,absent,present,present,present,a239_0,present,absent,present,present,present,present,absent,a69_0,a70_50,present,a299_150,present,absent,absent,present,absent,absent,absent,present,a49_15,a699_240,present,absent,present,present,decompensate,a10_6,absent,female,absent,present,age65_100,present,present,present,absent,absent,present,a149_40,present,present,absent,present,absent,absent,present,present,present,a6_2,absent,present,a299_0,absent,absent,a640_70
a39_0,absent,absent,present,present,a1_0,present,present,absent,a199_100,absent,present,present,present,a349_240,present,absent,present,present,absent,present,present,a109_70,a70_50,absent,a299_150,present,absent,absent,absent,absent,absent,present,present,a49_15,a4000_700,present,present,present,absent,absent,a10_6,absent,female,present,absent,age65_100,present,absent,absent,absent,absent,absent,a39_0,present,present,present,present,present,present,present,present,present,a6_2,absent,present,a299_0,active,absent,a69_30
a39_0,absent,present,present,present,a1_0,present,present,absent,a199_100,absent,present,present,absent,a239_0,absent,absent,present,present,present,absent,present,a109_70,a70_50,absent,a99_0,present,absent,absent,absent,absent,present,absent,present,a14_0,a239_0,absent,present,present,absent,compensate,a10_6,absent,female,present,absent,age65_100,present,absent,absent,absent,absent,present,a149_40,present,present,present,present,present,absent,present,present,present,a6_2,absent,present,a299_0,active,absent,a69_30
a39_0,absent,present,present,present,a1_0,present,present,absent,a99_35,present,present,present,absent,a349_240,absent,absent,present,present,present,absent,absent,a109_70,a49_30,absent,a299_150,present,absent,absent,absent,absent,present,absent,present,a49_15,a699_240,absent,present,present,absent,absent,a10_6,absent,female,absent,absent,age51_65,present,absent,present,absent,absent,absent,a149_40,present,present,absent,present,absent,present,present,present,present,a19_7,absent,present,a299_0,absent,absent,a9_0
a39_0,absent,absent,present,present,a1_0,absent,present,absent,a99_35,absent,present,present,present,a239_0,absent,absent,present,present,absent,present,absent,a109_70,a70_50,absent,a299_150,absent,absent,absent,absent,absent,absent,present,present,a200_50,a4000_700,absent,present,present,absent,absent,a10_6,absent,female,present,absent,age51_65,present,absent,absent,absent,absent,absent,a149_40,present,absent,absent,present,absent,present,present,present,present,a19_7,absent,present,a299_0,absent,absent,a640_70
a39_0,absent,present,present,absent,a1_0,absent,absent,absent,a99_35,absent,present,present,present,a239_0,present,absent,absent,present,absent,present,present,a69_0,a70_50,present,a149_100,present,absent,absent,present,absent,absent,absent,present,a14_0,a239_0,present,present,present,present,decompensate,a10_6,absent,female,present,absent,age51_65,present,present,absent,present,absent,absent,a149_40,absent,absent,present,present,present,absent,present,present,present,a1_0,absent,absent,a299_0,active,absent,a9_0
a39_0,absent,present,present,absent,a1_0,present,absent,absent,a99_35,absent,present,present,present,a239_0,absent,absent,present,absent,present,absent,present,a109_70,a70_50,absent,a299_150,present,absent,absent,absent,absent,present,present,present,a200_50,a239_0,absent,absent,absent,absent,absent,a10_6,absent,female,absent,absent,age65_100,present,absent,absent,absent,absent,absent,a149_40,present,present,absent,absent,absent,absent,absent,absent,present,a1_0,absent,absent,a299_0,absent,absent,a9_0
a39_0,absent,absent,absent,present,a1_0,present,present,absent,a99_35,absent,present,absent,present,a239_0,absent,absent,present,absent,present,absent,present,a109_70,a70_50,absent,a299_150,absent,absent,absent,absent,absent,present,present,present,a14_0,a699_240,absent,absent,absent,absent,absent,a10_6,absent,female,present,absent,age65_100,present,absent,absent,absent,absent,absent,a149_40,present,absent,absent,present,absent,absent,present,absent,present,a88_20,absent,present,a299_0,persistent,absent,a640_70
a39_0,absent,absent,present,absent,a1_0,absent,absent,absent,a850_200,absent,present,present,present,a239_0,absent,absent,absent,present,present,present,present,a109_70,a70_50,absent,a149_100,present,absent,present,absent,absent,absent,absent,absent,a14_0,a699_240,absent,present,present,absent,compensate,a10_6,absent,female,present,absent,age51_65,present,present,absent,absent,absent,absent,a39_0,absent,absent,present,present,present,absent,present,present,present,a1_0,present,absent,a299_0,active,absent,a9_0
a39_0,absent,absent,present,present,a1_0,absent,present,absent,a99_35,present,present,present,present,a349_240,present,absent,present,present,present,present,absent,a109_70,a70_50,absent,a299_150,present,absent,absent,absent,absent,absent,present,present,a200_50,a4000_700,absent,present,present,absent,absent,a10_6,absent,female,absent,absent,age65_100,present,absent,absent,absent,absent,absent,a149_40,present,present,present,present,absent,present,absent,present,present,a1_0,absent,absent,a299_0,absent,absent,a9_0
a39_0,absent,absent,absent,present,a1_0,absent,present,absent,a99_35,absent,present,present,present,a239_0,present,absent,absent,absent,absent,absent,absent,a109_70,a49_30,absent,a299_150,present,absent,absent,absent,absent,present,present,present,a200_50,a239_0,absent,absent,absent,absent,absent,a10_6,absent,female,absent,absent,age65_100,present,absent,absent,absent,absent,absent,a399_150,present,absent,absent,present,absent,absent,absent,absent,present,a6_2,absent,present,a299_0,absent,absent,a69_30
a39_0,absent,absent,present,absent,a1_0,present,absent,absent,a34_0,absent,present,present,present,a239_0,absent,absent,absent,present,absent,present,present,a109_70,a49_30,absent,a299_150,absent,absent,absent,absent,absent,absent,absent,present,a200_50,a4000_700,absent,present,present,absent,absent,a10_6,absent,female,present,absent,age65_100,present,absent,absent,absent,absent,absent,a149_40,present,absent,absent,absent,absent,absent,present,present,present,a19_7,absent,present,a299_0,absent,absent,a640_70
a39_0,absent,present,present,absent,a1_0,absent,absent,absent,a199_100,absent,present,present,present,a239_0,present,absent,absent,present,absent,present,present,a109_70,a70_50,absent,a299_150,present,absent,absent,absent,absent,absent,present,present,a14_0,a4000_700,present,present,present,absent,absent,a10_6,absent,male,present,absent,age65_100,present,absent,absent,absent,absent,absent,a399_150,absent,present,present,present,present,absent,absent,present,present,a1_0,absent,absent,a299_0,active,absent,a9_0
a39_0,absent,present,present,present,a1_0,present,present,absent,a99_35,absent,present,present,absent,a349_240,absent,absent,present,present,present,present,present,a109_70,a70_50,absent,a299_150,absent,present,absent,absent,absent,present,absent,present,a49_15,a239_0,absent,present,present,absent,absent,a10_6,absent,female,present,absent,age65_100,present,absent,absent,absent,absent,absent,a149_40,present,absent,present,present,present,present,absent,present,absent,a6_2,absent,present,a299_0,active,absent,a9_0
a39_0,absent,present,absent,present,a17_4,absent,present,absent,a34_0,absent,present,present,present,a239_0,absent,absent,present,absent,absent,absent,present,a109_70,a70_50,absent,a299_150,absent,present,present,absent,present,absent,present,absent,a49_15,a4000_700,present,absent,present,absent,absent,a10_6,absent,female,absent,present,age65_100,present,absent,absent,absent,absent,present,a39_0,present,absent,present,present,absent,absent,present,absent,present,a6_2,absent,present,a299_0,absent,absent,a640_70
a39_0,absent,absent,present,present,a17_4,present,present,absent,a34_0,absent,present,present,absent,a239_0,absent,absent,absent,present,absent,present,absent,a109_70,a70_50,present,a299_150,absent,present,absent,absent,present,absent,absent,present,a49_15,a4000_700,absent,present,present,absent,absent,a10_6,absent,female,present,present,age65_100,present,absent,absent,absent,absent,present,a39_0,present,absent,absent,present,absent,absent,present,present,present,a19_7,absent,present,a299_0,absent,absent,a9_0
a39_0,absent,present,present,present,a17_4,present,present,absent,a99_35,absent,present,present,present,a999_350,present,absent,present,present,present,present,present,a109_70,a70_50,present,a597_300,present,present,absent,absent,present,absent,present,present,a14_0,a239_0,absent,present,present,present,decompensate,a10_6,absent,female,present,present,age65_100,present,present,present,present,absent,present,a149_40,present,present,present,present,present,absent,present,present,present,a19_7,absent,present,a299_0,active,absent,a9_0
a39_0,absent,absent,present,present,a1_0,present,present,absent,a99_35,absent,absent,absent,absent,a239_0,absent,absent,present,present,present,present,absent,a109_70,a70_50,present,a299_150,present,absent,absent,absent,absent,absent,absent,present,a14_0,a4000_700,present,absent,present,absent,absent,a10_6,absent,female,absent,absent,age51_65,present,absent,absent,absent,absent,absent,a149_40,present,present,absent,absent,absent,present,absent,present,present,a19_7,absent,present,a299_0,absent,absent,a9_0
a165_50,absent,absent,absent,present,a17_4,present,present,absent,a34_0,absent,present,present,present,a239_0,absent,present,present,absent,present,absent,present,a109_70,a70_50,present,a299_150,absent,present,absent,absent,present,absent,present,present,a49_15,a239_0,absent,absent,absent,absent,absent,a10_6,absent,female,absent,present,age65_100,present,absent,absent,absent,absent,absent,a39_0,present,absent,absent,present,absent,absent,present,absent,present,a6_2,present,present,a299_0,absent,absent,a640_70
a39_0,absent,absent,absent,absent,a17_4,absent,absent,absent,a199_100,absent,present,absent,present,a999_350,present,absent,absent,absent,present,absent,present,a69_0,a70_50,present,a597_300,absent,present,present,present,present,absent,present,present,a14_0,a239_0,absent,absent,absent,present,decompensate,a10_6,absent,female,absent,present,age65_100,present,present,present,absent,absent,present,a39_0,present,absent,present,present,present,absent,present,absent,present,a6_2,absent,present,a299_0,active,absent,a9_0
a39_0,absent,present,present,present,a1_0,present,present,absent,a99_35,absent,absent,present,present,a349_240,absent,absent,absent,present,present,present,present,a109_70,a49_30,absent,a299_150,present,absent,present,absent,absent,absent,present,absent,a200_50,a239_0,absent,absent,present,absent,absent,a10_6,absent,female,absent,absent,age65_100,present,absent,present,absent,absent,absent,a149_40,present,present,absent,present,absent,present,present,present,present,a1_0,absent,present,a299_0,absent,absent,a9_0
a39_0,absent,present,absent,absent,a1_0,absent,absent,absent,a34_0,absent,absent,absent,absent,a239_0,present,absent,present,absent,present,absent,present,a69_0,a70_50,absent,a299_150,present,present,present,absent,absent,absent,absent,present,a14_0,a699_240,present,present,absent,absent,absent,a10_6,absent,female,absent,absent,age65_100,present,absent,absent,absent,absent,absent,a39_0,present,present,absent,present,absent,absent,absent,absent,present,a1_0,absent,absent,a299_0,persistent,absent,a69_30
a39_0,absent,absent,absent,present,a1_0,present,present,absent,a99_35,absent,present,absent,present,a239_0,present,absent,absent,absent,absent,absent,present,a109_70,a70_50,absent,a299_150,present,absent,absent,absent,absent,absent,present,present,a49_15,a4000_700,present,absent,absent,absent,absent,a10_6,absent,female,absent,absent,age65_100,present,absent,absent,absent,absent,present,a149_40,present,absent,absent,present,absent,present,present,absent,present,a1_0,absent,present,a299_0,absent,absent,a69_30
a39_0,absent,present,present,present,a17_4,absent,present,absent,a99_35,absent,present,present,present,a239_0,absent,absent,present,present,present,absent,absent,a109_70,a70_50,absent,a299_150,present,present,absent,absent,present,absent,present,present,a49_15,a239_0,absent,present,absent,absent,absent,a10_6,absent,female,present,present,age65_100,present,absent,present,present,absent,absent,a149_40,present,present,absent,present,absent,absent,present,present,present,a1_0,absent,present,a299_0,absent,absent,a640_70
a39_0,absent,absent,absent,absent,a1_0,absent,absent,absent,a99_35,absent,present,present,present,a239_0,absent,absent,present,absent,absent,absent,present,a109_70,a70_50,absent,a299_150,absent,present,absent,absent,present,absent,present,present,a200_50,a239_0,absent,absent,absent,absent,absent,a10_6,absent,female,absent,absent,age65_100,present,absent,absent,absent,absent,present,a149_40,present,absent,absent,present,absent,absent,absent,absent,present,a1_0,absent,present,a299_0,absent,absent,a29_10
a39_0,absent,present,present,present,a1_0,present,present,absent,a99_35,absent,present,present,absent,a239_0,present,absent,present,present,present,present,present,a109_70,a70_50,present,a597_300,present,absent,absent,present,absent,present,absent,present,a14_0,a239_0,absent,present,present,present,decompensate,a10_6,absent,female,present,absent,age51_65,present,present,present,present,absent,present,a149_40,present,present,present,absent,present,absent,present,present,present,a6_2,absent,present,a299_0,active,absent,a69_30
a39_0,absent,absent,present,present,a17_4,present,present,absent,a99_35,absent,present,present,present,a239_0,absent,absent,absent,present,present,present,absent,a109_70,a70_50,absent,a299_150,present,present,absent,absent,present,present,present,present,a49_15,a239_0,absent,present,present,absent,absent,a10_6,absent,female,absent,present,age65_100,present,present,absent,absent,absent,absent,a149_40,present,present,absent,present,absent,absent,present,present,present,a19_7,absent,present,a299_0,absent,absent,a640_70
a165_50,absent,absent,present,present,a17_4,present,present,absent,a199_100,absent,present,present,present,a999_350,present,present,present,present,present,present,present,a109_70,a70_50,present,a597_300,present,absent,absent,present,absent,present,present,present,a49_15,a239_0,absent,present,present,present,decompensate,a10_6,absent,female,present,present,age65_100,present,present,present,present,absent,present,a399_150,present,absent,present,present,present,absent,present,present,present,a6_2,present,present,a299_0,active,absent,a9_0
a39_0,absent,absent,present,present,a1_0,absent,present,absent,a199_100,absent,present,present,absent,a239_0,absent,absent,absent,present,absent,present,present,a109_70,a70_50,absent,a149_100,present,absent,present,absent,absent,absent,absent,present,a49_15,a239_0,present,present,present,absent,compensate,a10_6,absent,female,present,absent,age65_100,present,absent,absent,absent,absent,present,a39_0,present,present,absent,absent,present,present,present,present,present,a1_0,absent,present,a299_0,active,absent,a9_0
a39_0,absent,present,present,present,a1_0,present,present,absent,a99_35,absent,present,present,present,a999_350,present,absent,present,present,present,present,present,a109_70,a70_50,present,a299_150,present,absent,absent,absent,absent,absent,present,present,a200_50,a239_0,absent,absent,present,absent,absent,a10_6,absent,female,absent,absent,age65_100,absent,absent,absent,absent,absent,absent,a149_40,present,absent,absent,present,absent,present,present,present,present,a19_7,absent,present,a299_0,absent,absent,a69_30
a39_0,absent,absent,absent,absent,a1_0,absent,absent,absent,a99_35,absent,present,present,absent,a349_240,absent,absent,present,absent,present,absent,absent,a109_70,a49_30,absent,a597_300,present,absent,present,absent,absent,absent,absent,present,a200_50,a239_0,absent,absent,absent,absent,absent,a10_6,absent,female,present,absent,age65_100,present,absent,absent,absent,absent,absent,a149_40,present,present,absent,absent,absent,present,present,absent,present,a1_0,absent,absent,a299_0,absent,absent,a9_0
a39_0,absent,absent,present,present,a1_0,absent,present,absent,a99_35,absent,present,present,present,a349_240,absent,absent,present,present,absent,present,absent,a109_70,a49_30,absent,a299_150,present,absent,absent,absent,absent,present,present,present,a49_15,a239_0,absent,present,present,absent,absent,a10_6,absent,female,absent,absent,age65_100,present,absent,absent,absent,absent,absent,a149_40,present,absent,absent,present,absent,present,absent,present,present,a19_7,absent,present,a299_0,absent,absent,a69_30
a39_0,absent,absent,present,absent,a1_0,present,absent,absent,a99_35,absent,present,present,present,a239_0,absent,absent,present,present,present,present,present,a109_70,a70_50,absent,a299_150,absent,present,absent,absent,present,present,present,present,a14_0,a239_0,absent,present,present,absent,absent,a10_6,absent,female,present,absent,age65_100,present,absent,absent,absent,absent,absent,a149_40,present,absent,present,present,present,present,absent,present,present,a6_2,absent,present,a299_0,active,absent,a9_0
a39_0,absent,present,present,present,a1_0,absent,present,absent,a99_35,present,present,present,absent,a239_0,absent,absent,present,present,present,present,absent,a109_70,a70_50,absent,a299_150,present,absent,present,absent,absent,absent,absent,present,a49_15,a239_0,absent,present,present,absent,absent,a10_6,absent,female,present,absent,age65_100,present,absent,absent,absent,absent,absent,a149_40,present,present,absent,present,absent,present,present,present,present,a1_0,absent,absent,a299_0,absent,absent,a9_0
a39_0,absent,present,present,present,a1_0,present,absent,absent,a199_100,absent,present,present,absent,a349_240,present,absent,absent,present,absent,present,present,a109_70,a70_50,absent,a299_150,present,absent,absent,absent,absent,absent,absent,present,a14_0,a4000_700,present,present,present,absent,absent,a10_6,absent,female,present,absent,age65_100,present,absent,absent,absent,absent,present,a39_0,present,present,present,present,present,present,present,present,present,a6_2,absent,present,a299_0,active,absent,a69_30
a39_0,absent,present,absent,present,a1_0,absent,present,absent,a99_35,absent,present,present,present,a349_240,present,absent,absent,absent,absent,absent,present,a109_70,a49_30,absent,a299_150,present,absent,absent,absent,absent,absent,present,present,a200_50,a4000_700,absent,absent,absent,absent,absent,a10_6,absent,female,absent,absent,age65_100,absent,absent,absent,absent,absent,absent,a149_40,present,absent,absent,present,absent,absent,absent,absent,present,a19_7,absent,present,a299_0,absent,absent,a69_30
a39_0,absent,absent,present,absent,a1_0,absent,present,absent,a99_35,absent,present,present,present,a239_0,absent,absent,absent,present,present,present,present,a109_70,a70_50,absent,a299_150,present,absent,absent,absent,absent,absent,present,present,a14_0,a239_0,present,present,present,absent,absent,a10_6,absent,male,absent,absent,age51_65,present,absent,present,absent,absent,absent,a149_40,absent,absent,present,present,present,absent,absent,present,present,a1_0,absent,present,a299_0,active,absent,a69_30
a39_0,absent,absent,present,absent,a1_0,absent,absent,absent,a99_35,absent,present,present,present,a239_0,absent,absent,absent,present,absent,present,present,a109_70,a70_50,absent,a597_300,present,absent,present,absent,absent,present,present,present,a49_15,a4000_700,absent,absent,present,absent,absent,a10_6,absent,female,absent,absent,age51_65,present,absent,absent,absent,absent,present,a149_40,present,absent,absent,present,absent,present,present,present,present,a19_7,absent,present,a299_0,absent,absent,a69_30
a39_0,absent,present,absent,absent,a1_0,absent,absent,absent,a99_35,absent,present,present,present,a239_0,present,absent,absent,absent,present,absent,present,a109_70,a70_50,absent,a299_150,present,present,present,absent,absent,absent,present,present,a14_0,a239_0,present,present,absent,absent,absent,a10_6,absent,female,present,absent,age51_65,present,absent,absent,absent,absent,absent,a149_40,absent,absent,present,present,present,absent,absent,absent,present,a1_0,absent,absent,a299_0,active,absent,a9_0
a39_0,absent,absent,present,present,a1_0,absent,absent,absent,a34_0,absent,present,present,present,a239_0,present,absent,present,present,absent,present,present,a109_70,a70_50,absent,a149_100,present,absent,present,absent,absent,absent,present,present,a14_0,a699_240,absent,present,present,absent,compensate,a10_6,absent,female,present,absent,age65_100,present,absent,absent,absent,absent,absent,a39_0,present,absent,present,absent,present,present,absent,present,present,a1_0,absent,absent,a299_0,active,absent,a69_30
a165_50,absent,present,present,present,a17_4,absent,present,absent,a99_35,absent,present,present,present,a999_350,present,present,present,present,absent,present,present,a109_70,a70_50,present,a597_300,present,present,absent,absent,present,absent,present,present,a14_0,a239_0,absent,present,present,present,decompensate,a10_6,absent,female,present,present,age65_100,present,present,present,present,absent,present,a149_40,present,present,present,present,present,absent,present,present,absent,a6_2,present,present,a299_0,active,absent,a9_0
a39_0,absent,absent,present,present,a1_0,present,present,absent,a99_35,absent,present,present,present,a239_0,absent,absent,present,present,present,present,present,a109_70,a70_50,absent,a299_150,absent,absent,present,absent,absent,absent,present,present,a49_15,a239_0,absent,present,present,absent,absent,a10_6,absent,female,present,absent,age65_100,present,absent,present,absent,absent,absent,a149_40,present,absent,present,present,present,present,present,present,present,a6_2,absent,present,a299_0,active,absent,a9_0
a165_50,absent,present,present,present,a17_4,absent,present,absent,a99_35,absent,present,present,present,a999_350,present,present,absent,present,absent,present,present,a109_70,a70_50,present,a299_150,present,present,absent,present,present,absent,present,present,a14_0,a239_0,absent,present,present,present,decompensate,a10_6,absent,female,present,present,age65_100,present,present,present,present,absent,present,a149_40,present,present,present,present,present,present,present,present,present,a6_2,present,present,a1400_500,active,absent,a29_10
a165_50,absent,absent,present,absent,a1_0,present,absent,absent,a99_35,absent,present,present,present,a239_0,present,present,present,present,present,present,present,a109_70,a70_50,present,a597_300,present,absent,absent,present,absent,absent,present,present,a14_0,a239_0,absent,present,present,present,decompensate,a10_6,absent,female,present,absent,age65_100,present,present,absent,present,absent,present,a39_0,present,present,present,present,present,present,present,present,present,a6_2,present,present,a299_0,active,absent,a9_0
a39_0,absent,present,present,absent,a1_0,absent,absent,absent,a99_35,absent,present,present,present,a349_240,present,present,present,present,absent,present,present,a109_70,a70_50,present,a597_300,present,absent,absent,absent,absent,absent,present,present,a49_15,a239_0,absent,present,present,present,decompensate,a10_6,absent,female,present,absent,age65_100,present,present,present,present,absent,present,a39_0,present,present,present,present,present,absent,present,present,present,a6_2,present,present,a299_0,active,absent,a29_10
a39_0,absent,absent,absent,present,a17_4,absent,present,absent,a34_0,absent,present,present,absent,a239_0,absent,absent,present,absent,absent,absent,present,a109_70,a70_50,absent,a299_150,absent,absent,present,absent,absent,present,absent,present,a49_15,a4000_700,present,absent,present,absent,absent,a10_6,absent,female,present,present,age65_100,present,absent,absent,absent,absent,absent,a39_0,present,absent,absent,present,absent,present,present,absent,present,a1_0,absent,absent,a299_0,absent,absent,a640_70
a39_0,absent,absent,present,present,a17_4,absent,present,absent,a99_35,absent,present,present,present,a239_0,absent,absent,absent,present,present,absent,present,a109_70,a70_50,absent,a299_150,present,absent,absent,absent,absent,absent,present,present,a49_15,a239_0,absent,absent,present,absent,absent,a10_6,absent,female,present,present,age65_100,present,absent,absent,absent,absent,absent,a149_40,present,present,absent,present,absent,absent,present,present,present,a19_7,absent,present,a299_0,absent,absent,a29_10
a39_0,absent,absent,present,absent,a1_0,present,absent,absent,a99_35,present,present,present,present,a239_0,absent,absent,present,present,absent,present,absent,a109_70,a70_50,present,a299_150,absent,present,present,absent,present,present,present,present,a200_50,a4000_700,absent,present,present,absent,absent,a10_6,absent,female,absent,absent,age65_100,present,absent,absent,present,absent,absent,a149_40,present,absent,present,absent,absent,absent,absent,present,present,a19_7,absent,present,a299_0,absent,absent,a640_70
a39_0,absent,present,absent,present,a1_0,present,present,absent,a99_35,absent,present,present,present,a239_0,absent,absent,present,absent,absent,absent,present,a109_70,a49_30,absent,a299_150,absent,absent,absent,absent,absent,absent,present,present,a200_50,a4000_700,present,absent,absent,absent,absent,a10_6,absent,female,absent,absent,age65_100,present,present,absent,absent,absent,absent,a149_40,present,absent,absent,present,absent,absent,present,absent,present,a6_2,absent,present,a299_0,absent,absent,a69_30
a39_0,absent,absent,present,present,a1_0,present,present,absent,a99_35,absent,present,present,present,a349_240,present,absent,present,present,present,present,present,a109_70,a70_50,present,a597_300,present,absent,absent,absent,absent,present,present,present,a14_0,a239_0,absent,present,present,present,decompensate,a10_6,absent,female,present,absent,age65_100,present,present,present,present,absent,present,a149_40,present,absent,present,present,present,absent,present,present,present,a6_2,absent,present,a299_0,active,absent,a69_30
a39_0,absent,present,absent,absent,a1_0,present,absent,absent,a99_35,absent,present,present,absent,a239_0,present,absent,absent,absent,present,absent,absent,a109_70,a49_30,absent,a299_150,present,absent,absent,absent,absent,absent,absent,present,a14_0,a239_0,present,absent,absent,absent,absent,a10_6,absent,female,absent,absent,age51_65,present,absent,present,absent,absent,absent,a149_40,absent,present,absent,present,absent,present,present,absent,present,a6_2,absent,present,a299_0,absent,absent,a9_0
a39_0,absent,absent,present,present,a17_4,present,present,absent,a99_35,absent,present,present,present,a999_350,present,absent,present,present,present,present,present,a109_70,a70_50,absent,a597_300,present,present,absent,present,present,absent,present,present,a14_0,a239_0,absent,present,present,present,decompensate,a10_6,absent,female,absent,present,age65_100,absent,present,absent,present,absent,present,a149_40,present,present,present,absent,present,absent,present,present,present,a6_2,absent,present,a299_0,active,absent,a9_0
a39_0,absent,present,present,absent,a1_0,absent,absent,absent,a99_35,absent,present,present,present,a239_0,present,absent,absent,present,absent,absent,absent,a109_70,a70_50,absent,a299_150,absent,absent,absent,absent,absent,present,present,present,a49_15,a239_0,present,present,present,absent,absent,a10_6,absent,female,absent,absent,age65_100,present,absent,present,absent,absent,absent,a149_40,present,absent,absent,present,absent,present,present,present,present,a19_7,absent,present,a299_0,absent,absent,a69_30
a39_0,absent,present,present,present,a1_0,absent,absent,absent,a34_0,absent,present,present,absent,a239_0,absent,absent,absent,present,absent,present,present,a109_70,a70_50,absent,a299_150,present,absent,absent,absent,absent,present,absent,present,a14_0,a4000_700,absent,present,present,absent,absent,a10_6,absent,female,present,absent,age65_100,present,absent,present,absent,absent,absent,a399_150,present,present,present,present,present,absent,present,present,present,a6_2,absent,present,a299_0,active,absent,a69_30
a165_50,absent,absent,present,present,a17_4,present,present,absent,a99_35,absent,present,present,present,a999_350,present,present,present,present,absent,absent,present,a109_70,a70_50,present,a299_150,present,present,absent,present,present,present,present,present,a14_0,a239_0,absent,present,present,present,decompensate,a10_6,absent,female,present,present,age65_100,present,present,present,present,absent,present,a149_40,present,present,present,absent,present,absent,present,present,present,a6_2,present,present,a299_0,active,absent,a9_0
a39_0,absent,absent,present,present,a1_0,present,absent,absent,a34_0,absent,present,present,absent,a239_0,present,absent,absent,present,present,present,present,a109_70,a70_50,absent,a597_300,present,absent,absent,absent,absent,absent,absent,present,a49_15,a239_0,absent,present,present,present,decompensate,a10_6,absent,female,present,absent,age65_100,present,present,present,present,absent,present,a39_0,present,present,present,present,present,present,present,present,present,a6_2,absent,present,a299_0,active,absent,a69_30
a39_0,absent,absent,present,present,a1_0,present,present,absent,a199_100,absent,present,present,absent,a349_240,present,absent,present,present,absent,present,present,a109_70,a70_50,absent,a149_100,present,absent,absent,absent,absent,absent,absent,present,a49_15,a239_0,absent,present,present,absent,compensate,a10_6,absent,female,present,absent,age65_100,present,absent,absent,absent,absent,absent,a39_0,present,present,present,present,present,absent,present,present,absent,a1_0,absent,absent,a299_0,active,absent,a69_30
a39_0,absent,present,present,absent,a17_4,present,absent,absent,a99_35,absent,present,present,absent,a999_350,absent,absent,present,present,present,present,present,a109_70,a70_50,present,a299_150,absent,present,absent,absent,present,absent,absent,present,a14_0,a239_0,absent,present,present,absent,absent,a10_6,absent,female,present,present,age65_100,present,absent,absent,absent,absent,absent,a149_40,present,absent,present,present,absent,absent,present,present,present,a6_2,absent,present,a299_0,active,absent,a9_0
a39_0,absent,absent,absent,absent,a17_4,absent,present,absent,a99_35,absent,present,present,present,a239_0,absent,absent,absent,present,present,present,absent,a109_70,a70_50,absent,a99_0,present,present,absent,absent,present,absent,absent,present,a14_0,a239_0,absent,present,present,absent,absent,a10_6,absent,female,absent,present,age51_65,present,absent,absent,absent,absent,absent,a149_40,absent,present,absent,present,absent,absent,present,present,present,a1_0,absent,absent,a299_0,absent,absent,a9_0
a39_0,absent,present,absent,present,a17_4,present,present,absent,a99_35,absent,present,absent,present,a239_0,present,absent,present,absent,present,absent,present,a109_70,a70_50,present,a299_150,present,present,absent,absent,present,absent,present,present,a49_15,a239_0,present,absent,present,absent,absent,a10_6,absent,female,absent,present,age51_65,present,absent,absent,absent,absent,absent,a149_40,present,present,absent,absent,absent,absent,present,absent,present,a6_2,absent,present,a299_0,absent,absent,a640_70
a39_0,absent,present,present,present,a17_4,absent,present,absent,a199_100,absent,present,present,present,a999_350,present,absent,present,present,present,present,present,a109_70,a70_50,present,a597_300,absent,present,present,present,present,absent,present,present,a49_15,a239_0,absent,present,present,present,decompensate,a10_6,absent,female,present,present,age65_100,present,present,present,absent,absent,present,a399_150,present,absent,present,present,present,absent,present,present,present,a6_2,absent,present,a299_0,active,absent,a9_0
a39_0,absent,absent,absent,absent,a1_0,present,absent,absent,a199_100,absent,present,present,present,a239_0,absent,absent,absent,present,present,absent,present,a109_70,a70_50,absent,a149_100,absent,absent,present,present,absent,absent,present,present,a14_0,a699_240,absent,present,absent,absent,compensate,a10_6,absent,female,absent,absent,age65_100,present,absent,absent,absent,absent,present,a149_40,present,absent,present,present,present,absent,present,present,present,a1_0,absent,absent,a299_0,active,absent,a9_0
a165_50,absent,absent,present,present,a17_4,absent,present,absent,a99_35,absent,present,present,present,a999_350,present,present,present,present,present,present,present,a109_70,a70_50,present,a597_300,present,present,absent,present,present,present,absent,present,a49_15,a239_0,absent,present,present,present,decompensate,a10_6,absent,female,present,present,age65_100,present,present,present,present,absent,absent,a149_40,present,present,present,present,present,present,present,present,present,a6_2,present,present,a299_0,active,absent,a9_0
a39_0,absent,present,present,absent,a1_0,present,present,absent,a34_0,absent,present,present,present,a239_0,absent,absent,absent,present,present,present,present,a109_70,a70_50,absent,a299_150,absent,absent,absent,absent,absent,absent,present,absent,a14_0,a699_240,absent,present,absent,absent,compensate,a10_6,absent,male,present,absent,age65_100,present,absent,absent,absent,absent,absent,a39_0,absent,absent,present,present,present,absent,absent,present,present,a1_0,absent,absent,a299_0,active,absent,a9_0
a165_50,absent,present,present,present,a17_4,present,present,absent,a99_35,absent,present,present,absent,a999_350,present,present,present,present,absent,present,present,a109_70,a29_0,present,a597_300,present,absent,present,absent,absent,present,absent,present,a14_0,a239_0,absent,present,present,present,decompensate,a10_6,absent,female,present,present,age65_100,present,present,present,present,absent,present,a149_40,present,present,present,present,present,absent,present,present,present,a6_2,present,present,a299_0,active,absent,a9_0
a39_0,absent,absent,absent,present,a17_4,absent,present,absent,a99_35,absent,present,absent,present,a239_0,absent,absent,present,absent,present,absent,present,a109_70,a70_50,present,a299_150,present,present,present,absent,present,absent,present,present,a49_15,a239_0,absent,absent,absent,absent,absent,a10_6,absent,female,absent,present,age65_100,present,absent,absent,absent,absent,absent,a149_40,present,present,absent,present,absent,absent,present,absent,absent,a1_0,absent,absent,a299_0,absent,absent,a640_70
a39_0,absent,absent,absent,present,a17_4,present,present,absent,a34_0,absent,present,absent,absent,a349_240,present,absent,present,absent,absent,absent,absent,a109_70,a70_50,absent,a299_150,present,present,absent,absent,present,absent,absent,present,a14_0,a4000_700,absent,absent,absent,absent,absent,a10_6,absent,female,absent,present,age65_100,present,absent,absent,absent,absent,absent,a39_0,present,absent,present,present,absent,absent,present,absent,present,a6_2,absent,present,a299_0,absent,absent,a640_70
a39_0,absent,present,absent,absent,a17_4,present,absent,absent,a34_0,absent,present,present,present,a239_0,absent,absent,present,absent,absent,absent,present,a109_70,a70_50,absent,a299_150,absent,absent,absent,absent,absent,present,present,present,a49_15,a239_0,absent,absent,absent,absent,absent,a10_6,absent,female,present,present,age65_100,present,present,absent,absent,absent,absent,a39_0,present,absent,absent,present,absent,absent,present,absent,present,a19_7,absent,present,a299_0,absent,absent,a640_70
a39_0,absent,absent,present,present,a1_0,present,present,absent,a99_35,absent,present,present,absent,a239_0,absent,absent,present,present,present,present,present,a109_70,a70_50,absent,a299_150,absent,absent,absent,absent,absent,present,absent,present,a49_15,a239_0,present,present,present,absent,absent,a10_6,absent,female,present,absent,age65_100,present,absent,absent,absent,absent,absent,a149_40,present,absent,present,present,present,present,present,present,present,a6_2,absent,present,a299_0,active,absent,a9_0
a39_0,absent,present,present,present,a1_0,present,present,absent,a99_35,absent,present,present,present,a239_0,present,absent,present,present,absent,absent,present,a109_70,a70_50,present,a597_300,present,absent,absent,present,absent,present,present,present,a49_15,a699_240,absent,present,present,present,decompensate,a10_6,absent,female,present,absent,age65_100,present,present,present,absent,absent,present,a149_40,present,present,present,absent,present,present,present,present,present,a6_2,absent,present,a299_0,active,absent,a69_30
a39_0,absent,absent,present,present,a1_0,present,present,absent,a99_35,absent,present,present,present,a239_0,absent,absent,present,present,present,present,present,a109_70,a70_50,absent,a299_150,absent,absent,absent,absent,absent,absent,present,present,a49_15,a239_0,absent,present,present,absent,absent,a10_6,absent,female,absent,absent,age65_100,present,absent,absent,absent,absent,absent,a149_40,present,absent,present,present,absent,absent,absent,present,present,a6_2,absent,present,a299_0,active,absent,a69_30
a165_50,absent,absent,present,present,a17_4,present,present,absent,a99_35,absent,present,present,present,a999_350,present,present,present,present,present,present,present,a109_70,a70_50,present,a597_300,present,absent,absent,present,absent,present,absent,present,a49_15,a239_0,absent,present,present,present,decompensate,a10_6,absent,female,present,present,age65_100,present,present,present,present,absent,present,a149_40,present,present,present,present,present,absent,present,present,present,a6_2,present,absent,a299_0,active,absent,a9_0
a39_0,absent,absent,present,present,a17_4,present,present,absent,a99_35,absent,present,present,present,a349_240,present,absent,present,present,absent,absent,present,a109_70,a70_50,present,a597_300,present,present,absent,absent,present,present,present,present,a14_0,a239_0,absent,present,present,present,decompensate,a10_6,absent,female,present,present,age65_100,present,present,present,present,absent,present,a149_40,present,present,present,present,present,absent,present,present,present,a6_2,absent,present,a299_0,active,absent,a9_0
a39_0,absent,absent,present,present,a1_0,absent,present,absent,a850_200,absent,present,present,present,a239_0,absent,absent,present,present,absent,absent,present,a109_70,a70_50,absent,a149_100,absent,absent,absent,absent,absent,absent,present,present,a49_15,a699_240,absent,present,present,absent,compensate,a10_6,absent,female,present,absent,age65_100,present,absent,absent,absent,absent,present,a39_0,present,absent,present,absent,present,absent,present,present,present,a6_2,absent,present,a299_0,active,absent,a69_30
a39_0,absent,absent,present,absent,a17_4,present,absent,absent,a99_35,absent,present,present,present,a349_240,absent,absent,present,present,present,present,present,a109_70,a70_50,absent,a597_300,present,present,present,absent,present,present,present,present,a14_0,a4000_700,absent,present,present,absent,absent,a10_6,absent,female,present,present,age65_100,present,absent,absent,absent,absent,absent,a39_0,present,present,present,present,absent,present,present,present,absent,a6_2,absent,present,a299_0,active,absent,a9_0
a39_0,absent,absent,present,present,a1_0,present,present,absent,a199_100,absent,present,present,present,a349_240,absent,absent,present,present,absent,present,present,a109_70,a70_50,absent,a149_100,present,absent,present,absent,absent,absent,present,present,a49_15,a699_240,absent,present,present,absent,compensate,a10_6,absent,female,present,absent,age65_100,present,absent,absent,absent,absent,present,a39_0,present,present,present,absent,present,absent,present,present,absent,a1_0,absent,absent,a299_0,active,absent,a69_30
a39_0,absent,present,present,absent,a1_0,absent,absent,absent,a99_35,absent,present,present,present,a239_0,absent,absent,present,present,present,absent,present,a109_70,a70_50,absent,a299_150,present,absent,absent,absent,absent,absent,present,present,a49_15,a239_0,absent,absent,present,absent,absent,a10_6,absent,female,absent,absent,age65_100,absent,absent,absent,absent,absent,present,a149_40,present,present,absent,present,absent,absent,present,present,present,a19_7,absent,present,a299_0,absent,absent,a9_0
a39_0,absent,absent,present,present,a1_0,present,present,absent,a99_35,absent,present,present,present,a349_240,absent,absent,present,present,absent,present,absent,a109_70,a70_50,present,a299_150,absent,absent,present,absent,absent,present,present,present,a49_15,a4000_700,present,present,present,present,absent,a10_6,absent,female,absent,absent,age65_100,present,absent,present,absent,absent,absent,a149_40,present,absent,absent,present,absent,absent,present,present,present,a19_7,absent,present,a299_0,absent,absent,a640_70
a39_0,absent,present,absent,present,a1_0,present,present,absent,a99_35,absent,present,absent,present,a239_0,absent,absent,present,absent,present,absent,present,a109_70,a70_50,present,a299_150,present,present,absent,absent,present,absent,present,present,a49_15,a239_0,present,absent,absent,present,absent,a10_6,absent,female,absent,absent,age51_65,absent,absent,absent,absent,absent,absent,a149_40,present,present,absent,present,absent,present,absent,absent,present,a6_2,absent,present,a299_0,absent,absent,a9_0
a165_50,absent,absent,absent,absent,a17_4,present,absent,absent,a34_0,absent,present,absent,present,a239_0,present,present,present,absent,absent,absent,absent,a109_70,a70_50,present,a597_300,absent,present,present,present,present,present,present,present,a49_15,a239_0,absent,absent,absent,present,decompensate,a10_6,absent,female,absent,present,age51_65,present,present,present,present,absent,present,a149_40,present,absent,present,present,absent,absent,present,absent,present,a19_7,present,present,a299_0,absent,absent,a640_70
a39_0,absent,absent,present,present,a1_0,present,present,absent,a99_35,present,present,present,present,a239_0,absent,absent,present,present,present,present,absent,a109_70,a70_50,absent,a299_150,absent,present,present,absent,present,absent,present,present,a200_50,a4000_700,present,present,present,absent,absent,a10_6,absent,female,absent,absent,age65_100,present,absent,present,absent,absent,absent,a149_40,present,absent,absent,present,absent,absent,present,present,present,a1_0,absent,absent,a1400_500,absent,absent,a640_70
a39_0,absent,present,present,present,a17_4,absent,absent,absent,a99_35,absent,present,present,present,a999_350,present,absent,present,present,absent,present,present,a109_70,a70_50,present,a597_300,present,present,present,present,present,present,present,present,a14_0,a239_0,absent,present,absent,present,decompensate,a10_6,absent,female,present,present,age65_100,present,present,present,present,absent,present,a149_40,present,present,present,present,present,absent,present,present,present,a6_2,absent,present,a299_0,active,absent,a29_10
a39_0,absent,absent,present,present,a1_0,present,present,absent,a199_100,absent,present,present,present,a349_240,absent,absent,present,present,absent,present,present,a109_70,a70_50,present,a299_150,absent,absent,absent,absent,absent,absent,present,present,a49_15,a239_0,absent,present,present,absent,absent,a10_6,absent,female,present,absent,age65_100,present,absent,absent,absent,absent,absent,a149_40,present,absent,present,present,present,present,present,present,present,a6_2,absent,present,a299_0,active,absent,a69_30
a39_0,absent,absent,present,present,a1_0,present,present,absent,a99_35,absent,present,present,present,a239_0,present,absent,absent,present,absent,present,present,a69_0,a70_50,present,a299_150,present,absent,absent,absent,absent,absent,present,present,a14_0,a239_0,absent,present,present,absent,absent,a10_6,absent,female,absent,absent,age65_100,present,absent,absent,absent,absent,absent,a149_40,present,absent,present,present,present,present,present,present,present,a6_2,absent,present,a299_0,active,absent,a69_30
a39_0,absent,present,present,absent,a17_4,present,absent,absent,a99_35,absent,present,present,present,a999_350,present,absent,present,present,present,present,present,a109_70,a70_50,present,a597_300,present,present,absent,absent,present,present,present,present,a200_50,a239_0,absent,present,present,present,decompensate,a10_6,absent,female,present,present,age51_65,present,present,present,present,absent,present,a149_40,present,present,present,present,present,absent,present,present,absent,a6_2,absent,present,a299_0,active,absent,a9_0
a39_0,absent,present,present,absent,a17_4,present,absent,absent,a34_0,absent,present,present,present,a239_0,absent,absent,present,present,present,present,absent,a109_70,a70_50,absent,a149_100,present,present,absent,absent,present,absent,present,present,a49_15,a239_0,absent,present,present,absent,compensate,a10_6,absent,female,present,present,age65_100,present,absent,absent,absent,absent,present,a149_40,present,present,absent,present,absent,absent,present,present,present,a6_2,present,present,a299_0,absent,absent,a640_70
a165_50,absent,absent,present,absent,a1_0,absent,absent,absent,a99_35,absent,present,present,present,a349_240,present,present,present,present,present,present,present,a109_70,a70_50,present,a299_150,absent,absent,absent,absent,absent,present,present,present,a14_0,a239_0,present,present,present,present,decompensate,a10_6,absent,female,present,absent,age65_100,present,present,present,present,absent,present,a149_40,present,absent,present,present,present,present,present,present,absent,a6_2,present,present,a299_0,active,absent,a9_0
a39_0,absent,absent,present,absent,a1_0,absent,absent,absent,a34_0,absent,present,present,present,a349_240,absent,absent,present,present,present,present,present,a109_70,a70_50,absent,a299_150,present,absent,absent,absent,absent,absent,present,present,a49_15,a699_240,absent,present,absent,absent,compensate,a10_6,absent,female,present,absent,age65_100,present,absent,absent,absent,absent,absent,a39_0,present,present,present,present,present,present,present,present,present,a1_0,absent,absent,a299_0,active,absent,a9_0
a39_0,absent,present,present,present,a1_0,absent,absent,absent,a34_0,absent,present,present,present,a239_0,present,absent,present,present,absent,present,present,a109_70,a70_50,absent,a299_150,present,absent,present,absent,absent,absent,present,present,a49_15,a4000_700,absent,present,present,absent,absent,a10_6,absent,female,present,absent,age65_100,present,absent,absent,absent,absent,absent,a39_0,present,present,present,present,present,absent,present,present,present,a6_2,absent,present,a299_0,active,absent,a9_0
a39_0,absent,absent,present,present,a1_0,present,present,absent,a99_35,absent,present,present,present,a239_0,absent,absent,present,present,absent,present,present,a109_70,a70_50,absent,a299_150,absent,absent,absent,absent,absent,absent,present,present,a49_15,a239_0,absent,present,present,absent,absent,a10_6,absent,female,absent,absent,age65_100,present,absent,absent,absent,absent,absent,a399_150,present,absent,absent,present,absent,absent,present,present,present,a19_7,absent,present,a299_0,absent,absent,a69_30
a39_0,absent,present,absent,present,a1_0,present,present,absent,a34_0,absent,present,present,absent,a349_240,absent,absent,present,present,absent,present,present,a109_70,a70_50,absent,a299_150,present,absent,absent,absent,absent,present,absent,present,a49_15,a4000_700,absent,present,present,absent,absent,a10_6,absent,female,present,absent,age65_100,present,absent,absent,absent,absent,absent,a39_0,present,present,present,present,present,present,absent,present,present,a6_2,absent,present,a299_0,active,absent,a69_30
a39_0,absent,present,present,present,a17_4,present,absent,absent,a99_35,absent,present,present,present,a239_0,absent,absent,present,present,present,present,present,a109_70,a70_50,absent,a299_150,present,absent,absent,absent,absent,absent,present,present,a49_15,a239_0,present,absent,present,absent,absent,a10_6,absent,female,absent,present,age65_100,present,absent,absent,present,absent,present,a149_40,present,present,absent,present,absent,absent,present,present,absent,a1_0,absent,present,a299_0,absent,absent,a640_70
a39_0,absent,absent,present,present,a1_0,present,present,absent,a99_35,absent,present,present,present,a239_0,absent,absent,present,present,present,present,present,a109_70,a70_50,present,a299_150,absent,absent,absent,absent,absent,absent,present,present,a14_0,a239_0,absent,present,present,absent,absent,a10_6,absent,female,present,absent,age65_100,present,absent,absent,present,absent,absent,a149_40,present,absent,present,present,present,absent,present,present,present,a1_0,absent,present,a299_0,active,absent,a69_30
a165_50,absent,absent,present,absent,a1_0,absent,absent,absent,a99_35,absent,absent,present,absent,a349_240,absent,present,absent,present,present,present,present,a109_70,a70_50,absent,a299_150,present,absent,absent,absent,absent,absent,absent,present,a200_50,a4000_700,present,absent,present,absent,absent,a10_6,absent,female,absent,absent,age65_100,present,absent,absent,absent,absent,absent,a149_40,present,absent,absent,present,absent,absent,absent,present,present,a1_0,present,absent,a299_0,absent,absent,a69_30
a39_0,absent,absent,present,present,a17_4,present,present,absent,a99_35,absent,present,present,present,a999_350,present,absent,absent,present,present,present,present,a109_70,a70_50,present,a597_300,present,absent,present,absent,absent,present,present,present,a14_0,a239_0,absent,present,present,present,decompensate,a10_6,absent,female,present,present,age65_100,present,present,present,present,absent,present,a149_40,present,present,present,present,present,absent,present,present,present,a6_2,absent,present,a299_0,active,absent,a9_0
a165_50,absent,present,present,absent,a17_4,present,absent,absent,a34_0,absent,present,present,present,a999_350,present,present,present,present,present,present,present,a109_70,a70_50,present,a597_300,present,present,absent,present,absent,present,present,present,a14_0,a239_0,absent,present,present,present,decompensate,a10_6,absent,female,present,present,age65_100,present,present,present,present,absent,present,a149_40,present,present,present,present,present,absent,present,present,present,a6_2,present,present,a299_0,active,absent,a9_0
a39_0,absent,absent,present,absent,a1_0,absent,absent,absent,a34_0,absent,present,present,absent,a239_0,present,absent,absent,present,absent,present,present,a109_70,a70_50,present,a149_100,present,absent,absent,present,absent,absent,absent,present,a14_0,a239_0,absent,present,present,present,decompensate,a10_6,absent,female,absent,absent,age51_65,present,present,present,present,absent,absent,a39_0,absent,present,absent,present,present,present,present,present,present,a1_0,absent,present,a299_0,active,absent,a9_0
a39_0,absent,present,absent,present,a1_0,present,present,absent,a34_0,absent,present,present,present,a349_240,absent,absent,present,present,present,present,present,a109_70,a70_50,absent,a99_0,absent,absent,absent,absent,absent,absent,present,present,a14_0,a239_0,absent,present,present,absent,compensate,a10_6,absent,female,absent,absent,age65_100,present,absent,absent,absent,absent,absent,a39_0,present,absent,present,present,present,present,absent,present,present,a6_2,absent,absent,a299_0,active,absent,a69_30
a39_0,absent,absent,present,present,a1_0,absent,present,absent,a850_200,absent,present,present,present,a349_240,present,absent,present,present,present,absent,present,a109_70,a70_50,absent,a149_100,absent,present,present,present,present,absent,present,present,a49_15,a699_240,absent,present,present,absent,compensate,a10_6,absent,female,present,absent,age65_100,present,absent,absent,absent,absent,absent,a39_0,present,absent,present,present,present,absent,absent,present,present,a1_0,absent,absent,a299_0,active,absent,a69_30
a39_0,absent,absent,absent,absent,a1_0,present,absent,absent,a99_35,absent,present,present,present,a239_0,present,absent,present,absent,present,absent,present,a109_70,a70_50,absent,a299_150,present,present,present,absent,present,absent,present,present,a49_15,a239_0,present,absent,absent,absent,absent,a10_6,absent,female,absent,present,age65_100,present,absent,absent,absent,absent,absent,a149_40,present,present,absent,present,absent,absent,present,absent,present,a6_2,absent,present,a299_0,absent,absent,a640_70
a39_0,absent,absent,absent,present,a17_4,present,present,absent,a99_35,absent,present,present,present,a239_0,absent,absent,present,absent,present,absent,absent,a200_110,a70_50,absent,a299_150,present,absent,absent,absent,absent,absent,present,present,a49_15,a239_0,absent,absent,absent,absent,absent,a10_6,absent,female,absent,present,age65_100,present,absent,absent,absent,absent,absent,a149_40,present,present,absent,present,absent,present,present,absent,present,a6_2,absent,present,a299_0,absent,present,a640_70
a39_0,absent,present,present,present,a1_0,present,present,absent,a34_0,absent,present,present,absent,a349_240,present,absent,absent,present,present,present,present,a109_70,a70_50,present,a597_300,present,absent,absent,absent,absent,absent,absent,present,a49_15,a239_0,absent,present,present,present,decompensate,a10_6,absent,female,present,absent,age65_100,present,present,present,present,absent,present,a39_0,present,present,present,present,present,present,present,present,present,a6_2,absent,present,a299_0,active,absent,a9_0
a39_0,absent,present,absent,present,a1_0,present,present,absent,a99_35,absent,present,present,present,a349_240,absent,absent,present,absent,present,absent,present,a109_70,a70_50,absent,a299_150,present,present,absent,absent,present,absent,present,present,a200_50,a699_240,absent,absent,absent,absent,absent,a10_6,absent,female,absent,absent,age65_100,present,absent,absent,absent,absent,present,a149_40,present,present,absent,present,absent,absent,absent,absent,present,a1_0,absent,present,a299_0,absent,absent,a9_0
a165_50,absent,absent,present,present,a17_4,present,present,absent,a34_0,absent,present,present,present,a999_350,present,present,present,present,absent,present,present,a109_70,a70_50,present,a597_300,present,present,present,absent,present,absent,present,present,a49_15,a239_0,absent,present,present,present,decompensate,a10_6,absent,female,absent,present,age65_100,present,present,present,absent,absent,absent,a149_40,present,present,present,present,present,absent,present,present,absent,a6_2,present,present,a299_0,active,absent,a9_0
a39_0,absent,present,absent,present,a1_0,present,present,absent,a99_35,absent,absent,absent,present,a239_0,absent,absent,absent,absent,absent,absent,present,a109_70,a70_50,absent,a299_150,absent,absent,absent,absent,absent,present,absent,present,a14_0,a699_240,absent,present,absent,absent,absent,a10_6,absent,female,present,absent,age65_100,present,absent,absent,present,absent,absent,a149_40,present,absent,absent,present,absent,absent,present,absent,present,a88_20,absent,present,a299_0,persistent,absent,a640_70
a39_0,absent,absent,present,present,a1_0,present,present,absent,a199_100,absent,present,present,present,a239_0,absent,absent,present,present,present,present,present,a109_70,a70_50,absent,a299_150,present,present,present,absent,present,absent,present,present,a14_0,a239_0,absent,present,present,absent,absent,a10_6,absent,female,present,absent,age65_100,present,present,absent,absent,absent,absent,a149_40,present,absent,present,present,present,present,absent,present,present,a6_2,absent,present,a299_0,active,absent,a69_30
a39_0,absent,absent,absent,present,a1_0,absent,present,absent,a99_35,absent,present,present,absent,a349_240,present,absent,present,present,present,present,absent,a109_70,a70_50,absent,a299_150,present,present,absent,absent,absent,absent,absent,present,a200_50,a239_0,present,present,present,absent,absent,a10_6,absent,female,absent,absent,age65_100,present,absent,absent,absent,absent,absent,a149_40,present,present,absent,present,absent,absent,absent,present,present,a19_7,absent,present,a299_0,absent,absent,a9_0
a39_0,absent,absent,present,present,a1_0,absent,present,absent,a99_35,absent,present,present,absent,a349_240,present,absent,present,present,absent,absent,present,a109_70,a70_50,present,a597_300,present,absent,absent,present,absent,present,absent,present,a49_15,a699_240,absent,present,present,present,decompensate,a10_6,absent,female,present,absent,age51_65,present,present,present,present,absent,present,a149_40,present,present,present,present,present,present,present,present,present,a6_2,absent,present,a299_0,active,absent,a69_30
a39_0,absent,absent,absent,present,a1_0,present,present,absent,a34_0,absent,present,present,present,a239_0,absent,absent,absent,absent,absent,absent,present,a109_70,a70_50,absent,a299_150,absent,absent,present,absent,absent,present,present,present,a200_50,a4000_700,absent,absent,absent,present,absent,a10_6,absent,female,present,absent,age65_100,present,absent,present,absent,absent,absent,a149_40,present,absent,absent,present,absent,present,present,absent,present,a6_2,absent,present,a299_0,absent,absent,a640_70
a39_0,absent,absent,present,present,a1_0,absent,present,absent,a34_0,absent,present,present,present,a349_240,absent,absent,present,present,present,present,present,a109_70,a70_50,absent,a99_0,absent,present,present,absent,present,absent,absent,present,a49_15,a699_240,absent,present,absent,absent,compensate,a10_6,absent,female,absent,absent,age65_100,present,absent,absent,absent,absent,absent,a39_0,present,absent,present,present,present,absent,present,present,present,a1_0,absent,absent,a299_0,active,absent,a9_0
a39_0,absent,present,present,present,a1_0,present,present,absent,a34_0,absent,present,present,absent,a239_0,present,absent,present,present,present,present,present,a109_70,a70_50,present,a299_150,present,absent,present,absent,absent,absent,absent,present,a49_15,a239_0,absent,absent,present,absent,absent,a10_6,absent,female,present,absent,age65_100,present,absent,absent,absent,absent,absent,a149_40,present,present,absent,present,absent,present,present,present,present,a19_7,absent,present,a299_0,absent,absent,a9_0
a39_0,absent,present,absent,present,a1_0,present,present,absent,a99_35,absent,present,present,present,a239_0,present,absent,absent,present,present,present,present,a69_0,a70_50,present,a597_300,present,absent,absent,present,absent,present,present,present,a49_15,a239_0,absent,present,present,absent,decompensate,a10_6,absent,female,present,absent,age65_100,present,present,absent,absent,absent,present,a149_40,present,absent,present,present,present,absent,absent,present,present,a6_2,absent,present,a299_0,active,absent,a9_0
a39_0,absent,present,absent,absent,a17_4,present,absent,absent,a34_0,absent,present,absent,present,a999_350,present,absent,present,absent,present,absent,present,a109_70,a70_50,present,a597_300,absent,absent,absent,present,absent,absent,present,present,a14_0,a239_0,absent,absent,absent,present,decompensate,a10_6,absent,female,absent,present,age51_65,present,present,present,present,absent,present,a399_150,present,absent,present,absent,present,absent,present,absent,present,a6_2,absent,present,a299_0,active,absent,a9_0
a165_50,absent,present,present,present,a17_4,present,present,absent,a199_100,absent,present,present,present,a999_350,present,present,present,present,absent,present,present,a109_70,a70_50,present,a299_150,absent,present,present,present,present,absent,absent,absent,a14_0,a239_0,present,present,present,present,decompensate,a10_6,absent,female,present,present,age65_100,present,present,present,present,absent,present,a39_0,present,absent,present,present,present,absent,present,present,present,a6_2,present,present,a299_0,active,absent,a9_0
a39_0,absent,absent,present,present,a1_0,present,present,absent,a99_35,absent,present,present,present,a349_240,present,absent,present,present,absent,absent,absent,a109_70,a70_50,absent,a299_150,absent,present,present,absent,present,present,present,present,a200_50,a4000_700,absent,absent,present,absent,absent,a10_6,absent,female,absent,absent,age65_100,absent,absent,present,absent,absent,absent,a399_150,present,absent,absent,absent,absent,absent,present,present,present,a19_7,absent,present,a299_0,absent,absent,a69_30
a39_0,absent,absent,present,present,a1_0,absent,present,absent,a99_35,absent,present,present,present,a239_0,present,absent,present,present,absent,present,present,a109_70,a70_50,absent,a299_150,absent,absent,present,absent,absent,absent,present,present,a14_0,a239_0,present,present,present,absent,absent,a10_6,absent,female,present,absent,age65_100,present,absent,absent,absent,absent,absent,a399_150,present,absent,present,present,present,absent,present,present,present,a6_2,absent,present,a299_0,active,absent,a9_0
a39_0,absent,present,present,present,a1_0,present,present,absent,a199_100,absent,present,present,absent,a239_0,absent,absent,present,present,absent,absent,present,a109_70,a70_50,absent,a299_150,present,absent,absent,absent,absent,absent,absent,present,a14_0,a4000_700,present,present,present,absent,absent,a10_6,absent,female,present,absent,age51_65,present,present,present,absent,absent,absent,a399_150,present,present,present,absent,present,present,present,present,present,a6_2,absent,present,a299_0,active,absent,a69_30
a39_0,absent,absent,present,present,a1_0,present,present,absent,a199_100,absent,present,present,absent,a349_240,absent,absent,present,present,absent,absent,present,a109_70,a70_50,absent,a149_100,present,absent,absent,absent,absent,present,absent,present,a14_0,a699_240,absent,present,present,absent,compensate,a10_6,absent,female,present,absent,age65_100,present,absent,absent,absent,absent,present,a149_40,present,present,present,present,present,absent,present,present,present,a6_2,absent,present,a299_0,active,absent,a9_0
a39_0,absent,absent,present,present,a1_0,absent,absent,absent,a99_35,absent,present,present,absent,a999_350,present,absent,present,present,present,absent,present,a109_70,a70_50,absent,a299_150,present,absent,absent,absent,absent,absent,absent,present,a14_0,a4000_700,present,absent,present,absent,absent,a10_6,absent,female,present,absent,age65_100,absent,absent,absent,absent,absent,absent,a149_40,present,present,absent,present,absent,absent,present,present,present,a19_7,absent,present,a299_0,absent,absent,a9_0
a39_0,absent,present,present,present,a1_0,present,present,absent,a34_0,absent,present,present,present,a349_240,absent,absent,present,present,absent,present,present,a109_70,a70_50,absent,a149_100,absent,present,absent,absent,present,present,present,present,a14_0,a699_240,absent,present,present,absent,compensate,a10_6,absent,female,present,absent,age65_100,present,absent,absent,absent,absent,absent,a39_0,present,absent,present,present,present,absent,present,present,present,a1_0,absent,absent,a299_0,active,absent,a9_0
a39_0,absent,present,present,present,a1_0,absent,present,absent,a850_200,absent,present,present,present,a239_0,absent,absent,present,present,absent,present,present,a109_70,a70_50,absent,a149_100,present,present,absent,absent,present,absent,present,present,a49_15,a699_240,present,present,present,absent,compensate,a10_6,absent,female,present,absent,age51_65,present,absent,absent,absent,absent,absent,a39_0,present,absent,present,present,present,present,absent,present,present,a1_0,absent,absent,a299_0,active,absent,a69_30
a39_0,absent,present,present,absent,a17_4,present,absent,absent,a34_0,absent,present,present,present,a239_0,absent,absent,absent,present,present,present,absent,a109_70,a70_50,absent,a299_150,present,absent,absent,absent,absent,present,absent,present,a14_0,a239_0,present,absent,present,absent,absent,a10_6,absent,female,absent,present,age65_100,present,absent,absent,absent,absent,absent,a149_40,present,present,absent,present,absent,absent,present,absent,present,a19_7,absent,present,a299_0,absent,absent,a640_70
a39_0,absent,present,absent,present,a1_0,present,present,absent,a34_0,absent,present,absent,present,a239_0,present,absent,absent,absent,present,absent,present,a109_70,a70_50,absent,a299_150,present,absent,absent,absent,absent,absent,present,present,a49_15,a239_0,absent,absent,absent,absent,absent,a10_6,absent,female,present,absent,age65_100,present,absent,absent,absent,absent,absent,a149_40,present,present,absent,present,absent,present,present,absent,present,a6_2,absent,present,a299_0,absent,absent,a9_0
a39_0,absent,present,present,present,a1_0,absent,present,absent,a34_0,absent,present,present,present,a239_0,absent,absent,present,present,present,present,present,a109_70,a70_50,absent,a299_150,present,absent,absent,absent,absent,present,present,present,a49_15,a699_240,absent,present,present,absent,compensate,a10_6,absent,female,present,absent,age65_100,present,absent,absent,absent,absent,absent,a149_40,present,present,present,absent,present,absent,present,present,present,a1_0,absent,present,a299_0,active,absent,a69_30
a39_0,absent,absent,present,absent,a1_0,absent,absent,absent,a199_100,absent,present,present,absent,a239_0,absent,absent,absent,present,present,present,present,a109_70,a70_50,absent,a99_0,present,absent,absent,absent,absent,absent,absent,present,a14_0,a239_0,absent,present,present,absent,absent,a10_6,absent,female,absent,absent,age65_100,present,absent,absent,absent,absent,absent,a399_150,absent,present,present,present,present,present,present,present,present,a1_0,absent,absent,a299_0,active,absent,a9_0
a165_50,absent,absent,absent,present,a17_4,absent,present,absent,a99_35,absent,present,present,present,a999_350,present,present,present,absent,present,absent,present,a109_70,a70_50,absent,a299_150,present,present,absent,absent,present,absent,present,present,a49_15,a239_0,present,absent,absent,absent,absent,a10_6,absent,female,present,present,age65_100,present,absent,absent,absent,absent,absent,a149_40,present,present,absent,present,absent,absent,present,absent,present,a6_2,present,present,a299_0,absent,absent,a640_70
a165_50,absent,absent,present,present,a17_4,present,present,absent,a99_35,absent,present,present,present,a999_350,present,present,present,present,absent,present,present,a109_70,a70_50,present,a597_300,present,present,absent,present,present,absent,present,present,a14_0,a239_0,absent,present,present,present,decompensate,a10_6,absent,male,present,present,age65_100,present,present,present,present,absent,present,a149_40,present,present,present,absent,present,absent,present,present,present,a6_2,present,present,a299_0,active,absent,a9_0
a39_0,absent,absent,present,present,a1_0,present,present,absent,a850_200,absent,absent,present,present,a239_0,absent,absent,absent,present,present,present,present,a109_70,a70_50,absent,a149_100,absent,present,present,absent,absent,absent,present,present,a14_0,a699_240,absent,present,present,absent,compensate,a10_6,absent,female,present,absent,age65_100,present,absent,absent,absent,absent,absent,a39_0,present,absent,present,present,present,present,present,present,present,a6_2,absent,present,a299_0,active,absent,a9_0
a39_0,absent,present,present,present,a1_0,present,present,absent,a34_0,absent,present,present,present,a349_240,absent,absent,present,present,present,present,present,a109_70,a70_50,absent,a149_100,present,present,absent,present,present,present,present,present,a49_15,a239_0,absent,present,present,absent,compensate,a10_6,absent,female,absent,absent,age65_100,present,absent,absent,absent,absent,present,a39_0,present,absent,present,present,present,absent,absent,present,present,a6_2,absent,present,a299_0,active,absent,a69_30
a39_0,absent,present,present,present,a1_0,present,present,absent,a99_35,absent,present,present,present,a349_240,present,absent,present,present,present,present,present,a109_70,a29_0,present,a597_300,absent,absent,absent,present,absent,absent,present,present,a49_15,a239_0,absent,present,present,present,decompensate,a10_6,absent,female,present,absent,age65_100,present,present,present,present,absent,present,a149_40,present,absent,present,absent,present,present,absent,present,present,a6_2,absent,present,a299_0,active,absent,a29_10
a39_0,absent,present,absent,present,a1_0,absent,present,absent,a99_35,absent,present,present,present,a999_350,absent,absent,present,present,absent,present,present,a109_70,a70_50,absent,a299_150,present,present,present,absent,present,present,present,present,a14_0,a4000_700,absent,present,present,absent,absent,a10_6,absent,female,present,present,age65_100,present,absent,present,absent,absent,absent,a39_0,present,present,present,present,absent,absent,present,present,present,a6_2,absent,present,a299_0,active,absent,a29_10
a39_0,absent,absent,present,absent,a1_0,present,absent,absent,a99_35,absent,absent,absent,absent,a239_0,present,absent,absent,present,present,present,present,a109_70,a70_50,absent,a299_150,present,absent,present,absent,absent,absent,absent,present,a49_15,a699_240,present,absent,present,present,absent,a10_6,absent,female,present,absent,age31_50,present,absent,absent,absent,absent,present,a149_40,present,present,absent,absent,absent,present,present,present,present,a19_7,absent,present,a299_0,absent,absent,a9_0
a39_0,absent,present,absent,present,a1_0,absent,present,absent,a99_35,absent,present,present,absent,a239_0,present,absent,absent,absent,present,absent,present,a109_70,a70_50,present,a299_150,present,absent,absent,absent,absent,absent,absent,present,a200_50,a239_0,absent,absent,absent,absent,absent,a10_6,absent,female,absent,absent,age65_100,present,absent,absent,absent,absent,absent,a149_40,present,present,absent,present,absent,present,present,absent,present,a1_0,present,absent,a299_0,absent,absent,a9_0
a39_0,absent,present,present,present,a1_0,present,present,absent,a34_0,absent,present,present,absent,a239_0,present,absent,present,present,absent,present,present,a109_70,a70_50,absent,a299_150,present,absent,absent,absent,absent,absent,absent,present,a14_0,a4000_700,absent,present,present,absent,absent,a10_6,absent,female,present,absent,age51_65,present,absent,absent,present,absent,absent,a399_150,present,present,present,present,absent,present,absent,present,present,a6_2,absent,present,a299_0,active,absent,a9_0
a39_0,absent,absent,present,absent,a1_0,present,absent,absent,a99_35,absent,present,present,present,a239_0,present,absent,absent,present,present,present,present,a109_70,a70_50,absent,a299_150,absent,absent,absent,absent,absent,absent,present,present,a14_0,a239_0,absent,present,present,absent,absent,a10_6,absent,female,present,absent,age65_100,present,absent,absent,absent,absent,absent,a149_40,absent,absent,present,present,absent,present,present,present,present,a1_0,absent,absent,a299_0,active,absent,a69_30
a39_0,absent,present,absent,present,a17_4,present,present,absent,a34_0,present,present,absent,present,a349_240,present,absent,present,absent,present,absent,absent,a69_0,a70_50,present,a597_300,present,absent,absent,present,absent,present,present,present,a49_15,a239_0,absent,absent,absent,present,decompensate,a10_6,absent,female,absent,present,age65_100,present,present,present,present,absent,present,a149_40,present,present,present,present,absent,absent,present,absent,present,a19_7,absent,present,a299_0,absent,absent,a29_10
a39_0,absent,absent,present,absent,a1_0,present,absent,absent,a199_100,absent,present,present,absent,a239_0,present,absent,present,present,present,present,present,a109_70,a70_50,absent,a149_100,present,absent,absent,absent,absent,present,absent,present,a49_15,a699_240,absent,present,present,absent,compensate,a10_6,absent,female,present,absent,age65_100,present,absent,absent,absent,absent,present,a39_0,present,present,present,present,present,absent,present,present,present,a1_0,absent,absent,a299_0,active,absent,a69_30
a39_0,absent,present,present,present,a1_0,present,present,absent,a99_35,absent,present,present,present,a349_240,absent,absent,present,present,absent,present,present,a109_70,a70_50,absent,a299_150,absent,present,absent,absent,absent,present,present,present,a200_50,a4000_700,absent,absent,present,absent,absent,a10_6,absent,female,absent,absent,age65_100,absent,absent,absent,absent,absent,absent,a149_40,present,absent,absent,present,absent,absent,absent,present,present,a19_7,present,present,a299_0,absent,absent,a69_30
a39_0,absent,present,present,present,a17_4,present,present,absent,a99_35,absent,present,present,present,a999_350,present,absent,present,present,present,absent,present,a109_70,a70_50,present,a597_300,present,present,present,absent,present,absent,present,present,a14_0,a239_0,absent,present,present,present,decompensate,a10_6,absent,female,present,present,age65_100,present,present,present,present,absent,present,a149_40,present,present,present,present,present,absent,present,present,present,a6_2,absent,present,a299_0,active,absent,a9_0
a39_0,absent,absent,absent,present,a1_0,absent,present,absent,a99_35,absent,present,absent,present,a349_240,present,absent,present,absent,present,absent,absent,a109_70,a70_50,absent,a299_150,present,absent,absent,absent,absent,present,present,present,a200_50,a239_0,present,absent,absent,absent,absent,a10_6,absent,female,present,absent,age65_100,present,absent,absent,absent,absent,absent,a149_40,present,present,absent,present,absent,absent,present,absent,present,a6_2,absent,present,a299_0,absent,absent,a9_0
a39_0,absent,present,present,absent,a1_0,present,absent,absent,a99_35,absent,present,present,present,a349_240,present,absent,absent,present,absent,absent,present,a109_70,a70_50,absent,a299_150,absent,absent,absent,absent,absent,absent,present,present,a200_50,a4000_700,absent,absent,present,absent,absent,a10_6,absent,female,absent,absent,age65_100,present,absent,absent,absent,absent,absent,a149_40,present,absent,absent,present,absent,present,present,present,present,a1_0,absent,present,a299_0,absent,absent,a640_70
a39_0,absent,present,present,present,a1_0,absent,present,absent,a99_35,absent,present,present,present,a349_240,absent,absent,present,present,absent,absent,present,a109_70,a70_50,absent,a299_150,absent,absent,absent,absent,absent,present,present,present,a14_0,a239_0,absent,present,present,absent,absent,a10_6,absent,female,absent,absent,age65_100,present,absent,absent,absent,absent,absent,a149_40,present,absent,absent,present,present,present,absent,present,absent,a6_2,absent,present,a299_0,active,absent,a9_0
a39_0,absent,present,absent,present,a1_0,absent,present,absent,a99_35,absent,present,present,absent,a239_0,absent,absent,absent,absent,present,absent,present,a109_70,a70_50,absent,a299_150,present,present,absent,absent,absent,absent,absent,present,a200_50,a239_0,absent,absent,absent,absent,absent,a10_6,absent,female,present,absent,age65_100,present,absent,absent,absent,absent,absent,a149_40,present,present,absent,present,absent,present,absent,absent,absent,a1_0,absent,absent,a299_0,absent,absent,a29_10
a39_0,absent,absent,present,absent,a1_0,present,absent,absent,a199_100,absent,present,present,present,a239_0,absent,absent,absent,present,present,present,present,a109_70,a70_50,absent,a299_150,present,absent,present,absent,absent,present,present,present,a200_50,a239_0,present,present,present,present,absent,a10_6,absent,female,present,absent,age65_100,present,absent,absent,absent,absent,absent,a149_40,present,absent,present,present,present,absent,absent,present,present,a6_2,absent,present,a299_0,active,absent,a9_0
a165_50,absent,absent,present,present,a17_4,present,present,absent,a99_35,absent,present,present,present,a999_350,present,present,present,present,absent,present,present,a109_70,a70_50,present,a597_300,present,present,present,absent,present,present,present,present,a14_0,a239_0,absent,present,present,present,decompensate,a10_6,absent,female,present,present,age65_100,present,present,present,present,absent,present,a149_40,present,present,present,absent,present,absent,present,present,absent,a6_2,present,present,a299_0,active,absent,a9_0
a165_50,absent,present,present,absent,a17_4,present,absent,absent,a99_35,absent,present,present,present,a999_350,present,present,present,present,absent,absent,present,a109_70,a70_50,present,a597_300,present,present,absent,absent,present,absent,present,present,a14_0,a239_0,absent,present,present,present,decompensate,a10_6,absent,female,absent,present,age51_65,present,present,present,present,absent,present,a149_40,present,present,present,present,present,absent,present,present,present,a1_0,present,absent,a299_0,active,absent,a29_10
a39_0,absent,absent,present,present,a17_4,absent,present,absent,a99_35,absent,present,present,present,a239_0,absent,absent,present,present,present,present,present,a109_70,a70_50,absent,a299_150,present,absent,present,absent,absent,absent,absent,present,a49_15,a239_0,absent,absent,present,absent,absent,a10_6,absent,female,present,present,age51_65,absent,absent,absent,absent,absent,present,a149_40,present,present,absent,present,absent,absent,present,present,present,a19_7,absent,present,a299_0,absent,absent,a29_10
a39_0,absent,present,absent,absent,a1_0,present,absent,absent,a99_35,absent,absent,absent,present,a239_0,present,absent,present,absent,present,absent,present,a109_70,a70_50,absent,a299_150,absent,absent,absent,absent,absent,present,present,present,a14_0,a699_240,present,present,absent,absent,absent,a10_6,absent,female,present,absent,age65_100,present,present,absent,absent,absent,present,a149_40,present,absent,absent,present,absent,absent,present,absent,present,a88_20,absent,present,a299_0,persistent,absent,a9_0
a39_0,absent,present,present,present,a1_0,absent,present,absent,a99_35,absent,present,present,present,a349_240,present,absent,present,absent,absent,absent,present,a109_70,a70_50,absent,a299_150,absent,present,absent,absent,present,absent,present,present,a49_15,a239_0,absent,absent,absent,absent,absent,a10_6,absent,female,absent,absent,age65_100,present,absent,absent,absent,absent,absent,a149_40,present,absent,absent,present,absent,absent,absent,absent,absent,a6_2,absent,present,a299_0,absent,absent,a69_30
a39_0,absent,absent,present,present,a1_0,present,present,absent,a34_0,absent,present,present,present,a349_240,present,absent,present,present,absent,present,present,a109_70,a70_50,absent,a299_150,present,absent,absent,absent,absent,present,present,present,a49_15,a4000_700,present,present,present,absent,absent,a10_6,absent,female,present,absent,age65_100,present,absent,present,absent,absent,absent,a39_0,present,present,present,present,present,present,present,present,present,a6_2,absent,present,a299_0,active,absent,a69_30
a39_0,absent,present,present,present,a1_0,present,present,absent,a34_0,absent,present,present,absent,a239_0,absent,absent,present,present,present,absent,present,a109_70,a70_50,absent,a149_100,present,absent,absent,absent,absent,present,absent,present,a14_0,a699_240,absent,present,present,absent,compensate,a10_6,absent,female,absent,absent,age65_100,present,present,absent,absent,absent,absent,a149_40,present,present,present,absent,present,present,present,present,present,a1_0,absent,absent,a299_0,active,absent,a69_30
a165_50,absent,absent,present,present,a1_0,present,present,absent,a99_35,absent,present,present,present,a999_350,present,present,present,present,present,present,present,a109_70,a70_50,present,a597_300,present,present,present,absent,present,present,present,present,a49_15,a239_0,absent,present,present,present,decompensate,a10_6,absent,female,present,present,age65_100,present,present,present,present,absent,present,a149_40,present,present,present,absent,present,absent,present,present,present,a6_2,present,present,a299_0,active,absent,a9_0
a165_50,absent,absent,absent,present,a17_4,present,present,absent,a34_0,absent,present,present,present,a239_0,absent,present,absent,absent,absent,absent,present,a109_70,a70_50,absent,a299_150,absent,present,absent,absent,present,absent,present,present,a49_15,a4000_700,absent,absent,absent,absent,absent,a10_6,absent,female,absent,present,age65_100,present,absent,absent,absent,absent,absent,a39_0,present,absent,absent,absent,absent,absent,present,absent,present,a6_2,present,present,a299_0,absent,absent,a9_0
a39_0,absent,absent,present,absent,a1_0,absent,absent,absent,a99_35,absent,present,present,present,a239_0,absent,absent,present,present,present,present,absent,a109_70,a70_50,absent,a299_150,present,absent,absent,absent,absent,present,present,present,a14_0,a239_0,absent,present,present,absent,absent,a10_6,absent,female,absent,absent,age65_100,present,absent,absent,absent,absent,absent,a149_40,present,present,absent,present,absent,absent,present,present,present,a19_7,absent,present,a1400_500,absent,absent,a9_0
a39_0,absent,absent,present,absent,a1_0,present,absent,absent,a199_100,absent,present,present,absent,a349_240,absent,absent,present,present,present,present,present,a109_70,a70_50,absent,a299_150,present,absent,absent,absent,absent,present,absent,present,a14_0,a4000_700,present,present,present,absent,absent,a10_6,absent,female,present,absent,age65_100,present,absent,absent,absent,absent,absent,a399_150,present,present,present,present,present,present,present,present,present,a6_2,absent,absent,a299_0,active,absent,a69_30
a165_50,absent,absent,present,present,a1_0,absent,present,absent,a34_0,absent,absent,present,present,a999_350,absent,present,present,present,absent,present,absent,a109_70,a70_50,absent,a299_150,absent,absent,absent,absent,absent,present,present,present,a49_15,a4000_700,absent,absent,present,absent,absent,a10_6,absent,female,absent,absent,age51_65,present,absent,absent,absent,absent,absent,a149_40,present,absent,absent,present,absent,absent,present,present,present,a19_7,present,present,a299_0,absent,absent,a640_70
a39_0,absent,present,present,absent,a17_4,present,absent,absent,a99_35,absent,present,present,present,a239_0,absent,absent,absent,present,present,present,present,a109_70,a70_50,absent,a299_150,absent,present,absent,absent,present,absent,present,present,a14_0,a239_0,absent,present,present,absent,absent,a10_6,absent,female,present,present,age51_65,present,present,absent,absent,absent,absent,a39_0,absent,absent,present,present,absent,absent,present,present,present,a1_0,absent,present,a299_0,active,absent,a9_0
a39_0,absent,present,present,present,a17_4,present,present,absent,a34_0,absent,present,present,present,a999_350,present,absent,absent,present,present,present,present,a69_0,a70_50,present,a597_300,absent,present,present,absent,present,present,present,present,a49_15,a239_0,absent,present,present,present,decompensate,a10_6,absent,female,present,present,age65_100,present,present,present,absent,absent,present,a399_150,present,absent,present,present,present,absent,present,present,present,a6_2,absent,present,a299_0,active,absent,a9_0
a39_0,absent,present,present,absent,a1_0,present,absent,absent,a34_0,absent,present,present,present,a349_240,present,absent,present,present,present,absent,present,a109_70,a70_50,present,a299_150,present,absent,absent,absent,absent,absent,present,present,a14_0,a4000_700,absent,present,present,absent,absent,a10_6,absent,female,present,absent,age65_100,present,absent,present,absent,absent,absent,a399_150,present,present,present,present,present,absent,present,present,present,a6_2,absent,present,a299_0,active,absent,a69_30
a165_50,absent,absent,present,absent,a17_4,present,absent,absent,a99_35,absent,present,present,present,a999_350,present,present,present,present,present,present,present,a109_70,a70_50,present,a597_300,present,present,absent,present,present,absent,absent,present,a49_15,a239_0,absent,present,present,present,decompensate,a10_6,absent,female,present,present,age65_100,present,present,present,present,absent,present,a149_40,present,present,present,absent,present,absent,present,present,present,a6_2,present,present,a299_0,active,absent,a9_0
a39_0,absent,absent,present,present,a17_4,present,present,absent,a34_0,absent,absent,absent,present,a239_0,present,absent,present,present,present,present,present,a109_70,a70_50,absent,a299_150,absent,present,absent,absent,present,absent,present,present,a14_0,a4000_700,absent,absent,present,absent,absent,a10_6,absent,female,absent,present,age65_100,present,absent,absent,absent,absent,absent,a39_0,present,absent,absent,present,absent,absent,present,present,present,a19_7,absent,present,a299_0,absent,absent,a640_70
a39_0,absent,present,present,present,a1_0,present,present,absent,a99_35,absent,present,present,present,a239_0,absent,absent,present,present,absent,present,present,a109_70,a49_30,absent,a299_150,present,present,present,absent,present,absent,present,present,a200_50,a4000_700,absent,absent,present,absent,absent,a10_6,absent,female,absent,absent,age65_100,present,absent,absent,absent,absent,absent,a149_40,present,absent,absent,absent,absent,absent,absent,present,present,a1_0,absent,absent,a299_0,absent,absent,a69_30
a165_50,absent,present,present,present,a17_4,present,present,absent,a850_200,absent,present,present,present,a999_350,present,present,present,present,present,absent,present,a109_70,a70_50,present,a597_300,present,present,present,present,present,present,present,present,a49_15,a4000_700,absent,present,present,present,decompensate,a10_6,present,female,present,present,age65_100,present,present,present,present,absent,present,a149_40,present,present,present,present,present,absent,present,present,present,a6_2,present,present,a299_0,active,absent,a9_0
a39_0,absent,present,present,present,a1_0,absent,present,absent,a99_35,absent,present,present,present,a349_240,present,absent,present,present,absent,present,present,a109_70,a70_50,present,a597_300,present,absent,absent,present,absent,present,present,present,a49_15,a239_0,absent,present,present,present,decompensate,a10_6,absent,female,present,absent,age65_100,present,present,present,present,absent,present,a39_0,present,present,present,present,present,present,present,present,present,a6_2,absent,present,a299_0,active,absent,a69_30
a39_0,absent,present,present,present,a1_0,present,present,absent,a99_35,absent,present,present,absent,a349_240,absent,absent,absent,present,present,present,present,a109_70,a70_50,absent,a299_150,present,absent,present,absent,absent,present,absent,present,a200_50,a239_0,absent,absent,absent,absent,absent,a10_6,absent,female,absent,absent,age65_100,absent,absent,absent,absent,absent,present,a149_40,present,present,absent,present,absent,present,present,present,present,a19_7,absent,present,a299_0,absent,absent,a9_0
a39_0,absent,present,present,absent,a17_4,present,absent,absent,a34_0,absent,present,present,present,a999_350,present,absent,present,present,absent,present,present,a109_70,a70_50,present,a597_300,present,present,absent,present,present,absent,present,present,a14_0,a239_0,absent,present,present,present,decompensate,a10_6,absent,female,present,present,age65_100,present,present,present,absent,absent,present,a149_40,present,present,present,present,present,absent,present,present,present,a6_2,absent,present,a299_0,active,absent,a9_0
